2025-08-21 12:30:53,965 [INFO] Bot started...
2025-08-21 12:34:22,637 [INFO] Bot started...
2025-08-21 12:34:22,641 [INFO] Watching wallets: [Pubkey(
    CzYQ2kFnBxsNEt9Zy34vQ3n5fSDhvA4o4XaTnq1rLvyr,
), Pubkey(
    572K14tpmzqSd7htA4TRrRqRjneqN32KgTNc22F9deR2,
)]
2025-08-21 12:34:23,832 [INFO] HTTP Request: POST https://api.mainnet-beta.solana.com "HTTP/1.1 200 OK"
2025-08-21 12:34:25,178 [INFO] HTTP Request: POST https://api.mainnet-beta.solana.com "HTTP/1.1 200 OK"
2025-08-21 12:34:25,891 [INFO] Sent Telegram alert: \U0001f680 *Multi-Wallet Confirmation Detected!*

\U0001f4b0 CzYQ…Lvyr \u2192 [View Tx](https://explorer.solana.com/tx/39cp9cuG9LD3tJGwmRdYAGPJ6Epo57aRgYYgZmqdGyj89Jj8jim5ANUUF8EQUAjVpEyEmDHPJXpH7hWbdhVuyC5U)
\U0001f4b0 572K…deR2 \u2192 [View Tx](https://explorer.solana.com/tx/339aRHCbvjM8VtfeTZcEGQ9DgTZy98QFPzCEnPBxvT4EScm9cTFkTrRyjZNxaHymPKn64bPRWGZ5tnLabRtyTTTL)

2025-08-21 12:34:36,941 [INFO] HTTP Request: POST https://api.mainnet-beta.solana.com "HTTP/1.1 200 OK"
2025-08-21 12:34:37,982 [INFO] HTTP Request: POST https://api.mainnet-beta.solana.com "HTTP/1.1 429 Too Many Requests"
2025-08-21 12:34:37,983 [ERROR] Error checking wallet 572K14tpmzqSd7htA4TRrRqRjneqN32KgTNc22F9deR2: 
2025-08-21 12:34:48,973 [INFO] HTTP Request: POST https://api.mainnet-beta.solana.com "HTTP/1.1 200 OK"
2025-08-21 12:34:50,293 [INFO] HTTP Request: POST https://api.mainnet-beta.solana.com "HTTP/1.1 200 OK"
2025-08-21 12:34:51,001 [INFO] Sent Telegram alert: \U0001f680 *Multi-Wallet Confirmation Detected!*

\U0001f4b0 CzYQ…Lvyr \u2192 [View Tx](https://explorer.solana.com/tx/bn63zywdKuno3qf3iyKvcSbHxVVFHxiZ9iz7V5TX4nuaYTdkcGp6bNZ4Lb1YJF8DJkW49J67SHFtNF7F1tQpP6X)
\U0001f4b0 572K…deR2 \u2192 [View Tx](https://explorer.solana.com/tx/339aRHCbvjM8VtfeTZcEGQ9DgTZy98QFPzCEnPBxvT4EScm9cTFkTrRyjZNxaHymPKn64bPRWGZ5tnLabRtyTTTL)

2025-08-21 12:35:02,097 [INFO] HTTP Request: POST https://api.mainnet-beta.solana.com "HTTP/1.1 200 OK"
2025-08-21 12:35:03,503 [INFO] HTTP Request: POST https://api.mainnet-beta.solana.com "HTTP/1.1 200 OK"
2025-08-21 12:35:04,214 [INFO] Sent Telegram alert: \U0001f680 *Multi-Wallet Confirmation Detected!*

\U0001f4b0 CzYQ…Lvyr \u2192 [View Tx](https://explorer.solana.com/tx/JZktDHjr2zLsWF5HN5ydQznYNCKwcPtxkFZkNAS3HwzCTBpWmTRo1xriNt7zsRJUEh6hZqktG7oVkpHV21CGGWR)
\U0001f4b0 572K…deR2 \u2192 [View Tx](https://explorer.solana.com/tx/339aRHCbvjM8VtfeTZcEGQ9DgTZy98QFPzCEnPBxvT4EScm9cTFkTrRyjZNxaHymPKn64bPRWGZ5tnLabRtyTTTL)

2025-08-21 12:35:15,379 [INFO] HTTP Request: POST https://api.mainnet-beta.solana.com "HTTP/1.1 200 OK"
2025-08-21 12:35:17,009 [INFO] HTTP Request: POST https://api.mainnet-beta.solana.com "HTTP/1.1 200 OK"
2025-08-21 12:35:17,711 [INFO] Sent Telegram alert: \U0001f680 *Multi-Wallet Confirmation Detected!*

\U0001f4b0 CzYQ…Lvyr \u2192 [View Tx](https://explorer.solana.com/tx/4SHufCFteghEYva75Bby6zaCyXg1K8uW2H1LFPxAwnsQ7cQbhJ6pDKftyEYMJQBSestBQPP64ayQSfDMQnFrLxbG)
\U0001f4b0 572K…deR2 \u2192 [View Tx](https://explorer.solana.com/tx/339aRHCbvjM8VtfeTZcEGQ9DgTZy98QFPzCEnPBxvT4EScm9cTFkTrRyjZNxaHymPKn64bPRWGZ5tnLabRtyTTTL)

2025-08-21 12:35:28,676 [INFO] HTTP Request: POST https://api.mainnet-beta.solana.com "HTTP/1.1 200 OK"
2025-08-21 12:35:29,660 [INFO] HTTP Request: POST https://api.mainnet-beta.solana.com "HTTP/1.1 429 Too Many Requests"
2025-08-21 12:35:29,662 [ERROR] Error checking wallet 572K14tpmzqSd7htA4TRrRqRjneqN32KgTNc22F9deR2: 
2025-08-21 12:35:40,781 [INFO] HTTP Request: POST https://api.mainnet-beta.solana.com "HTTP/1.1 200 OK"
2025-08-21 12:35:42,139 [INFO] HTTP Request: POST https://api.mainnet-beta.solana.com "HTTP/1.1 200 OK"
2025-08-21 12:35:42,855 [INFO] Sent Telegram alert: \U0001f680 *Multi-Wallet Confirmation Detected!*

\U0001f4b0 CzYQ…Lvyr \u2192 [View Tx](https://explorer.solana.com/tx/4GFeQny3nPfqynHrYVhB8aXsxCkpXGj7XAt4PWAFKe92eZPUL5tZSoEActC8NF9zHxhE3oVE7cLwRPbQsJK4BXev)
\U0001f4b0 572K…deR2 \u2192 [View Tx](https://explorer.solana.com/tx/339aRHCbvjM8VtfeTZcEGQ9DgTZy98QFPzCEnPBxvT4EScm9cTFkTrRyjZNxaHymPKn64bPRWGZ5tnLabRtyTTTL)

2025-08-21 12:35:53,853 [INFO] HTTP Request: POST https://api.mainnet-beta.solana.com "HTTP/1.1 200 OK"
2025-08-21 12:35:55,234 [INFO] HTTP Request: POST https://api.mainnet-beta.solana.com "HTTP/1.1 200 OK"
2025-08-21 12:35:55,956 [INFO] Sent Telegram alert: \U0001f680 *Multi-Wallet Confirmation Detected!*

\U0001f4b0 CzYQ…Lvyr \u2192 [View Tx](https://explorer.solana.com/tx/PtKXWNFSoC2q65aeesdqwQeNshodNnXVdiJ6smHuzesut79p3Jp3VrJpNy82Fw1FN2UymBvY7ng2WbRS9pkRQVg)
\U0001f4b0 572K…deR2 \u2192 [View Tx](https://explorer.solana.com/tx/339aRHCbvjM8VtfeTZcEGQ9DgTZy98QFPzCEnPBxvT4EScm9cTFkTrRyjZNxaHymPKn64bPRWGZ5tnLabRtyTTTL)

2025-08-21 12:36:06,936 [INFO] HTTP Request: POST https://api.mainnet-beta.solana.com "HTTP/1.1 200 OK"
2025-08-21 12:36:08,288 [INFO] HTTP Request: POST https://api.mainnet-beta.solana.com "HTTP/1.1 200 OK"
2025-08-21 12:36:09,005 [INFO] Sent Telegram alert: \U0001f680 *Multi-Wallet Confirmation Detected!*

\U0001f4b0 CzYQ…Lvyr \u2192 [View Tx](https://explorer.solana.com/tx/5Q2oA7L3vC4Px7k5q6uyoGndzFxmqXSziRU13dEg4u5GbiEq9PmUW9N8md62vThhuwu3EMNF4udo8rjp3RZTGM2E)
\U0001f4b0 572K…deR2 \u2192 [View Tx](https://explorer.solana.com/tx/339aRHCbvjM8VtfeTZcEGQ9DgTZy98QFPzCEnPBxvT4EScm9cTFkTrRyjZNxaHymPKn64bPRWGZ5tnLabRtyTTTL)

2025-08-21 12:36:20,065 [INFO] HTTP Request: POST https://api.mainnet-beta.solana.com "HTTP/1.1 200 OK"
2025-08-21 12:36:21,056 [INFO] HTTP Request: POST https://api.mainnet-beta.solana.com "HTTP/1.1 429 Too Many Requests"
2025-08-21 12:36:21,057 [ERROR] Error checking wallet 572K14tpmzqSd7htA4TRrRqRjneqN32KgTNc22F9deR2: 
2025-08-21 12:38:03,225 [INFO] Bot started...
2025-08-21 12:38:03,225 [INFO] Watching wallets: [Pubkey(
    CzYQ2kFnBxsNEt9Zy34vQ3n5fSDhvA4o4XaTnq1rLvyr,
), Pubkey(
    572K14tpmzqSd7htA4TRrRqRjneqN32KgTNc22F9deR2,
)]
2025-08-21 12:38:04,339 [INFO] HTTP Request: POST https://api.mainnet-beta.solana.com "HTTP/1.1 200 OK"
2025-08-21 12:38:05,704 [INFO] HTTP Request: POST https://api.mainnet-beta.solana.com "HTTP/1.1 200 OK"
2025-08-21 12:38:06,537 [INFO] Sent Telegram alert: \U0001f680 *Multi-Wallet Confirmation Detected!*

\U0001f4b0 CzYQ…Lvyr \u2192 [View Tx](https://explorer.solana.com/tx/2Q6VftYFFarF3K54N7DCr8SpkAbfkUXoZHbLpyM5NcBtgKkpGfsvd6dsQLcCAhuEsVwR2GUQPurUN6Pc1uaYHfex)
\U0001f4b0 572K…deR2 \u2192 [View Tx](https://explorer.solana.com/tx/339aRHCbvjM8VtfeTZcEGQ9DgTZy98QFPzCEnPBxvT4EScm9cTFkTrRyjZNxaHymPKn64bPRWGZ5tnLabRtyTTTL)

2025-08-21 12:38:17,515 [INFO] HTTP Request: POST https://api.mainnet-beta.solana.com "HTTP/1.1 200 OK"
2025-08-21 12:38:18,610 [INFO] HTTP Request: POST https://api.mainnet-beta.solana.com "HTTP/1.1 429 Too Many Requests"
2025-08-21 12:38:18,611 [ERROR] Error checking wallet 572K14tpmzqSd7htA4TRrRqRjneqN32KgTNc22F9deR2: 
2025-08-21 12:38:29,628 [INFO] HTTP Request: POST https://api.mainnet-beta.solana.com "HTTP/1.1 200 OK"
2025-08-21 12:38:31,086 [INFO] HTTP Request: POST https://api.mainnet-beta.solana.com "HTTP/1.1 200 OK"
2025-08-21 12:38:31,821 [INFO] Sent Telegram alert: \U0001f680 *Multi-Wallet Confirmation Detected!*

\U0001f4b0 CzYQ…Lvyr \u2192 [View Tx](https://explorer.solana.com/tx/3bT8YPktfspqhKegmz3V8wvNbNwSU2kJ9Sb77ooXtxVpc3gqfVUpDvU3NmgwdRvjkD4RJ9AzD1DRAAS1ZaNAu1uk)
\U0001f4b0 572K…deR2 \u2192 [View Tx](https://explorer.solana.com/tx/339aRHCbvjM8VtfeTZcEGQ9DgTZy98QFPzCEnPBxvT4EScm9cTFkTrRyjZNxaHymPKn64bPRWGZ5tnLabRtyTTTL)

2025-08-21 12:38:42,877 [INFO] HTTP Request: POST https://api.mainnet-beta.solana.com "HTTP/1.1 200 OK"
2025-08-21 12:38:44,219 [INFO] HTTP Request: POST https://api.mainnet-beta.solana.com "HTTP/1.1 200 OK"
2025-08-21 12:38:44,922 [INFO] Sent Telegram alert: \U0001f680 *Multi-Wallet Confirmation Detected!*

\U0001f4b0 CzYQ…Lvyr \u2192 [View Tx](https://explorer.solana.com/tx/HQFYAuKUs2cqk6i2HvsH37s4ayg6KyX5qntBX33f4T6ek7vFdaTnx4a4KobuWWSXKJ1LFutMeoFUcvxoecBNWJM)
\U0001f4b0 572K…deR2 \u2192 [View Tx](https://explorer.solana.com/tx/339aRHCbvjM8VtfeTZcEGQ9DgTZy98QFPzCEnPBxvT4EScm9cTFkTrRyjZNxaHymPKn64bPRWGZ5tnLabRtyTTTL)

2025-08-21 12:38:55,975 [INFO] HTTP Request: POST https://api.mainnet-beta.solana.com "HTTP/1.1 200 OK"
2025-08-21 12:38:57,360 [INFO] HTTP Request: POST https://api.mainnet-beta.solana.com "HTTP/1.1 200 OK"
2025-08-21 12:38:58,083 [INFO] Sent Telegram alert: \U0001f680 *Multi-Wallet Confirmation Detected!*

\U0001f4b0 CzYQ…Lvyr \u2192 [View Tx](https://explorer.solana.com/tx/2VKGFJDAda6vfwDX2e2RxW3kBdtT2msN85K8TBe3D55jEHJ5j5Jor8s2adpk1DddXCdHQWTiDesSXUCYvtEP6iyC)
\U0001f4b0 572K…deR2 \u2192 [View Tx](https://explorer.solana.com/tx/339aRHCbvjM8VtfeTZcEGQ9DgTZy98QFPzCEnPBxvT4EScm9cTFkTrRyjZNxaHymPKn64bPRWGZ5tnLabRtyTTTL)

2025-08-21 12:39:09,229 [INFO] HTTP Request: POST https://api.mainnet-beta.solana.com "HTTP/1.1 200 OK"
2025-08-21 12:39:10,245 [INFO] HTTP Request: POST https://api.mainnet-beta.solana.com "HTTP/1.1 429 Too Many Requests"
2025-08-21 12:39:10,246 [ERROR] Error checking wallet 572K14tpmzqSd7htA4TRrRqRjneqN32KgTNc22F9deR2: 
2025-08-21 12:39:21,421 [INFO] HTTP Request: POST https://api.mainnet-beta.solana.com "HTTP/1.1 200 OK"
2025-08-21 12:39:24,444 [INFO] HTTP Request: POST https://api.mainnet-beta.solana.com "HTTP/1.1 200 OK"
2025-08-21 12:39:25,170 [INFO] Sent Telegram alert: \U0001f680 *Multi-Wallet Confirmation Detected!*

\U0001f4b0 CzYQ…Lvyr \u2192 [View Tx](https://explorer.solana.com/tx/3vzUEvN5h56my5LTxufaNTbRGBG6mjsaUTK7SYMWoV2BNp6JZpX6pRnY7iHB8wYreV5DmEQXbGA5HZLYhSZtdG4t)
\U0001f4b0 572K…deR2 \u2192 [View Tx](https://explorer.solana.com/tx/339aRHCbvjM8VtfeTZcEGQ9DgTZy98QFPzCEnPBxvT4EScm9cTFkTrRyjZNxaHymPKn64bPRWGZ5tnLabRtyTTTL)

2025-08-21 12:39:36,195 [INFO] HTTP Request: POST https://api.mainnet-beta.solana.com "HTTP/1.1 200 OK"
2025-08-21 12:39:37,641 [INFO] HTTP Request: POST https://api.mainnet-beta.solana.com "HTTP/1.1 200 OK"
2025-08-21 12:39:38,374 [INFO] Sent Telegram alert: \U0001f680 *Multi-Wallet Confirmation Detected!*

\U0001f4b0 CzYQ…Lvyr \u2192 [View Tx](https://explorer.solana.com/tx/2DqGnwcruPJ8XqgknzesDaiLCDcW8pnKLs4h649565f6WVaLcnz612UiKCACoww6BWxL5keGQHSF8UYRQPG9wU52)
\U0001f4b0 572K…deR2 \u2192 [View Tx](https://explorer.solana.com/tx/339aRHCbvjM8VtfeTZcEGQ9DgTZy98QFPzCEnPBxvT4EScm9cTFkTrRyjZNxaHymPKn64bPRWGZ5tnLabRtyTTTL)

2025-08-21 12:39:49,337 [INFO] HTTP Request: POST https://api.mainnet-beta.solana.com "HTTP/1.1 200 OK"
2025-08-21 12:39:50,324 [INFO] HTTP Request: POST https://api.mainnet-beta.solana.com "HTTP/1.1 429 Too Many Requests"
2025-08-21 12:39:50,325 [ERROR] Error checking wallet 572K14tpmzqSd7htA4TRrRqRjneqN32KgTNc22F9deR2: 
2025-08-21 12:40:01,457 [INFO] HTTP Request: POST https://api.mainnet-beta.solana.com "HTTP/1.1 200 OK"
2025-08-21 12:40:02,842 [INFO] HTTP Request: POST https://api.mainnet-beta.solana.com "HTTP/1.1 200 OK"
2025-08-21 12:40:03,553 [INFO] Sent Telegram alert: \U0001f680 *Multi-Wallet Confirmation Detected!*

\U0001f4b0 CzYQ…Lvyr \u2192 [View Tx](https://explorer.solana.com/tx/4dKvX2sBrCm6GdWsFoYVaYR2LbTJrxmzbWnjpxA5wRF3Qr2TXVPtJ7S2HTz1oe9xrtJQxtTWE2rTNPNNuhS4UBaP)
\U0001f4b0 572K…deR2 \u2192 [View Tx](https://explorer.solana.com/tx/339aRHCbvjM8VtfeTZcEGQ9DgTZy98QFPzCEnPBxvT4EScm9cTFkTrRyjZNxaHymPKn64bPRWGZ5tnLabRtyTTTL)

2025-08-21 12:40:14,575 [INFO] HTTP Request: POST https://api.mainnet-beta.solana.com "HTTP/1.1 200 OK"
2025-08-21 12:40:15,933 [INFO] HTTP Request: POST https://api.mainnet-beta.solana.com "HTTP/1.1 200 OK"
2025-08-21 12:40:16,639 [INFO] Sent Telegram alert: \U0001f680 *Multi-Wallet Confirmation Detected!*

\U0001f4b0 CzYQ…Lvyr \u2192 [View Tx](https://explorer.solana.com/tx/3GoH7v7ftCkLA1A6E2vEZxmrM6jFfcyoGmqEJQbSTzcTnGGbeQKj98p2MMCQBXvFRFBhe8gFTdvgbt2uBSrqnY8j)
\U0001f4b0 572K…deR2 \u2192 [View Tx](https://explorer.solana.com/tx/339aRHCbvjM8VtfeTZcEGQ9DgTZy98QFPzCEnPBxvT4EScm9cTFkTrRyjZNxaHymPKn64bPRWGZ5tnLabRtyTTTL)

2025-08-21 12:40:27,664 [INFO] HTTP Request: POST https://api.mainnet-beta.solana.com "HTTP/1.1 200 OK"
2025-08-21 12:40:29,214 [INFO] HTTP Request: POST https://api.mainnet-beta.solana.com "HTTP/1.1 200 OK"
2025-08-21 12:40:29,980 [INFO] Sent Telegram alert: \U0001f680 *Multi-Wallet Confirmation Detected!*

\U0001f4b0 CzYQ…Lvyr \u2192 [View Tx](https://explorer.solana.com/tx/4u2BAq4prhZKUfJHn6rF4NXvUiScpiqovk5kCVYNMenJqSiV5q9ceGdPJGPSUjdtpTAm2dAqfvqUxZi1CQLw7hus)
\U0001f4b0 572K…deR2 \u2192 [View Tx](https://explorer.solana.com/tx/339aRHCbvjM8VtfeTZcEGQ9DgTZy98QFPzCEnPBxvT4EScm9cTFkTrRyjZNxaHymPKn64bPRWGZ5tnLabRtyTTTL)

2025-08-21 12:40:41,068 [INFO] HTTP Request: POST https://api.mainnet-beta.solana.com "HTTP/1.1 200 OK"
2025-08-21 12:40:42,033 [INFO] HTTP Request: POST https://api.mainnet-beta.solana.com "HTTP/1.1 429 Too Many Requests"
2025-08-21 12:40:42,034 [ERROR] Error checking wallet 572K14tpmzqSd7htA4TRrRqRjneqN32KgTNc22F9deR2: 
2025-08-21 12:40:53,168 [INFO] HTTP Request: POST https://api.mainnet-beta.solana.com "HTTP/1.1 200 OK"
2025-08-21 12:40:54,565 [INFO] HTTP Request: POST https://api.mainnet-beta.solana.com "HTTP/1.1 200 OK"
2025-08-21 12:41:15,943 [ERROR] Telegram error: HTTPSConnectionPool(host='api.telegram.org', port=443): Max retries exceeded with url: /bot7553859737:AAHvOlNSgPAyKBEUTIM0dXKIGl2FCCOxWXw/sendMessage (Caused by ConnectTimeoutError(<urllib3.connection.HTTPSConnection object at 0x00000205786BF830>, 'Connection to api.telegram.org timed out. (connect timeout=None)'))
2025-08-21 12:41:27,059 [INFO] HTTP Request: POST https://api.mainnet-beta.solana.com "HTTP/1.1 200 OK"
2025-08-21 12:41:28,360 [INFO] HTTP Request: POST https://api.mainnet-beta.solana.com "HTTP/1.1 200 OK"
2025-08-21 12:41:29,069 [INFO] Sent Telegram alert: \U0001f680 *Multi-Wallet Confirmation Detected!*

\U0001f4b0 CzYQ…Lvyr \u2192 [View Tx](https://explorer.solana.com/tx/4B5UTwmw8U9ek7G2kiBk9KrXz7LTYQMGK4xGH3ab51kCtnmAeFZv45ZzHN8CRnirnhhBjRcXHKvG8rEpHQRcjScT)
\U0001f4b0 572K…deR2 \u2192 [View Tx](https://explorer.solana.com/tx/339aRHCbvjM8VtfeTZcEGQ9DgTZy98QFPzCEnPBxvT4EScm9cTFkTrRyjZNxaHymPKn64bPRWGZ5tnLabRtyTTTL)

2025-08-21 12:41:40,043 [INFO] HTTP Request: POST https://api.mainnet-beta.solana.com "HTTP/1.1 200 OK"
2025-08-21 12:41:41,004 [INFO] HTTP Request: POST https://api.mainnet-beta.solana.com "HTTP/1.1 429 Too Many Requests"
2025-08-21 12:41:41,005 [ERROR] Error checking wallet 572K14tpmzqSd7htA4TRrRqRjneqN32KgTNc22F9deR2: 
2025-08-21 12:41:52,003 [INFO] HTTP Request: POST https://api.mainnet-beta.solana.com "HTTP/1.1 200 OK"
2025-08-21 12:41:53,447 [INFO] HTTP Request: POST https://api.mainnet-beta.solana.com "HTTP/1.1 200 OK"
2025-08-21 12:41:54,157 [INFO] Sent Telegram alert: \U0001f680 *Multi-Wallet Confirmation Detected!*

\U0001f4b0 CzYQ…Lvyr \u2192 [View Tx](https://explorer.solana.com/tx/4pvunhUYK9cMmsd68oTL6mN9dv285UmgdYgubjPZYpynbs5fxhkThzY8fBk3sdvwYUgvXLYPnMu5kcrXcVbfhNWb)
\U0001f4b0 572K…deR2 \u2192 [View Tx](https://explorer.solana.com/tx/339aRHCbvjM8VtfeTZcEGQ9DgTZy98QFPzCEnPBxvT4EScm9cTFkTrRyjZNxaHymPKn64bPRWGZ5tnLabRtyTTTL)

2025-08-21 12:42:05,223 [INFO] HTTP Request: POST https://api.mainnet-beta.solana.com "HTTP/1.1 200 OK"
2025-08-21 12:42:06,576 [INFO] HTTP Request: POST https://api.mainnet-beta.solana.com "HTTP/1.1 200 OK"
2025-08-21 12:42:07,290 [INFO] Sent Telegram alert: \U0001f680 *Multi-Wallet Confirmation Detected!*

\U0001f4b0 CzYQ…Lvyr \u2192 [View Tx](https://explorer.solana.com/tx/4VSHG6tNqREhFM3C4bYrm94ycphTRoxq47PsNoEoSvgMzNtTjXCq2bKkcuCpUfdsWLJYRFeH1SwuoXfbvX6auyg5)
\U0001f4b0 572K…deR2 \u2192 [View Tx](https://explorer.solana.com/tx/339aRHCbvjM8VtfeTZcEGQ9DgTZy98QFPzCEnPBxvT4EScm9cTFkTrRyjZNxaHymPKn64bPRWGZ5tnLabRtyTTTL)

2025-08-21 12:42:18,306 [INFO] HTTP Request: POST https://api.mainnet-beta.solana.com "HTTP/1.1 200 OK"
2025-08-21 12:42:19,671 [INFO] HTTP Request: POST https://api.mainnet-beta.solana.com "HTTP/1.1 200 OK"
2025-08-21 12:42:20,396 [INFO] Sent Telegram alert: \U0001f680 *Multi-Wallet Confirmation Detected!*

\U0001f4b0 CzYQ…Lvyr \u2192 [View Tx](https://explorer.solana.com/tx/2FHAjXhqaMkA4r2hLwocjeG4Y3pDHekhyfHUgqzxRgdNfEg4Hsmf4ePzrvNB3LfngRuYVHBdUYyh61d9j28dtUFr)
\U0001f4b0 572K…deR2 \u2192 [View Tx](https://explorer.solana.com/tx/339aRHCbvjM8VtfeTZcEGQ9DgTZy98QFPzCEnPBxvT4EScm9cTFkTrRyjZNxaHymPKn64bPRWGZ5tnLabRtyTTTL)

2025-08-21 12:42:31,432 [INFO] HTTP Request: POST https://api.mainnet-beta.solana.com "HTTP/1.1 200 OK"
2025-08-21 12:42:32,416 [INFO] HTTP Request: POST https://api.mainnet-beta.solana.com "HTTP/1.1 429 Too Many Requests"
2025-08-21 12:42:32,417 [ERROR] Error checking wallet 572K14tpmzqSd7htA4TRrRqRjneqN32KgTNc22F9deR2: 
2025-08-21 12:42:43,522 [INFO] HTTP Request: POST https://api.mainnet-beta.solana.com "HTTP/1.1 200 OK"
2025-08-21 12:42:44,926 [INFO] HTTP Request: POST https://api.mainnet-beta.solana.com "HTTP/1.1 200 OK"
2025-08-21 12:42:45,710 [INFO] Sent Telegram alert: \U0001f680 *Multi-Wallet Confirmation Detected!*

\U0001f4b0 CzYQ…Lvyr \u2192 [View Tx](https://explorer.solana.com/tx/65Xqt8uVy4tsZZ9BBg2KNDzKLdg3vbkNHnySoUUiDcvtBUmRNmCQkk3Hoh13SZVS3VUiSzaX2AE5TQQ9esTPUTaC)
\U0001f4b0 572K…deR2 \u2192 [View Tx](https://explorer.solana.com/tx/339aRHCbvjM8VtfeTZcEGQ9DgTZy98QFPzCEnPBxvT4EScm9cTFkTrRyjZNxaHymPKn64bPRWGZ5tnLabRtyTTTL)

2025-08-21 12:42:56,718 [INFO] HTTP Request: POST https://api.mainnet-beta.solana.com "HTTP/1.1 200 OK"
2025-08-21 12:42:58,090 [INFO] HTTP Request: POST https://api.mainnet-beta.solana.com "HTTP/1.1 200 OK"
2025-08-21 12:42:58,802 [INFO] Sent Telegram alert: \U0001f680 *Multi-Wallet Confirmation Detected!*

\U0001f4b0 CzYQ…Lvyr \u2192 [View Tx](https://explorer.solana.com/tx/2tRGhdHhU5PurUKjKSQh4qvHYd3LERzot9H3Ymutfi49p66ubFh4iKoLdyknrqCS1rBAFHeyHmXUUS2du5B42pHu)
\U0001f4b0 572K…deR2 \u2192 [View Tx](https://explorer.solana.com/tx/339aRHCbvjM8VtfeTZcEGQ9DgTZy98QFPzCEnPBxvT4EScm9cTFkTrRyjZNxaHymPKn64bPRWGZ5tnLabRtyTTTL)

2025-08-21 12:43:09,813 [INFO] HTTP Request: POST https://api.mainnet-beta.solana.com "HTTP/1.1 200 OK"
2025-08-21 12:43:11,166 [INFO] HTTP Request: POST https://api.mainnet-beta.solana.com "HTTP/1.1 200 OK"
2025-08-21 12:43:11,900 [INFO] Sent Telegram alert: \U0001f680 *Multi-Wallet Confirmation Detected!*

\U0001f4b0 CzYQ…Lvyr \u2192 [View Tx](https://explorer.solana.com/tx/2kcV7ndugiKm5HdxDm1gcazC3AgKkbaibtGiJtjPGpxAcmuV6Bm961XE7aCkx8UAyXbAEnMJzJMiRsEkJeSGKwUq)
\U0001f4b0 572K…deR2 \u2192 [View Tx](https://explorer.solana.com/tx/339aRHCbvjM8VtfeTZcEGQ9DgTZy98QFPzCEnPBxvT4EScm9cTFkTrRyjZNxaHymPKn64bPRWGZ5tnLabRtyTTTL)

2025-08-21 12:43:23,368 [INFO] HTTP Request: POST https://api.mainnet-beta.solana.com "HTTP/1.1 200 OK"
2025-08-21 12:43:24,760 [INFO] HTTP Request: POST https://api.mainnet-beta.solana.com "HTTP/1.1 429 Too Many Requests"
2025-08-21 12:43:24,761 [ERROR] Error checking wallet 572K14tpmzqSd7htA4TRrRqRjneqN32KgTNc22F9deR2: 
2025-08-21 12:43:35,733 [INFO] HTTP Request: POST https://api.mainnet-beta.solana.com "HTTP/1.1 200 OK"
2025-08-21 12:43:37,334 [INFO] HTTP Request: POST https://api.mainnet-beta.solana.com "HTTP/1.1 200 OK"
2025-08-21 12:43:38,055 [INFO] Sent Telegram alert: \U0001f680 *Multi-Wallet Confirmation Detected!*

\U0001f4b0 CzYQ…Lvyr \u2192 [View Tx](https://explorer.solana.com/tx/22JchU9aFNzjYV9LFBTCyATgsbqJBy1nZFzgpbaQoxKqasdN6TThNp6R72qeLbN5kTkX5yvvPm57UTHEuGMgYQUm)
\U0001f4b0 572K…deR2 \u2192 [View Tx](https://explorer.solana.com/tx/339aRHCbvjM8VtfeTZcEGQ9DgTZy98QFPzCEnPBxvT4EScm9cTFkTrRyjZNxaHymPKn64bPRWGZ5tnLabRtyTTTL)

2025-08-21 12:43:49,131 [INFO] HTTP Request: POST https://api.mainnet-beta.solana.com "HTTP/1.1 200 OK"
2025-08-21 12:43:50,600 [INFO] HTTP Request: POST https://api.mainnet-beta.solana.com "HTTP/1.1 200 OK"
2025-08-21 12:43:51,317 [INFO] Sent Telegram alert: \U0001f680 *Multi-Wallet Confirmation Detected!*

\U0001f4b0 CzYQ…Lvyr \u2192 [View Tx](https://explorer.solana.com/tx/3rWAQANrTdEPYrkvZ3b3MRgCa1ynMgTu6x2boYkAXMNwHsXR4zEyRGr1sQQHDMiBqLQW8bDW3Rfjm3hKYHMB3QDY)
\U0001f4b0 572K…deR2 \u2192 [View Tx](https://explorer.solana.com/tx/339aRHCbvjM8VtfeTZcEGQ9DgTZy98QFPzCEnPBxvT4EScm9cTFkTrRyjZNxaHymPKn64bPRWGZ5tnLabRtyTTTL)

2025-08-21 12:44:02,468 [INFO] HTTP Request: POST https://api.mainnet-beta.solana.com "HTTP/1.1 200 OK"
2025-08-21 12:44:03,930 [INFO] HTTP Request: POST https://api.mainnet-beta.solana.com "HTTP/1.1 200 OK"
2025-08-21 12:44:04,671 [INFO] Sent Telegram alert: \U0001f680 *Multi-Wallet Confirmation Detected!*

\U0001f4b0 CzYQ…Lvyr \u2192 [View Tx](https://explorer.solana.com/tx/SsZLEPKeZf3VdE9fnk6vZiLk2JeXpbYk7hfbp8G2669pKFqe1KKhruRrHhzq1ztmBaWAZYLZbA5Vjrq3rc8EoJY)
\U0001f4b0 572K…deR2 \u2192 [View Tx](https://explorer.solana.com/tx/339aRHCbvjM8VtfeTZcEGQ9DgTZy98QFPzCEnPBxvT4EScm9cTFkTrRyjZNxaHymPKn64bPRWGZ5tnLabRtyTTTL)

2025-08-21 12:45:23,113 [INFO] Bot started...
2025-08-21 12:45:23,115 [INFO] Watching wallets: [Pubkey(
    CzYQ2kFnBxsNEt9Zy34vQ3n5fSDhvA4o4XaTnq1rLvyr,
), Pubkey(
    572K14tpmzqSd7htA4TRrRqRjneqN32KgTNc22F9deR2,
)]
2025-08-21 12:45:24,240 [INFO] HTTP Request: POST https://api.mainnet-beta.solana.com "HTTP/1.1 200 OK"
2025-08-21 12:45:25,581 [INFO] HTTP Request: POST https://api.mainnet-beta.solana.com "HTTP/1.1 200 OK"
2025-08-21 12:45:26,306 [INFO] Sent Telegram alert: \U0001f680 *Multi-Wallet Confirmation Detected!*

\U0001f4b0 CzYQ…Lvyr \u2192 [View Tx](https://explorer.solana.com/tx/4gokuPf6eA2L7cFQ4VXg6DRh6DA5vZXn5vDyNh1dN2Tqoy2nU12aD5UaKL3hPtneKHcaCVNNS3srS7LED6qfopxY)
\U0001f4b0 572K…deR2 \u2192 [View Tx](https://explorer.solana.com/tx/339aRHCbvjM8VtfeTZcEGQ9DgTZy98QFPzCEnPBxvT4EScm9cTFkTrRyjZNxaHymPKn64bPRWGZ5tnLabRtyTTTL)

2025-08-21 12:45:37,329 [INFO] HTTP Request: POST https://api.mainnet-beta.solana.com "HTTP/1.1 200 OK"
2025-08-21 12:45:38,486 [INFO] HTTP Request: POST https://api.mainnet-beta.solana.com "HTTP/1.1 429 Too Many Requests"
2025-08-21 12:45:38,487 [ERROR] Error checking wallet 572K14tpmzqSd7htA4TRrRqRjneqN32KgTNc22F9deR2: 
2025-08-21 12:45:49,528 [INFO] HTTP Request: POST https://api.mainnet-beta.solana.com "HTTP/1.1 200 OK"
2025-08-21 12:45:50,893 [INFO] HTTP Request: POST https://api.mainnet-beta.solana.com "HTTP/1.1 200 OK"
2025-08-21 12:45:51,603 [INFO] Sent Telegram alert: \U0001f680 *Multi-Wallet Confirmation Detected!*

\U0001f4b0 CzYQ…Lvyr \u2192 [View Tx](https://explorer.solana.com/tx/61YY1k6YHMaLsMXVAunh6sDZXG5MH4bUBv3sUzwMNpGdzMohw2HxBC24GaT2SZEkfsCZz14HpWDALHBYLm7VMFJF)
\U0001f4b0 572K…deR2 \u2192 [View Tx](https://explorer.solana.com/tx/339aRHCbvjM8VtfeTZcEGQ9DgTZy98QFPzCEnPBxvT4EScm9cTFkTrRyjZNxaHymPKn64bPRWGZ5tnLabRtyTTTL)

2025-08-21 12:46:02,748 [INFO] HTTP Request: POST https://api.mainnet-beta.solana.com "HTTP/1.1 200 OK"
2025-08-21 12:46:04,125 [INFO] HTTP Request: POST https://api.mainnet-beta.solana.com "HTTP/1.1 200 OK"
2025-08-21 12:46:04,852 [INFO] Sent Telegram alert: \U0001f680 *Multi-Wallet Confirmation Detected!*

\U0001f4b0 CzYQ…Lvyr \u2192 [View Tx](https://explorer.solana.com/tx/3kM3mYfDHetgJm2kFLtVL6MXLffqTGY6E2qgyGQb74T8ms2sW7jcTcEMwXzznvggGKiuu7oxkxttfS9F8fUW33fV)
\U0001f4b0 572K…deR2 \u2192 [View Tx](https://explorer.solana.com/tx/339aRHCbvjM8VtfeTZcEGQ9DgTZy98QFPzCEnPBxvT4EScm9cTFkTrRyjZNxaHymPKn64bPRWGZ5tnLabRtyTTTL)

2025-08-21 12:46:16,030 [INFO] HTTP Request: POST https://api.mainnet-beta.solana.com "HTTP/1.1 200 OK"
2025-08-21 12:46:17,454 [INFO] HTTP Request: POST https://api.mainnet-beta.solana.com "HTTP/1.1 200 OK"
2025-08-21 12:46:18,161 [INFO] Sent Telegram alert: \U0001f680 *Multi-Wallet Confirmation Detected!*

\U0001f4b0 CzYQ…Lvyr \u2192 [View Tx](https://explorer.solana.com/tx/5co3JS9vdehtWE6p696wE9cLo3kZh1ZBumqyu9sq8JY8ZiREiGQeXSn2YyZMxbbzgsLvAVQ1PyKMDpDbiqXLTj87)
\U0001f4b0 572K…deR2 \u2192 [View Tx](https://explorer.solana.com/tx/339aRHCbvjM8VtfeTZcEGQ9DgTZy98QFPzCEnPBxvT4EScm9cTFkTrRyjZNxaHymPKn64bPRWGZ5tnLabRtyTTTL)

2025-08-21 12:46:29,194 [INFO] HTTP Request: POST https://api.mainnet-beta.solana.com "HTTP/1.1 200 OK"
2025-08-21 12:46:30,237 [INFO] HTTP Request: POST https://api.mainnet-beta.solana.com "HTTP/1.1 429 Too Many Requests"
2025-08-21 12:46:30,239 [ERROR] Error checking wallet 572K14tpmzqSd7htA4TRrRqRjneqN32KgTNc22F9deR2: 
2025-08-21 12:46:41,268 [INFO] HTTP Request: POST https://api.mainnet-beta.solana.com "HTTP/1.1 200 OK"
2025-08-21 12:46:42,593 [INFO] HTTP Request: POST https://api.mainnet-beta.solana.com "HTTP/1.1 200 OK"
2025-08-21 12:46:43,320 [INFO] Sent Telegram alert: \U0001f680 *Multi-Wallet Confirmation Detected!*

\U0001f4b0 CzYQ…Lvyr \u2192 [View Tx](https://explorer.solana.com/tx/4xuJUm6gtXpUDNRWNkQAihbeAth8jGrVMu52RUgUWPpd6RSKQi8rXLWJKG6uqxhueZur5HtNH7XNumSsXEU8Y1MW)
\U0001f4b0 572K…deR2 \u2192 [View Tx](https://explorer.solana.com/tx/339aRHCbvjM8VtfeTZcEGQ9DgTZy98QFPzCEnPBxvT4EScm9cTFkTrRyjZNxaHymPKn64bPRWGZ5tnLabRtyTTTL)

2025-08-21 12:46:54,538 [INFO] HTTP Request: POST https://api.mainnet-beta.solana.com "HTTP/1.1 200 OK"
2025-08-21 12:46:55,966 [INFO] HTTP Request: POST https://api.mainnet-beta.solana.com "HTTP/1.1 200 OK"
2025-08-21 12:46:56,707 [INFO] Sent Telegram alert: \U0001f680 *Multi-Wallet Confirmation Detected!*

\U0001f4b0 CzYQ…Lvyr \u2192 [View Tx](https://explorer.solana.com/tx/4p1KpsoXxUcU8C1QMRtfPkRgYF4PqBqYj5rE8VKHobAUbYvsZTRFiuXZ5CWJUPv4wtCJTvQr3KWP8cc9ZZE8ALBY)
\U0001f4b0 572K…deR2 \u2192 [View Tx](https://explorer.solana.com/tx/339aRHCbvjM8VtfeTZcEGQ9DgTZy98QFPzCEnPBxvT4EScm9cTFkTrRyjZNxaHymPKn64bPRWGZ5tnLabRtyTTTL)

2025-08-21 12:47:07,729 [INFO] HTTP Request: POST https://api.mainnet-beta.solana.com "HTTP/1.1 200 OK"
2025-08-21 12:47:09,084 [INFO] HTTP Request: POST https://api.mainnet-beta.solana.com "HTTP/1.1 200 OK"
2025-08-21 12:47:09,826 [INFO] Sent Telegram alert: \U0001f680 *Multi-Wallet Confirmation Detected!*

\U0001f4b0 CzYQ…Lvyr \u2192 [View Tx](https://explorer.solana.com/tx/2veRb4Rm9bEmLwp6Byj3KeXk3ZkJWTK3y27vRoCZiFFCTZfuWrjJSsNrBxtqigqjhJUgoHBXXocw6AUeGojvL2BJ)
\U0001f4b0 572K…deR2 \u2192 [View Tx](https://explorer.solana.com/tx/339aRHCbvjM8VtfeTZcEGQ9DgTZy98QFPzCEnPBxvT4EScm9cTFkTrRyjZNxaHymPKn64bPRWGZ5tnLabRtyTTTL)

2025-08-21 12:47:20,972 [INFO] HTTP Request: POST https://api.mainnet-beta.solana.com "HTTP/1.1 200 OK"
2025-08-21 12:47:22,006 [INFO] HTTP Request: POST https://api.mainnet-beta.solana.com "HTTP/1.1 429 Too Many Requests"
2025-08-21 12:47:22,007 [ERROR] Error checking wallet 572K14tpmzqSd7htA4TRrRqRjneqN32KgTNc22F9deR2: 
2025-08-21 12:47:33,064 [INFO] HTTP Request: POST https://api.mainnet-beta.solana.com "HTTP/1.1 200 OK"
2025-08-21 12:47:34,570 [INFO] HTTP Request: POST https://api.mainnet-beta.solana.com "HTTP/1.1 200 OK"
2025-08-21 12:47:35,303 [INFO] Sent Telegram alert: \U0001f680 *Multi-Wallet Confirmation Detected!*

\U0001f4b0 CzYQ…Lvyr \u2192 [View Tx](https://explorer.solana.com/tx/P4WUZKKEFbyjzq4RuLqrLzu82P4bwdtK7U8vV9tws69QfCcb7FMcAFK6FWCdJvVDob6M8cWcPP4XZFBpxAZJvJo)
\U0001f4b0 572K…deR2 \u2192 [View Tx](https://explorer.solana.com/tx/339aRHCbvjM8VtfeTZcEGQ9DgTZy98QFPzCEnPBxvT4EScm9cTFkTrRyjZNxaHymPKn64bPRWGZ5tnLabRtyTTTL)

2025-08-21 12:47:46,311 [INFO] HTTP Request: POST https://api.mainnet-beta.solana.com "HTTP/1.1 200 OK"
2025-08-21 12:47:47,660 [INFO] HTTP Request: POST https://api.mainnet-beta.solana.com "HTTP/1.1 200 OK"
2025-08-21 12:47:48,374 [INFO] Sent Telegram alert: \U0001f680 *Multi-Wallet Confirmation Detected!*

\U0001f4b0 CzYQ…Lvyr \u2192 [View Tx](https://explorer.solana.com/tx/3u119XdGTLR2gNE5pXANdr5p5xpMiazrqV3983pMnzeRx6Zfe3X73vTe2VvKGzJeFBaoozXry8N1ZmKwSthch3h7)
\U0001f4b0 572K…deR2 \u2192 [View Tx](https://explorer.solana.com/tx/339aRHCbvjM8VtfeTZcEGQ9DgTZy98QFPzCEnPBxvT4EScm9cTFkTrRyjZNxaHymPKn64bPRWGZ5tnLabRtyTTTL)

2025-08-21 12:47:59,377 [INFO] HTTP Request: POST https://api.mainnet-beta.solana.com "HTTP/1.1 200 OK"
2025-08-21 12:48:00,732 [INFO] HTTP Request: POST https://api.mainnet-beta.solana.com "HTTP/1.1 200 OK"
2025-08-21 12:48:01,449 [INFO] Sent Telegram alert: \U0001f680 *Multi-Wallet Confirmation Detected!*

\U0001f4b0 CzYQ…Lvyr \u2192 [View Tx](https://explorer.solana.com/tx/4SDXBWxT4oiBfaqsM8zrc4xS79PKeLCHmqjFntGD5XbV77CDTuEp1SEfK7uiacT3t7BZH4K2ETPXBYPbF4Q7kfeW)
\U0001f4b0 572K…deR2 \u2192 [View Tx](https://explorer.solana.com/tx/339aRHCbvjM8VtfeTZcEGQ9DgTZy98QFPzCEnPBxvT4EScm9cTFkTrRyjZNxaHymPKn64bPRWGZ5tnLabRtyTTTL)

2025-08-21 12:49:30,703 [INFO] Bot started...
2025-08-21 12:49:30,713 [INFO] Watching wallets: [Pubkey(
    CzYQ2kFnBxsNEt9Zy34vQ3n5fSDhvA4o4XaTnq1rLvyr,
), Pubkey(
    572K14tpmzqSd7htA4TRrRqRjneqN32KgTNc22F9deR2,
)]
2025-08-21 12:49:31,765 [INFO] HTTP Request: POST https://api.mainnet-beta.solana.com "HTTP/1.1 200 OK"
2025-08-21 12:49:33,111 [INFO] HTTP Request: POST https://api.mainnet-beta.solana.com "HTTP/1.1 200 OK"
2025-08-21 12:49:33,830 [INFO] Sent Telegram alert: \U0001f680 *Multi-Wallet Confirmation Detected!*

\U0001f4b0 CzYQ…Lvyr \u2192 [View Tx](https://explorer.solana.com/tx/cZmt2Qn57QNw3e5VS7vUwYtW56SN2yubwAXZMHLw29BXweCuoMWwZnT4zsRDjsB1vXsRvXVh3inUZ94r5kAQcxb)
\U0001f4b0 572K…deR2 \u2192 [View Tx](https://explorer.solana.com/tx/339aRHCbvjM8VtfeTZcEGQ9DgTZy98QFPzCEnPBxvT4EScm9cTFkTrRyjZNxaHymPKn64bPRWGZ5tnLabRtyTTTL)

2025-08-21 12:49:44,807 [INFO] HTTP Request: POST https://api.mainnet-beta.solana.com "HTTP/1.1 200 OK"
2025-08-21 12:49:45,769 [INFO] HTTP Request: POST https://api.mainnet-beta.solana.com "HTTP/1.1 429 Too Many Requests"
2025-08-21 12:49:45,770 [ERROR] Attempt 1 failed for wallet 572K14tpmzqSd7htA4TRrRqRjneqN32KgTNc22F9deR2: SolanaRpcException - 
2025-08-21 12:49:48,729 [INFO] HTTP Request: POST https://api.mainnet-beta.solana.com "HTTP/1.1 429 Too Many Requests"
2025-08-21 12:49:48,731 [ERROR] Attempt 2 failed for wallet 572K14tpmzqSd7htA4TRrRqRjneqN32KgTNc22F9deR2: SolanaRpcException - 
2025-08-21 12:49:51,686 [INFO] HTTP Request: POST https://api.mainnet-beta.solana.com "HTTP/1.1 429 Too Many Requests"
2025-08-21 12:49:51,686 [ERROR] Attempt 3 failed for wallet 572K14tpmzqSd7htA4TRrRqRjneqN32KgTNc22F9deR2: SolanaRpcException - 
2025-08-21 12:50:04,866 [INFO] HTTP Request: POST https://api.mainnet-beta.solana.com "HTTP/1.1 200 OK"
2025-08-21 12:50:06,673 [INFO] HTTP Request: POST https://api.mainnet-beta.solana.com "HTTP/1.1 200 OK"
2025-08-21 12:50:07,375 [INFO] Sent Telegram alert: \U0001f680 *Multi-Wallet Confirmation Detected!*

\U0001f4b0 CzYQ…Lvyr \u2192 [View Tx](https://explorer.solana.com/tx/3z8mDiWjZoZytJAZGTKh9Vb6rZQLYM9f95E1nRQpPnajA1RNoqsmxfjLPiKFpuBnbsenJaBeFzSBVVxgmCTrxyxH)
\U0001f4b0 572K…deR2 \u2192 [View Tx](https://explorer.solana.com/tx/339aRHCbvjM8VtfeTZcEGQ9DgTZy98QFPzCEnPBxvT4EScm9cTFkTrRyjZNxaHymPKn64bPRWGZ5tnLabRtyTTTL)

2025-08-21 12:50:18,339 [INFO] HTTP Request: POST https://api.mainnet-beta.solana.com "HTTP/1.1 200 OK"
2025-08-21 12:50:19,310 [INFO] HTTP Request: POST https://api.mainnet-beta.solana.com "HTTP/1.1 429 Too Many Requests"
2025-08-21 12:50:19,311 [ERROR] Attempt 1 failed for wallet 572K14tpmzqSd7htA4TRrRqRjneqN32KgTNc22F9deR2: SolanaRpcException - 
2025-08-21 12:50:22,273 [INFO] HTTP Request: POST https://api.mainnet-beta.solana.com "HTTP/1.1 429 Too Many Requests"
2025-08-21 12:50:22,275 [ERROR] Attempt 2 failed for wallet 572K14tpmzqSd7htA4TRrRqRjneqN32KgTNc22F9deR2: SolanaRpcException - 
2025-08-21 12:50:25,246 [INFO] HTTP Request: POST https://api.mainnet-beta.solana.com "HTTP/1.1 429 Too Many Requests"
2025-08-21 12:50:25,247 [ERROR] Attempt 3 failed for wallet 572K14tpmzqSd7htA4TRrRqRjneqN32KgTNc22F9deR2: SolanaRpcException - 
2025-08-21 12:50:38,423 [INFO] HTTP Request: POST https://api.mainnet-beta.solana.com "HTTP/1.1 200 OK"
2025-08-21 12:50:39,782 [INFO] HTTP Request: POST https://api.mainnet-beta.solana.com "HTTP/1.1 200 OK"
2025-08-21 12:50:40,490 [INFO] Sent Telegram alert: \U0001f680 *Multi-Wallet Confirmation Detected!*

\U0001f4b0 CzYQ…Lvyr \u2192 [View Tx](https://explorer.solana.com/tx/5mqVRhsqyS63Gc99oTP7fmx3sWb4E6EZ7TmLw6xvmg3eaqU4JpMBEHzVJgPHAqgnyvPQbhLg5G8rFDNz3pF7cGaU)
\U0001f4b0 572K…deR2 \u2192 [View Tx](https://explorer.solana.com/tx/339aRHCbvjM8VtfeTZcEGQ9DgTZy98QFPzCEnPBxvT4EScm9cTFkTrRyjZNxaHymPKn64bPRWGZ5tnLabRtyTTTL)

2025-08-21 12:50:51,480 [INFO] HTTP Request: POST https://api.mainnet-beta.solana.com "HTTP/1.1 200 OK"
2025-08-21 12:50:52,794 [INFO] HTTP Request: POST https://api.mainnet-beta.solana.com "HTTP/1.1 200 OK"
2025-08-21 12:50:53,525 [INFO] Sent Telegram alert: \U0001f680 *Multi-Wallet Confirmation Detected!*

\U0001f4b0 CzYQ…Lvyr \u2192 [View Tx](https://explorer.solana.com/tx/4Lih3JKiptzZQp1T4aSYaMYgL7ZiJTUa7FP7ADSzbDW4bAjZgb4cF78Qm93bp6s64Rd3Hi7SCdAQ6tH9n1P2R4CJ)
\U0001f4b0 572K…deR2 \u2192 [View Tx](https://explorer.solana.com/tx/339aRHCbvjM8VtfeTZcEGQ9DgTZy98QFPzCEnPBxvT4EScm9cTFkTrRyjZNxaHymPKn64bPRWGZ5tnLabRtyTTTL)

2025-08-21 12:51:04,575 [INFO] HTTP Request: POST https://api.mainnet-beta.solana.com "HTTP/1.1 200 OK"
2025-08-21 12:51:06,017 [INFO] HTTP Request: POST https://api.mainnet-beta.solana.com "HTTP/1.1 200 OK"
2025-08-21 12:51:06,767 [INFO] Sent Telegram alert: \U0001f680 *Multi-Wallet Confirmation Detected!*

\U0001f4b0 CzYQ…Lvyr \u2192 [View Tx](https://explorer.solana.com/tx/3MmdrygPn7K8FW7W6sWjbRDXNTVtzMSWA98JbgdeAHFjxBzHukHRqJpmqjA2yEhm9A8NgVhBLevtC6P9hpnS33Xq)
\U0001f4b0 572K…deR2 \u2192 [View Tx](https://explorer.solana.com/tx/339aRHCbvjM8VtfeTZcEGQ9DgTZy98QFPzCEnPBxvT4EScm9cTFkTrRyjZNxaHymPKn64bPRWGZ5tnLabRtyTTTL)

2025-08-21 12:51:17,837 [INFO] HTTP Request: POST https://api.mainnet-beta.solana.com "HTTP/1.1 200 OK"
2025-08-21 12:51:19,164 [INFO] HTTP Request: POST https://api.mainnet-beta.solana.com "HTTP/1.1 200 OK"
2025-08-21 12:51:19,883 [INFO] Sent Telegram alert: \U0001f680 *Multi-Wallet Confirmation Detected!*

\U0001f4b0 CzYQ…Lvyr \u2192 [View Tx](https://explorer.solana.com/tx/53jp7B4fqK3Gub6Lut1535KBm4oj2kYKAVYkXsB9mpXbucGrJKzWXkvCrh2kAs9ReHmqzZxM4EBCHMEmw1UuN3s5)
\U0001f4b0 572K…deR2 \u2192 [View Tx](https://explorer.solana.com/tx/339aRHCbvjM8VtfeTZcEGQ9DgTZy98QFPzCEnPBxvT4EScm9cTFkTrRyjZNxaHymPKn64bPRWGZ5tnLabRtyTTTL)

2025-08-21 12:51:30,860 [INFO] HTTP Request: POST https://api.mainnet-beta.solana.com "HTTP/1.1 200 OK"
2025-08-21 12:51:32,227 [INFO] HTTP Request: POST https://api.mainnet-beta.solana.com "HTTP/1.1 200 OK"
2025-08-21 12:51:32,936 [INFO] Sent Telegram alert: \U0001f680 *Multi-Wallet Confirmation Detected!*

\U0001f4b0 CzYQ…Lvyr \u2192 [View Tx](https://explorer.solana.com/tx/5bdG26CdYMvu5eg2pFdn5jPW9SmoZVfxdystDd3Xjt9So5GhU415itSWvNcjnMjDiirfa6Q9bDi5xFZkhz1eiFhC)
\U0001f4b0 572K…deR2 \u2192 [View Tx](https://explorer.solana.com/tx/339aRHCbvjM8VtfeTZcEGQ9DgTZy98QFPzCEnPBxvT4EScm9cTFkTrRyjZNxaHymPKn64bPRWGZ5tnLabRtyTTTL)

2025-08-21 12:51:44,466 [INFO] HTTP Request: POST https://api.mainnet-beta.solana.com "HTTP/1.1 200 OK"
2025-08-21 12:51:46,272 [INFO] HTTP Request: POST https://api.mainnet-beta.solana.com "HTTP/1.1 200 OK"
2025-08-21 12:51:48,894 [INFO] Sent Telegram alert: \U0001f680 *Multi-Wallet Confirmation Detected!*

\U0001f4b0 CzYQ…Lvyr \u2192 [View Tx](https://explorer.solana.com/tx/27LZWfb6m6orQ8TQ5QMnMbPL4vGm47gVWfo6BCd3mgqmgtRxqYxbNpuLDM2wyAMLiKdBV4v98rnsFC3vwQCfRNrs)
\U0001f4b0 572K…deR2 \u2192 [View Tx](https://explorer.solana.com/tx/339aRHCbvjM8VtfeTZcEGQ9DgTZy98QFPzCEnPBxvT4EScm9cTFkTrRyjZNxaHymPKn64bPRWGZ5tnLabRtyTTTL)

2025-08-21 12:51:59,894 [INFO] HTTP Request: POST https://api.mainnet-beta.solana.com "HTTP/1.1 200 OK"
2025-08-21 12:52:01,213 [INFO] HTTP Request: POST https://api.mainnet-beta.solana.com "HTTP/1.1 200 OK"
2025-08-21 12:52:01,967 [INFO] Sent Telegram alert: \U0001f680 *Multi-Wallet Confirmation Detected!*

\U0001f4b0 CzYQ…Lvyr \u2192 [View Tx](https://explorer.solana.com/tx/319uCceaWDcZjadeo894Q6T6CDSHYBzhfZjZska1JrwhFZziJQgP6noYFwhtKNBv8DGDeiBtGVemvGSqYEfQxwDo)
\U0001f4b0 572K…deR2 \u2192 [View Tx](https://explorer.solana.com/tx/339aRHCbvjM8VtfeTZcEGQ9DgTZy98QFPzCEnPBxvT4EScm9cTFkTrRyjZNxaHymPKn64bPRWGZ5tnLabRtyTTTL)

2025-08-21 12:52:13,054 [INFO] HTTP Request: POST https://api.mainnet-beta.solana.com "HTTP/1.1 200 OK"
2025-08-21 12:52:14,948 [INFO] HTTP Request: POST https://api.mainnet-beta.solana.com "HTTP/1.1 200 OK"
2025-08-21 12:52:15,683 [INFO] Sent Telegram alert: \U0001f680 *Multi-Wallet Confirmation Detected!*

\U0001f4b0 CzYQ…Lvyr \u2192 [View Tx](https://explorer.solana.com/tx/2zm2riy24TUtXxYZx7g1PgpCP9UAWpbPuNkiuFCKfLauMgQv9EfTyYUtKhmVzsZy3u2YhCrsWvM7xrrrJcQh468c)
\U0001f4b0 572K…deR2 \u2192 [View Tx](https://explorer.solana.com/tx/339aRHCbvjM8VtfeTZcEGQ9DgTZy98QFPzCEnPBxvT4EScm9cTFkTrRyjZNxaHymPKn64bPRWGZ5tnLabRtyTTTL)

2025-08-21 12:52:26,973 [INFO] HTTP Request: POST https://api.mainnet-beta.solana.com "HTTP/1.1 200 OK"
2025-08-21 12:52:28,388 [INFO] HTTP Request: POST https://api.mainnet-beta.solana.com "HTTP/1.1 200 OK"
2025-08-21 12:52:29,088 [INFO] Sent Telegram alert: \U0001f680 *Multi-Wallet Confirmation Detected!*

\U0001f4b0 CzYQ…Lvyr \u2192 [View Tx](https://explorer.solana.com/tx/4C8BBEG33WM8dWd9qWqCK878AX5bijM7bb4gtVSxXtsf4HSBPZx4WeNdt6WL6rjDUSuk37WJcRxxTUmbBVV2TUoq)
\U0001f4b0 572K…deR2 \u2192 [View Tx](https://explorer.solana.com/tx/339aRHCbvjM8VtfeTZcEGQ9DgTZy98QFPzCEnPBxvT4EScm9cTFkTrRyjZNxaHymPKn64bPRWGZ5tnLabRtyTTTL)

2025-08-21 12:52:40,197 [INFO] HTTP Request: POST https://api.mainnet-beta.solana.com "HTTP/1.1 200 OK"
2025-08-21 12:52:41,186 [INFO] HTTP Request: POST https://api.mainnet-beta.solana.com "HTTP/1.1 429 Too Many Requests"
2025-08-21 12:52:41,186 [ERROR] Attempt 1 failed for wallet 572K14tpmzqSd7htA4TRrRqRjneqN32KgTNc22F9deR2: SolanaRpcException - 
2025-08-21 12:52:44,190 [INFO] HTTP Request: POST https://api.mainnet-beta.solana.com "HTTP/1.1 429 Too Many Requests"
2025-08-21 12:52:44,190 [ERROR] Attempt 2 failed for wallet 572K14tpmzqSd7htA4TRrRqRjneqN32KgTNc22F9deR2: SolanaRpcException - 
2025-08-21 12:52:47,193 [INFO] HTTP Request: POST https://api.mainnet-beta.solana.com "HTTP/1.1 429 Too Many Requests"
2025-08-21 12:52:47,193 [ERROR] Attempt 3 failed for wallet 572K14tpmzqSd7htA4TRrRqRjneqN32KgTNc22F9deR2: SolanaRpcException - 
2025-08-21 12:53:00,194 [INFO] HTTP Request: POST https://api.mainnet-beta.solana.com "HTTP/1.1 200 OK"
2025-08-21 12:53:01,505 [INFO] HTTP Request: POST https://api.mainnet-beta.solana.com "HTTP/1.1 200 OK"
2025-08-21 12:53:02,268 [INFO] Sent Telegram alert: \U0001f680 *Multi-Wallet Confirmation Detected!*

\U0001f4b0 CzYQ…Lvyr \u2192 [View Tx](https://explorer.solana.com/tx/2zKEjYvJbqyAFE7j3LkikueYsyawnsgCiRSi2zH2zLa36KZ1HPxvLoUbDhSYBSQSg5iMazdPTvMvvjwprHnijywn)
\U0001f4b0 572K…deR2 \u2192 [View Tx](https://explorer.solana.com/tx/339aRHCbvjM8VtfeTZcEGQ9DgTZy98QFPzCEnPBxvT4EScm9cTFkTrRyjZNxaHymPKn64bPRWGZ5tnLabRtyTTTL)

2025-08-21 12:53:13,319 [INFO] HTTP Request: POST https://api.mainnet-beta.solana.com "HTTP/1.1 200 OK"
2025-08-21 12:53:14,745 [INFO] HTTP Request: POST https://api.mainnet-beta.solana.com "HTTP/1.1 200 OK"
2025-08-21 12:53:15,480 [INFO] Sent Telegram alert: \U0001f680 *Multi-Wallet Confirmation Detected!*

\U0001f4b0 CzYQ…Lvyr \u2192 [View Tx](https://explorer.solana.com/tx/4xfJan9tBRCqDcZ3PtjxjiZNTkoxvMQpQbMsY75XR8jfkQ6sJvYi4UrBcmziQbxSuFUqoA3zJJmY66ZhYLjA74ox)
\U0001f4b0 572K…deR2 \u2192 [View Tx](https://explorer.solana.com/tx/339aRHCbvjM8VtfeTZcEGQ9DgTZy98QFPzCEnPBxvT4EScm9cTFkTrRyjZNxaHymPKn64bPRWGZ5tnLabRtyTTTL)

2025-08-21 12:55:21,093 [INFO] Bot started...
2025-08-21 12:55:21,094 [INFO] Watching wallets: [Pubkey(
    CzYQ2kFnBxsNEt9Zy34vQ3n5fSDhvA4o4XaTnq1rLvyr,
), Pubkey(
    572K14tpmzqSd7htA4TRrRqRjneqN32KgTNc22F9deR2,
)]
2025-08-21 12:55:22,176 [INFO] HTTP Request: POST https://api.mainnet-beta.solana.com "HTTP/1.1 200 OK"
2025-08-21 12:55:23,538 [INFO] HTTP Request: POST https://api.mainnet-beta.solana.com "HTTP/1.1 200 OK"
2025-08-21 12:55:24,299 [INFO] Sent Telegram alert: \U0001f680 *Multi-Wallet Confirmation Detected!*

\U0001f4b0 CzYQ…Lvyr \u2192 [View Tx](https://explorer.solana.com/tx/8vbiH3yZD8ufVts1LDscyWhE17RJHYDg7X66EU9WVaqmRxRkREmPW82UmBEc7FXxvPtkqGJZaPupMN41FjVcMQG)
\U0001f4b0 572K…deR2 \u2192 [View Tx](https://explorer.solana.com/tx/339aRHCbvjM8VtfeTZcEGQ9DgTZy98QFPzCEnPBxvT4EScm9cTFkTrRyjZNxaHymPKn64bPRWGZ5tnLabRtyTTTL)

2025-08-21 12:55:35,296 [INFO] HTTP Request: POST https://api.mainnet-beta.solana.com "HTTP/1.1 200 OK"
2025-08-21 12:55:36,289 [INFO] HTTP Request: POST https://api.mainnet-beta.solana.com "HTTP/1.1 429 Too Many Requests"
2025-08-21 12:55:36,290 [ERROR] Attempt 1 failed for wallet 572K14tpmzqSd7htA4TRrRqRjneqN32KgTNc22F9deR2: SolanaRpcException - 
2025-08-21 12:55:39,273 [INFO] HTTP Request: POST https://api.mainnet-beta.solana.com "HTTP/1.1 429 Too Many Requests"
2025-08-21 12:55:39,274 [ERROR] Attempt 2 failed for wallet 572K14tpmzqSd7htA4TRrRqRjneqN32KgTNc22F9deR2: SolanaRpcException - 
2025-08-21 12:55:42,286 [INFO] HTTP Request: POST https://api.mainnet-beta.solana.com "HTTP/1.1 429 Too Many Requests"
2025-08-21 12:55:42,287 [ERROR] Attempt 3 failed for wallet 572K14tpmzqSd7htA4TRrRqRjneqN32KgTNc22F9deR2: SolanaRpcException - 
2025-08-21 12:55:55,382 [INFO] HTTP Request: POST https://api.mainnet-beta.solana.com "HTTP/1.1 200 OK"
2025-08-21 12:55:56,703 [INFO] HTTP Request: POST https://api.mainnet-beta.solana.com "HTTP/1.1 200 OK"
2025-08-21 12:56:07,837 [INFO] HTTP Request: POST https://api.mainnet-beta.solana.com "HTTP/1.1 200 OK"
2025-08-21 12:56:09,167 [INFO] HTTP Request: POST https://api.mainnet-beta.solana.com "HTTP/1.1 200 OK"
2025-08-21 12:56:20,304 [INFO] HTTP Request: POST https://api.mainnet-beta.solana.com "HTTP/1.1 200 OK"
2025-08-21 12:56:21,890 [INFO] HTTP Request: POST https://api.mainnet-beta.solana.com "HTTP/1.1 200 OK"
2025-08-21 12:56:33,193 [INFO] HTTP Request: POST https://api.mainnet-beta.solana.com "HTTP/1.1 200 OK"
2025-08-21 12:56:34,908 [INFO] HTTP Request: POST https://api.mainnet-beta.solana.com "HTTP/1.1 200 OK"
2025-08-21 12:56:45,922 [INFO] HTTP Request: POST https://api.mainnet-beta.solana.com "HTTP/1.1 200 OK"
2025-08-21 12:56:46,946 [INFO] HTTP Request: POST https://api.mainnet-beta.solana.com "HTTP/1.1 429 Too Many Requests"
2025-08-21 12:56:46,947 [ERROR] Attempt 1 failed for wallet 572K14tpmzqSd7htA4TRrRqRjneqN32KgTNc22F9deR2: SolanaRpcException - 
2025-08-21 12:56:50,120 [INFO] HTTP Request: POST https://api.mainnet-beta.solana.com "HTTP/1.1 429 Too Many Requests"
2025-08-21 12:56:50,120 [ERROR] Attempt 2 failed for wallet 572K14tpmzqSd7htA4TRrRqRjneqN32KgTNc22F9deR2: SolanaRpcException - 
2025-08-21 12:56:53,221 [INFO] HTTP Request: POST https://api.mainnet-beta.solana.com "HTTP/1.1 429 Too Many Requests"
2025-08-21 12:56:53,231 [ERROR] Attempt 3 failed for wallet 572K14tpmzqSd7htA4TRrRqRjneqN32KgTNc22F9deR2: SolanaRpcException - 
2025-08-21 12:57:06,440 [INFO] HTTP Request: POST https://api.mainnet-beta.solana.com "HTTP/1.1 200 OK"
2025-08-21 12:57:07,852 [INFO] HTTP Request: POST https://api.mainnet-beta.solana.com "HTTP/1.1 200 OK"
2025-08-21 12:57:18,878 [INFO] HTTP Request: POST https://api.mainnet-beta.solana.com "HTTP/1.1 200 OK"
2025-08-21 12:57:20,270 [INFO] HTTP Request: POST https://api.mainnet-beta.solana.com "HTTP/1.1 200 OK"
2025-08-21 12:57:31,381 [INFO] HTTP Request: POST https://api.mainnet-beta.solana.com "HTTP/1.1 200 OK"
2025-08-21 12:57:32,763 [INFO] HTTP Request: POST https://api.mainnet-beta.solana.com "HTTP/1.1 200 OK"
2025-08-21 12:57:43,992 [INFO] HTTP Request: POST https://api.mainnet-beta.solana.com "HTTP/1.1 200 OK"
2025-08-21 12:57:45,457 [INFO] HTTP Request: POST https://api.mainnet-beta.solana.com "HTTP/1.1 200 OK"
2025-08-21 12:57:56,510 [INFO] HTTP Request: POST https://api.mainnet-beta.solana.com "HTTP/1.1 200 OK"
2025-08-21 12:57:57,642 [INFO] HTTP Request: POST https://api.mainnet-beta.solana.com "HTTP/1.1 429 Too Many Requests"
2025-08-21 12:57:57,642 [ERROR] Attempt 1 failed for wallet 572K14tpmzqSd7htA4TRrRqRjneqN32KgTNc22F9deR2: SolanaRpcException - 
2025-08-21 12:58:00,906 [INFO] HTTP Request: POST https://api.mainnet-beta.solana.com "HTTP/1.1 429 Too Many Requests"
2025-08-21 12:58:00,939 [ERROR] Attempt 2 failed for wallet 572K14tpmzqSd7htA4TRrRqRjneqN32KgTNc22F9deR2: SolanaRpcException - 
2025-08-21 12:58:04,410 [INFO] HTTP Request: POST https://api.mainnet-beta.solana.com "HTTP/1.1 429 Too Many Requests"
2025-08-21 12:58:04,412 [ERROR] Attempt 3 failed for wallet 572K14tpmzqSd7htA4TRrRqRjneqN32KgTNc22F9deR2: SolanaRpcException - 
2025-08-21 12:58:17,664 [INFO] HTTP Request: POST https://api.mainnet-beta.solana.com "HTTP/1.1 200 OK"
2025-08-21 12:58:19,092 [INFO] HTTP Request: POST https://api.mainnet-beta.solana.com "HTTP/1.1 200 OK"
2025-08-21 12:58:30,249 [INFO] HTTP Request: POST https://api.mainnet-beta.solana.com "HTTP/1.1 200 OK"
2025-08-21 12:58:31,748 [INFO] HTTP Request: POST https://api.mainnet-beta.solana.com "HTTP/1.1 200 OK"
2025-08-21 12:58:42,925 [INFO] HTTP Request: POST https://api.mainnet-beta.solana.com "HTTP/1.1 200 OK"
2025-08-21 12:58:44,338 [INFO] HTTP Request: POST https://api.mainnet-beta.solana.com "HTTP/1.1 200 OK"
2025-08-21 12:58:55,483 [INFO] HTTP Request: POST https://api.mainnet-beta.solana.com "HTTP/1.1 200 OK"
2025-08-21 12:58:56,832 [INFO] HTTP Request: POST https://api.mainnet-beta.solana.com "HTTP/1.1 200 OK"
2025-08-21 12:59:07,861 [INFO] HTTP Request: POST https://api.mainnet-beta.solana.com "HTTP/1.1 200 OK"
2025-08-21 12:59:08,883 [INFO] HTTP Request: POST https://api.mainnet-beta.solana.com "HTTP/1.1 429 Too Many Requests"
2025-08-21 12:59:08,885 [ERROR] Attempt 1 failed for wallet 572K14tpmzqSd7htA4TRrRqRjneqN32KgTNc22F9deR2: SolanaRpcException - 
2025-08-21 12:59:11,910 [INFO] HTTP Request: POST https://api.mainnet-beta.solana.com "HTTP/1.1 429 Too Many Requests"
2025-08-21 12:59:11,910 [ERROR] Attempt 2 failed for wallet 572K14tpmzqSd7htA4TRrRqRjneqN32KgTNc22F9deR2: SolanaRpcException - 
2025-08-21 12:59:14,945 [INFO] HTTP Request: POST https://api.mainnet-beta.solana.com "HTTP/1.1 429 Too Many Requests"
2025-08-21 12:59:14,946 [ERROR] Attempt 3 failed for wallet 572K14tpmzqSd7htA4TRrRqRjneqN32KgTNc22F9deR2: SolanaRpcException - 
2025-08-21 12:59:27,966 [INFO] HTTP Request: POST https://api.mainnet-beta.solana.com "HTTP/1.1 200 OK"
2025-08-21 12:59:29,313 [INFO] HTTP Request: POST https://api.mainnet-beta.solana.com "HTTP/1.1 200 OK"
2025-08-21 12:59:40,460 [INFO] HTTP Request: POST https://api.mainnet-beta.solana.com "HTTP/1.1 200 OK"
2025-08-21 12:59:41,938 [INFO] HTTP Request: POST https://api.mainnet-beta.solana.com "HTTP/1.1 200 OK"
2025-08-21 12:59:53,039 [INFO] HTTP Request: POST https://api.mainnet-beta.solana.com "HTTP/1.1 200 OK"
2025-08-21 12:59:54,576 [INFO] HTTP Request: POST https://api.mainnet-beta.solana.com "HTTP/1.1 200 OK"
2025-08-21 13:00:05,590 [INFO] HTTP Request: POST https://api.mainnet-beta.solana.com "HTTP/1.1 200 OK"
2025-08-21 13:00:06,978 [INFO] HTTP Request: POST https://api.mainnet-beta.solana.com "HTTP/1.1 200 OK"
2025-08-21 13:00:18,004 [INFO] HTTP Request: POST https://api.mainnet-beta.solana.com "HTTP/1.1 200 OK"
2025-08-21 13:00:19,370 [INFO] HTTP Request: POST https://api.mainnet-beta.solana.com "HTTP/1.1 200 OK"
2025-08-21 13:00:30,547 [INFO] HTTP Request: POST https://api.mainnet-beta.solana.com "HTTP/1.1 200 OK"
2025-08-21 13:00:32,046 [INFO] HTTP Request: POST https://api.mainnet-beta.solana.com "HTTP/1.1 200 OK"
2025-08-21 13:00:43,307 [INFO] HTTP Request: POST https://api.mainnet-beta.solana.com "HTTP/1.1 200 OK"
2025-08-21 13:00:44,750 [INFO] HTTP Request: POST https://api.mainnet-beta.solana.com "HTTP/1.1 200 OK"
2025-08-21 13:00:55,792 [INFO] HTTP Request: POST https://api.mainnet-beta.solana.com "HTTP/1.1 200 OK"
2025-08-21 13:00:57,189 [INFO] HTTP Request: POST https://api.mainnet-beta.solana.com "HTTP/1.1 200 OK"
2025-08-21 13:01:08,452 [INFO] HTTP Request: POST https://api.mainnet-beta.solana.com "HTTP/1.1 200 OK"
2025-08-21 13:01:09,809 [INFO] HTTP Request: POST https://api.mainnet-beta.solana.com "HTTP/1.1 200 OK"
2025-08-21 13:01:20,824 [INFO] HTTP Request: POST https://api.mainnet-beta.solana.com "HTTP/1.1 200 OK"
2025-08-21 13:01:22,191 [INFO] HTTP Request: POST https://api.mainnet-beta.solana.com "HTTP/1.1 200 OK"
2025-08-21 13:01:33,227 [INFO] HTTP Request: POST https://api.mainnet-beta.solana.com "HTTP/1.1 200 OK"
2025-08-21 13:01:34,681 [INFO] HTTP Request: POST https://api.mainnet-beta.solana.com "HTTP/1.1 200 OK"
2025-08-21 13:01:45,797 [INFO] HTTP Request: POST https://api.mainnet-beta.solana.com "HTTP/1.1 200 OK"
2025-08-21 13:01:47,181 [INFO] HTTP Request: POST https://api.mainnet-beta.solana.com "HTTP/1.1 200 OK"
2025-08-21 13:01:58,292 [INFO] HTTP Request: POST https://api.mainnet-beta.solana.com "HTTP/1.1 200 OK"
2025-08-21 13:01:59,717 [INFO] HTTP Request: POST https://api.mainnet-beta.solana.com "HTTP/1.1 200 OK"
2025-08-21 13:02:10,731 [INFO] HTTP Request: POST https://api.mainnet-beta.solana.com "HTTP/1.1 200 OK"
2025-08-21 13:02:12,098 [INFO] HTTP Request: POST https://api.mainnet-beta.solana.com "HTTP/1.1 200 OK"
2025-08-21 13:02:23,301 [INFO] HTTP Request: POST https://api.mainnet-beta.solana.com "HTTP/1.1 200 OK"
2025-08-21 13:02:24,655 [INFO] HTTP Request: POST https://api.mainnet-beta.solana.com "HTTP/1.1 200 OK"
2025-08-21 13:02:35,939 [INFO] HTTP Request: POST https://api.mainnet-beta.solana.com "HTTP/1.1 200 OK"
2025-08-21 13:02:37,411 [INFO] HTTP Request: POST https://api.mainnet-beta.solana.com "HTTP/1.1 200 OK"
2025-08-21 13:02:37,456 [INFO] Bot started...
2025-08-21 13:02:37,458 [INFO] Watching wallets: [Pubkey(
    CzYQ2kFnBxsNEt9Zy34vQ3n5fSDhvA4o4XaTnq1rLvyr,
), Pubkey(
    572K14tpmzqSd7htA4TRrRqRjneqN32KgTNc22F9deR2,
)]
2025-08-21 13:02:38,937 [INFO] HTTP Request: POST https://api.mainnet-beta.solana.com "HTTP/1.1 429 Too Many Requests"
2025-08-21 13:02:38,938 [ERROR] Attempt 1 failed for wallet CzYQ2kFnBxsNEt9Zy34vQ3n5fSDhvA4o4XaTnq1rLvyr: SolanaRpcException - 
2025-08-21 13:02:41,960 [INFO] HTTP Request: POST https://api.mainnet-beta.solana.com "HTTP/1.1 429 Too Many Requests"
2025-08-21 13:02:41,961 [ERROR] Attempt 2 failed for wallet CzYQ2kFnBxsNEt9Zy34vQ3n5fSDhvA4o4XaTnq1rLvyr: SolanaRpcException - 
2025-08-21 13:02:44,938 [INFO] HTTP Request: POST https://api.mainnet-beta.solana.com "HTTP/1.1 429 Too Many Requests"
2025-08-21 13:02:44,940 [ERROR] Attempt 3 failed for wallet CzYQ2kFnBxsNEt9Zy34vQ3n5fSDhvA4o4XaTnq1rLvyr: SolanaRpcException - 
2025-08-21 13:02:48,074 [INFO] HTTP Request: POST https://api.mainnet-beta.solana.com "HTTP/1.1 429 Too Many Requests"
2025-08-21 13:02:48,076 [ERROR] Attempt 1 failed for wallet 572K14tpmzqSd7htA4TRrRqRjneqN32KgTNc22F9deR2: SolanaRpcException - 
2025-08-21 13:02:48,563 [INFO] HTTP Request: POST https://api.mainnet-beta.solana.com "HTTP/1.1 429 Too Many Requests"
2025-08-21 13:02:48,564 [ERROR] Attempt 1 failed for wallet CzYQ2kFnBxsNEt9Zy34vQ3n5fSDhvA4o4XaTnq1rLvyr: SolanaRpcException - 
2025-08-21 13:02:51,097 [INFO] HTTP Request: POST https://api.mainnet-beta.solana.com "HTTP/1.1 429 Too Many Requests"
2025-08-21 13:02:51,098 [ERROR] Attempt 2 failed for wallet 572K14tpmzqSd7htA4TRrRqRjneqN32KgTNc22F9deR2: SolanaRpcException - 
2025-08-21 13:02:51,641 [INFO] HTTP Request: POST https://api.mainnet-beta.solana.com "HTTP/1.1 429 Too Many Requests"
2025-08-21 13:02:51,642 [ERROR] Attempt 2 failed for wallet CzYQ2kFnBxsNEt9Zy34vQ3n5fSDhvA4o4XaTnq1rLvyr: SolanaRpcException - 
2025-08-21 13:02:54,199 [INFO] HTTP Request: POST https://api.mainnet-beta.solana.com "HTTP/1.1 429 Too Many Requests"
2025-08-21 13:02:54,201 [ERROR] Attempt 3 failed for wallet 572K14tpmzqSd7htA4TRrRqRjneqN32KgTNc22F9deR2: SolanaRpcException - 
2025-08-21 13:02:54,657 [INFO] HTTP Request: POST https://api.mainnet-beta.solana.com "HTTP/1.1 429 Too Many Requests"
2025-08-21 13:02:54,658 [ERROR] Attempt 3 failed for wallet CzYQ2kFnBxsNEt9Zy34vQ3n5fSDhvA4o4XaTnq1rLvyr: SolanaRpcException - 
2025-08-21 13:02:57,676 [INFO] HTTP Request: POST https://api.mainnet-beta.solana.com "HTTP/1.1 429 Too Many Requests"
2025-08-21 13:02:57,677 [ERROR] Attempt 1 failed for wallet 572K14tpmzqSd7htA4TRrRqRjneqN32KgTNc22F9deR2: SolanaRpcException - 
2025-08-21 13:03:00,774 [INFO] HTTP Request: POST https://api.mainnet-beta.solana.com "HTTP/1.1 429 Too Many Requests"
2025-08-21 13:03:00,775 [ERROR] Attempt 2 failed for wallet 572K14tpmzqSd7htA4TRrRqRjneqN32KgTNc22F9deR2: SolanaRpcException - 
2025-08-21 13:03:03,807 [INFO] HTTP Request: POST https://api.mainnet-beta.solana.com "HTTP/1.1 429 Too Many Requests"
2025-08-21 13:03:03,808 [ERROR] Attempt 3 failed for wallet 572K14tpmzqSd7htA4TRrRqRjneqN32KgTNc22F9deR2: SolanaRpcException - 
2025-08-21 13:03:07,247 [INFO] HTTP Request: POST https://api.mainnet-beta.solana.com "HTTP/1.1 429 Too Many Requests"
2025-08-21 13:03:07,249 [ERROR] Attempt 1 failed for wallet CzYQ2kFnBxsNEt9Zy34vQ3n5fSDhvA4o4XaTnq1rLvyr: SolanaRpcException - 
2025-08-21 13:03:10,240 [INFO] HTTP Request: POST https://api.mainnet-beta.solana.com "HTTP/1.1 429 Too Many Requests"
2025-08-21 13:03:10,241 [ERROR] Attempt 2 failed for wallet CzYQ2kFnBxsNEt9Zy34vQ3n5fSDhvA4o4XaTnq1rLvyr: SolanaRpcException - 
2025-08-21 13:03:13,247 [INFO] HTTP Request: POST https://api.mainnet-beta.solana.com "HTTP/1.1 429 Too Many Requests"
2025-08-21 13:03:13,248 [ERROR] Attempt 3 failed for wallet CzYQ2kFnBxsNEt9Zy34vQ3n5fSDhvA4o4XaTnq1rLvyr: SolanaRpcException - 
2025-08-21 13:03:16,257 [INFO] HTTP Request: POST https://api.mainnet-beta.solana.com "HTTP/1.1 429 Too Many Requests"
2025-08-21 13:03:16,258 [ERROR] Attempt 1 failed for wallet 572K14tpmzqSd7htA4TRrRqRjneqN32KgTNc22F9deR2: SolanaRpcException - 
2025-08-21 13:03:16,817 [INFO] HTTP Request: POST https://api.mainnet-beta.solana.com "HTTP/1.1 429 Too Many Requests"
2025-08-21 13:03:16,818 [ERROR] Attempt 1 failed for wallet CzYQ2kFnBxsNEt9Zy34vQ3n5fSDhvA4o4XaTnq1rLvyr: SolanaRpcException - 
2025-08-21 13:03:19,272 [INFO] HTTP Request: POST https://api.mainnet-beta.solana.com "HTTP/1.1 429 Too Many Requests"
2025-08-21 13:03:19,273 [ERROR] Attempt 2 failed for wallet 572K14tpmzqSd7htA4TRrRqRjneqN32KgTNc22F9deR2: SolanaRpcException - 
2025-08-21 13:03:19,833 [INFO] HTTP Request: POST https://api.mainnet-beta.solana.com "HTTP/1.1 429 Too Many Requests"
2025-08-21 13:03:19,834 [ERROR] Attempt 2 failed for wallet CzYQ2kFnBxsNEt9Zy34vQ3n5fSDhvA4o4XaTnq1rLvyr: SolanaRpcException - 
2025-08-21 13:03:22,281 [INFO] HTTP Request: POST https://api.mainnet-beta.solana.com "HTTP/1.1 429 Too Many Requests"
2025-08-21 13:03:22,282 [ERROR] Attempt 3 failed for wallet 572K14tpmzqSd7htA4TRrRqRjneqN32KgTNc22F9deR2: SolanaRpcException - 
2025-08-21 13:03:22,828 [INFO] HTTP Request: POST https://api.mainnet-beta.solana.com "HTTP/1.1 429 Too Many Requests"
2025-08-21 13:03:22,829 [ERROR] Attempt 3 failed for wallet CzYQ2kFnBxsNEt9Zy34vQ3n5fSDhvA4o4XaTnq1rLvyr: SolanaRpcException - 
2025-08-21 13:03:25,932 [INFO] HTTP Request: POST https://api.mainnet-beta.solana.com "HTTP/1.1 429 Too Many Requests"
2025-08-21 13:03:25,933 [ERROR] Attempt 1 failed for wallet 572K14tpmzqSd7htA4TRrRqRjneqN32KgTNc22F9deR2: SolanaRpcException - 
2025-08-21 13:03:28,921 [INFO] HTTP Request: POST https://api.mainnet-beta.solana.com "HTTP/1.1 429 Too Many Requests"
2025-08-21 13:03:28,922 [ERROR] Attempt 2 failed for wallet 572K14tpmzqSd7htA4TRrRqRjneqN32KgTNc22F9deR2: SolanaRpcException - 
2025-08-21 13:03:31,888 [INFO] HTTP Request: POST https://api.mainnet-beta.solana.com "HTTP/1.1 429 Too Many Requests"
2025-08-21 13:03:31,889 [ERROR] Attempt 3 failed for wallet 572K14tpmzqSd7htA4TRrRqRjneqN32KgTNc22F9deR2: SolanaRpcException - 
2025-08-21 13:03:35,280 [INFO] HTTP Request: POST https://api.mainnet-beta.solana.com "HTTP/1.1 429 Too Many Requests"
2025-08-21 13:03:35,281 [ERROR] Attempt 1 failed for wallet CzYQ2kFnBxsNEt9Zy34vQ3n5fSDhvA4o4XaTnq1rLvyr: SolanaRpcException - 
2025-08-21 13:03:38,275 [INFO] HTTP Request: POST https://api.mainnet-beta.solana.com "HTTP/1.1 429 Too Many Requests"
2025-08-21 13:03:38,276 [ERROR] Attempt 2 failed for wallet CzYQ2kFnBxsNEt9Zy34vQ3n5fSDhvA4o4XaTnq1rLvyr: SolanaRpcException - 
2025-08-21 13:03:41,265 [INFO] HTTP Request: POST https://api.mainnet-beta.solana.com "HTTP/1.1 429 Too Many Requests"
2025-08-21 13:03:41,266 [ERROR] Attempt 3 failed for wallet CzYQ2kFnBxsNEt9Zy34vQ3n5fSDhvA4o4XaTnq1rLvyr: SolanaRpcException - 
2025-08-21 13:03:44,255 [INFO] HTTP Request: POST https://api.mainnet-beta.solana.com "HTTP/1.1 429 Too Many Requests"
2025-08-21 13:03:44,256 [ERROR] Attempt 1 failed for wallet 572K14tpmzqSd7htA4TRrRqRjneqN32KgTNc22F9deR2: SolanaRpcException - 
2025-08-21 13:03:44,888 [INFO] HTTP Request: POST https://api.mainnet-beta.solana.com "HTTP/1.1 429 Too Many Requests"
2025-08-21 13:03:44,889 [ERROR] Attempt 1 failed for wallet CzYQ2kFnBxsNEt9Zy34vQ3n5fSDhvA4o4XaTnq1rLvyr: SolanaRpcException - 
2025-08-21 13:03:47,263 [INFO] HTTP Request: POST https://api.mainnet-beta.solana.com "HTTP/1.1 429 Too Many Requests"
2025-08-21 13:03:47,264 [ERROR] Attempt 2 failed for wallet 572K14tpmzqSd7htA4TRrRqRjneqN32KgTNc22F9deR2: SolanaRpcException - 
2025-08-21 13:03:47,897 [INFO] HTTP Request: POST https://api.mainnet-beta.solana.com "HTTP/1.1 429 Too Many Requests"
2025-08-21 13:03:47,898 [ERROR] Attempt 2 failed for wallet CzYQ2kFnBxsNEt9Zy34vQ3n5fSDhvA4o4XaTnq1rLvyr: SolanaRpcException - 
2025-08-21 13:03:50,274 [INFO] HTTP Request: POST https://api.mainnet-beta.solana.com "HTTP/1.1 429 Too Many Requests"
2025-08-21 13:03:50,275 [ERROR] Attempt 3 failed for wallet 572K14tpmzqSd7htA4TRrRqRjneqN32KgTNc22F9deR2: SolanaRpcException - 
2025-08-21 13:03:50,898 [INFO] HTTP Request: POST https://api.mainnet-beta.solana.com "HTTP/1.1 429 Too Many Requests"
2025-08-21 13:03:50,899 [ERROR] Attempt 3 failed for wallet CzYQ2kFnBxsNEt9Zy34vQ3n5fSDhvA4o4XaTnq1rLvyr: SolanaRpcException - 
2025-08-21 13:03:53,876 [INFO] HTTP Request: POST https://api.mainnet-beta.solana.com "HTTP/1.1 429 Too Many Requests"
2025-08-21 13:03:53,878 [ERROR] Attempt 1 failed for wallet 572K14tpmzqSd7htA4TRrRqRjneqN32KgTNc22F9deR2: SolanaRpcException - 
2025-08-21 13:03:56,936 [INFO] HTTP Request: POST https://api.mainnet-beta.solana.com "HTTP/1.1 429 Too Many Requests"
2025-08-21 13:03:56,937 [ERROR] Attempt 2 failed for wallet 572K14tpmzqSd7htA4TRrRqRjneqN32KgTNc22F9deR2: SolanaRpcException - 
2025-08-21 13:03:59,903 [INFO] HTTP Request: POST https://api.mainnet-beta.solana.com "HTTP/1.1 429 Too Many Requests"
2025-08-21 13:03:59,904 [ERROR] Attempt 3 failed for wallet 572K14tpmzqSd7htA4TRrRqRjneqN32KgTNc22F9deR2: SolanaRpcException - 
2025-08-21 13:04:03,234 [INFO] HTTP Request: POST https://api.mainnet-beta.solana.com "HTTP/1.1 429 Too Many Requests"
2025-08-21 13:04:03,257 [ERROR] Attempt 1 failed for wallet CzYQ2kFnBxsNEt9Zy34vQ3n5fSDhvA4o4XaTnq1rLvyr: SolanaRpcException - 
2025-08-21 13:04:06,230 [INFO] HTTP Request: POST https://api.mainnet-beta.solana.com "HTTP/1.1 429 Too Many Requests"
2025-08-21 13:04:06,232 [ERROR] Attempt 2 failed for wallet CzYQ2kFnBxsNEt9Zy34vQ3n5fSDhvA4o4XaTnq1rLvyr: SolanaRpcException - 
2025-08-21 13:04:09,198 [INFO] HTTP Request: POST https://api.mainnet-beta.solana.com "HTTP/1.1 429 Too Many Requests"
2025-08-21 13:04:09,199 [ERROR] Attempt 3 failed for wallet CzYQ2kFnBxsNEt9Zy34vQ3n5fSDhvA4o4XaTnq1rLvyr: SolanaRpcException - 
2025-08-21 13:04:12,181 [INFO] HTTP Request: POST https://api.mainnet-beta.solana.com "HTTP/1.1 429 Too Many Requests"
2025-08-21 13:04:12,183 [ERROR] Attempt 1 failed for wallet 572K14tpmzqSd7htA4TRrRqRjneqN32KgTNc22F9deR2: SolanaRpcException - 
2025-08-21 13:04:12,879 [INFO] HTTP Request: POST https://api.mainnet-beta.solana.com "HTTP/1.1 429 Too Many Requests"
2025-08-21 13:04:12,880 [ERROR] Attempt 1 failed for wallet CzYQ2kFnBxsNEt9Zy34vQ3n5fSDhvA4o4XaTnq1rLvyr: SolanaRpcException - 
2025-08-21 13:04:15,184 [INFO] HTTP Request: POST https://api.mainnet-beta.solana.com "HTTP/1.1 429 Too Many Requests"
2025-08-21 13:04:15,187 [ERROR] Attempt 2 failed for wallet 572K14tpmzqSd7htA4TRrRqRjneqN32KgTNc22F9deR2: SolanaRpcException - 
2025-08-21 13:04:15,904 [INFO] HTTP Request: POST https://api.mainnet-beta.solana.com "HTTP/1.1 429 Too Many Requests"
2025-08-21 13:04:15,905 [ERROR] Attempt 2 failed for wallet CzYQ2kFnBxsNEt9Zy34vQ3n5fSDhvA4o4XaTnq1rLvyr: SolanaRpcException - 
2025-08-21 13:04:18,314 [INFO] HTTP Request: POST https://api.mainnet-beta.solana.com "HTTP/1.1 429 Too Many Requests"
2025-08-21 13:04:18,315 [ERROR] Attempt 3 failed for wallet 572K14tpmzqSd7htA4TRrRqRjneqN32KgTNc22F9deR2: SolanaRpcException - 
2025-08-21 13:04:18,995 [INFO] HTTP Request: POST https://api.mainnet-beta.solana.com "HTTP/1.1 429 Too Many Requests"
2025-08-21 13:04:18,999 [ERROR] Attempt 3 failed for wallet CzYQ2kFnBxsNEt9Zy34vQ3n5fSDhvA4o4XaTnq1rLvyr: SolanaRpcException - 
2025-08-21 13:04:22,040 [INFO] HTTP Request: POST https://api.mainnet-beta.solana.com "HTTP/1.1 429 Too Many Requests"
2025-08-21 13:04:22,042 [ERROR] Attempt 1 failed for wallet 572K14tpmzqSd7htA4TRrRqRjneqN32KgTNc22F9deR2: SolanaRpcException - 
2025-08-21 13:04:25,054 [INFO] HTTP Request: POST https://api.mainnet-beta.solana.com "HTTP/1.1 429 Too Many Requests"
2025-08-21 13:04:25,055 [ERROR] Attempt 2 failed for wallet 572K14tpmzqSd7htA4TRrRqRjneqN32KgTNc22F9deR2: SolanaRpcException - 
2025-08-21 13:04:28,095 [INFO] HTTP Request: POST https://api.mainnet-beta.solana.com "HTTP/1.1 429 Too Many Requests"
2025-08-21 13:04:28,096 [ERROR] Attempt 3 failed for wallet 572K14tpmzqSd7htA4TRrRqRjneqN32KgTNc22F9deR2: SolanaRpcException - 
2025-08-21 13:04:31,306 [INFO] HTTP Request: POST https://api.mainnet-beta.solana.com "HTTP/1.1 429 Too Many Requests"
2025-08-21 13:04:31,307 [ERROR] Attempt 1 failed for wallet CzYQ2kFnBxsNEt9Zy34vQ3n5fSDhvA4o4XaTnq1rLvyr: SolanaRpcException - 
2025-08-21 13:04:34,313 [INFO] HTTP Request: POST https://api.mainnet-beta.solana.com "HTTP/1.1 429 Too Many Requests"
2025-08-21 13:04:34,314 [ERROR] Attempt 2 failed for wallet CzYQ2kFnBxsNEt9Zy34vQ3n5fSDhvA4o4XaTnq1rLvyr: SolanaRpcException - 
2025-08-21 13:04:37,412 [INFO] HTTP Request: POST https://api.mainnet-beta.solana.com "HTTP/1.1 429 Too Many Requests"
2025-08-21 13:04:37,413 [ERROR] Attempt 3 failed for wallet CzYQ2kFnBxsNEt9Zy34vQ3n5fSDhvA4o4XaTnq1rLvyr: SolanaRpcException - 
2025-08-21 13:04:40,592 [INFO] HTTP Request: POST https://api.mainnet-beta.solana.com "HTTP/1.1 429 Too Many Requests"
2025-08-21 13:04:40,594 [ERROR] Attempt 1 failed for wallet 572K14tpmzqSd7htA4TRrRqRjneqN32KgTNc22F9deR2: SolanaRpcException - 
2025-08-21 13:04:41,383 [INFO] HTTP Request: POST https://api.mainnet-beta.solana.com "HTTP/1.1 429 Too Many Requests"
2025-08-21 13:04:41,386 [ERROR] Attempt 1 failed for wallet CzYQ2kFnBxsNEt9Zy34vQ3n5fSDhvA4o4XaTnq1rLvyr: SolanaRpcException - 
2025-08-21 13:04:43,658 [INFO] HTTP Request: POST https://api.mainnet-beta.solana.com "HTTP/1.1 429 Too Many Requests"
2025-08-21 13:04:43,660 [ERROR] Attempt 2 failed for wallet 572K14tpmzqSd7htA4TRrRqRjneqN32KgTNc22F9deR2: SolanaRpcException - 
2025-08-21 13:04:44,443 [INFO] HTTP Request: POST https://api.mainnet-beta.solana.com "HTTP/1.1 429 Too Many Requests"
2025-08-21 13:04:44,444 [ERROR] Attempt 2 failed for wallet CzYQ2kFnBxsNEt9Zy34vQ3n5fSDhvA4o4XaTnq1rLvyr: SolanaRpcException - 
2025-08-21 13:04:46,713 [INFO] HTTP Request: POST https://api.mainnet-beta.solana.com "HTTP/1.1 429 Too Many Requests"
2025-08-21 13:04:46,714 [ERROR] Attempt 3 failed for wallet 572K14tpmzqSd7htA4TRrRqRjneqN32KgTNc22F9deR2: SolanaRpcException - 
2025-08-21 13:04:47,503 [INFO] HTTP Request: POST https://api.mainnet-beta.solana.com "HTTP/1.1 429 Too Many Requests"
2025-08-21 13:04:47,504 [ERROR] Attempt 3 failed for wallet CzYQ2kFnBxsNEt9Zy34vQ3n5fSDhvA4o4XaTnq1rLvyr: SolanaRpcException - 
2025-08-21 13:04:50,567 [INFO] HTTP Request: POST https://api.mainnet-beta.solana.com "HTTP/1.1 429 Too Many Requests"
2025-08-21 13:04:50,569 [ERROR] Attempt 1 failed for wallet 572K14tpmzqSd7htA4TRrRqRjneqN32KgTNc22F9deR2: SolanaRpcException - 
2025-08-21 13:04:53,791 [INFO] HTTP Request: POST https://api.mainnet-beta.solana.com "HTTP/1.1 429 Too Many Requests"
2025-08-21 13:04:53,792 [ERROR] Attempt 2 failed for wallet 572K14tpmzqSd7htA4TRrRqRjneqN32KgTNc22F9deR2: SolanaRpcException - 
2025-08-21 13:04:57,120 [INFO] HTTP Request: POST https://api.mainnet-beta.solana.com "HTTP/1.1 429 Too Many Requests"
2025-08-21 13:04:57,121 [ERROR] Attempt 3 failed for wallet 572K14tpmzqSd7htA4TRrRqRjneqN32KgTNc22F9deR2: SolanaRpcException - 
2025-08-21 13:04:59,866 [INFO] HTTP Request: POST https://api.mainnet-beta.solana.com "HTTP/1.1 429 Too Many Requests"
2025-08-21 13:04:59,867 [ERROR] Attempt 1 failed for wallet CzYQ2kFnBxsNEt9Zy34vQ3n5fSDhvA4o4XaTnq1rLvyr: SolanaRpcException - 
2025-08-21 13:05:02,924 [INFO] HTTP Request: POST https://api.mainnet-beta.solana.com "HTTP/1.1 429 Too Many Requests"
2025-08-21 13:05:02,925 [ERROR] Attempt 2 failed for wallet CzYQ2kFnBxsNEt9Zy34vQ3n5fSDhvA4o4XaTnq1rLvyr: SolanaRpcException - 
2025-08-21 13:05:06,292 [INFO] HTTP Request: POST https://api.mainnet-beta.solana.com "HTTP/1.1 429 Too Many Requests"
2025-08-21 13:05:06,293 [ERROR] Attempt 3 failed for wallet CzYQ2kFnBxsNEt9Zy34vQ3n5fSDhvA4o4XaTnq1rLvyr: SolanaRpcException - 
2025-08-21 13:05:09,480 [INFO] HTTP Request: POST https://api.mainnet-beta.solana.com "HTTP/1.1 429 Too Many Requests"
2025-08-21 13:05:09,481 [ERROR] Attempt 1 failed for wallet 572K14tpmzqSd7htA4TRrRqRjneqN32KgTNc22F9deR2: SolanaRpcException - 
2025-08-21 13:05:10,124 [INFO] HTTP Request: POST https://api.mainnet-beta.solana.com "HTTP/1.1 429 Too Many Requests"
2025-08-21 13:05:10,125 [ERROR] Attempt 1 failed for wallet CzYQ2kFnBxsNEt9Zy34vQ3n5fSDhvA4o4XaTnq1rLvyr: SolanaRpcException - 
2025-08-21 13:05:12,487 [INFO] HTTP Request: POST https://api.mainnet-beta.solana.com "HTTP/1.1 429 Too Many Requests"
2025-08-21 13:05:12,488 [ERROR] Attempt 2 failed for wallet 572K14tpmzqSd7htA4TRrRqRjneqN32KgTNc22F9deR2: SolanaRpcException - 
2025-08-21 13:05:13,140 [INFO] HTTP Request: POST https://api.mainnet-beta.solana.com "HTTP/1.1 429 Too Many Requests"
2025-08-21 13:05:13,141 [ERROR] Attempt 2 failed for wallet CzYQ2kFnBxsNEt9Zy34vQ3n5fSDhvA4o4XaTnq1rLvyr: SolanaRpcException - 
2025-08-21 13:05:15,501 [INFO] HTTP Request: POST https://api.mainnet-beta.solana.com "HTTP/1.1 429 Too Many Requests"
2025-08-21 13:05:15,503 [ERROR] Attempt 3 failed for wallet 572K14tpmzqSd7htA4TRrRqRjneqN32KgTNc22F9deR2: SolanaRpcException - 
2025-08-21 13:05:16,163 [INFO] HTTP Request: POST https://api.mainnet-beta.solana.com "HTTP/1.1 429 Too Many Requests"
2025-08-21 13:05:16,164 [ERROR] Attempt 3 failed for wallet CzYQ2kFnBxsNEt9Zy34vQ3n5fSDhvA4o4XaTnq1rLvyr: SolanaRpcException - 
2025-08-21 13:05:19,153 [INFO] HTTP Request: POST https://api.mainnet-beta.solana.com "HTTP/1.1 429 Too Many Requests"
2025-08-21 13:05:19,154 [ERROR] Attempt 1 failed for wallet 572K14tpmzqSd7htA4TRrRqRjneqN32KgTNc22F9deR2: SolanaRpcException - 
2025-08-21 13:05:22,147 [INFO] HTTP Request: POST https://api.mainnet-beta.solana.com "HTTP/1.1 429 Too Many Requests"
2025-08-21 13:05:22,148 [ERROR] Attempt 2 failed for wallet 572K14tpmzqSd7htA4TRrRqRjneqN32KgTNc22F9deR2: SolanaRpcException - 
2025-08-21 13:05:25,299 [INFO] HTTP Request: POST https://api.mainnet-beta.solana.com "HTTP/1.1 429 Too Many Requests"
2025-08-21 13:05:25,302 [ERROR] Attempt 3 failed for wallet 572K14tpmzqSd7htA4TRrRqRjneqN32KgTNc22F9deR2: SolanaRpcException - 
2025-08-21 13:05:28,526 [INFO] HTTP Request: POST https://api.mainnet-beta.solana.com "HTTP/1.1 429 Too Many Requests"
2025-08-21 13:05:28,527 [ERROR] Attempt 1 failed for wallet CzYQ2kFnBxsNEt9Zy34vQ3n5fSDhvA4o4XaTnq1rLvyr: SolanaRpcException - 
2025-08-21 13:05:31,621 [INFO] HTTP Request: POST https://api.mainnet-beta.solana.com "HTTP/1.1 429 Too Many Requests"
2025-08-21 13:05:31,622 [ERROR] Attempt 2 failed for wallet CzYQ2kFnBxsNEt9Zy34vQ3n5fSDhvA4o4XaTnq1rLvyr: SolanaRpcException - 
2025-08-21 13:05:34,631 [INFO] HTTP Request: POST https://api.mainnet-beta.solana.com "HTTP/1.1 429 Too Many Requests"
2025-08-21 13:05:34,632 [ERROR] Attempt 3 failed for wallet CzYQ2kFnBxsNEt9Zy34vQ3n5fSDhvA4o4XaTnq1rLvyr: SolanaRpcException - 
2025-08-21 13:05:37,632 [INFO] HTTP Request: POST https://api.mainnet-beta.solana.com "HTTP/1.1 429 Too Many Requests"
2025-08-21 13:05:37,633 [ERROR] Attempt 1 failed for wallet 572K14tpmzqSd7htA4TRrRqRjneqN32KgTNc22F9deR2: SolanaRpcException - 
2025-08-21 13:05:38,320 [INFO] HTTP Request: POST https://api.mainnet-beta.solana.com "HTTP/1.1 429 Too Many Requests"
2025-08-21 13:05:38,321 [ERROR] Attempt 1 failed for wallet CzYQ2kFnBxsNEt9Zy34vQ3n5fSDhvA4o4XaTnq1rLvyr: SolanaRpcException - 
2025-08-21 13:05:40,667 [INFO] HTTP Request: POST https://api.mainnet-beta.solana.com "HTTP/1.1 429 Too Many Requests"
2025-08-21 13:05:40,668 [ERROR] Attempt 2 failed for wallet 572K14tpmzqSd7htA4TRrRqRjneqN32KgTNc22F9deR2: SolanaRpcException - 
2025-08-21 13:05:41,356 [INFO] HTTP Request: POST https://api.mainnet-beta.solana.com "HTTP/1.1 429 Too Many Requests"
2025-08-21 13:05:41,357 [ERROR] Attempt 2 failed for wallet CzYQ2kFnBxsNEt9Zy34vQ3n5fSDhvA4o4XaTnq1rLvyr: SolanaRpcException - 
2025-08-21 13:05:43,836 [INFO] HTTP Request: POST https://api.mainnet-beta.solana.com "HTTP/1.1 429 Too Many Requests"
2025-08-21 13:05:43,838 [ERROR] Attempt 3 failed for wallet 572K14tpmzqSd7htA4TRrRqRjneqN32KgTNc22F9deR2: SolanaRpcException - 
2025-08-21 13:05:44,524 [INFO] HTTP Request: POST https://api.mainnet-beta.solana.com "HTTP/1.1 429 Too Many Requests"
2025-08-21 13:05:44,525 [ERROR] Attempt 3 failed for wallet CzYQ2kFnBxsNEt9Zy34vQ3n5fSDhvA4o4XaTnq1rLvyr: SolanaRpcException - 
2025-08-21 13:05:47,666 [INFO] HTTP Request: POST https://api.mainnet-beta.solana.com "HTTP/1.1 429 Too Many Requests"
2025-08-21 13:05:47,667 [ERROR] Attempt 1 failed for wallet 572K14tpmzqSd7htA4TRrRqRjneqN32KgTNc22F9deR2: SolanaRpcException - 
2025-08-21 13:06:10,062 [INFO] Bot started...
2025-08-21 13:06:10,064 [INFO] Watching wallets: [Pubkey(
    CzYQ2kFnBxsNEt9Zy34vQ3n5fSDhvA4o4XaTnq1rLvyr,
), Pubkey(
    572K14tpmzqSd7htA4TRrRqRjneqN32KgTNc22F9deR2,
)]
2025-08-21 13:06:11,232 [INFO] HTTP Request: POST https://api.mainnet-beta.solana.com "HTTP/1.1 200 OK"
2025-08-21 13:06:12,582 [INFO] HTTP Request: POST https://api.mainnet-beta.solana.com "HTTP/1.1 200 OK"
2025-08-21 13:06:13,311 [INFO] Sent Telegram alert: \U0001f680 *Multi-Wallet Confirmation Detected!*

\U0001f4b0 CzYQ…Lvyr \u2192 [View Tx](https://explorer.solana.com/tx/29casLDneu3qwB2AeSd1GoALXkQxXQhwt1pWinrMkWed2TgqoDgqFc5BnkrnCjCM5qP17ogaSx7Sh6PVyYEYYL8e)
\U0001f4b0 572K…deR2 \u2192 [View Tx](https://explorer.solana.com/tx/339aRHCbvjM8VtfeTZcEGQ9DgTZy98QFPzCEnPBxvT4EScm9cTFkTrRyjZNxaHymPKn64bPRWGZ5tnLabRtyTTTL)

2025-08-21 13:06:24,662 [INFO] HTTP Request: POST https://api.mainnet-beta.solana.com "HTTP/1.1 200 OK"
2025-08-21 13:06:25,819 [INFO] HTTP Request: POST https://api.mainnet-beta.solana.com "HTTP/1.1 429 Too Many Requests"
2025-08-21 13:06:25,820 [ERROR] Attempt 1 failed for wallet 572K14tpmzqSd7htA4TRrRqRjneqN32KgTNc22F9deR2: SolanaRpcException - 
2025-08-21 13:06:28,834 [INFO] HTTP Request: POST https://api.mainnet-beta.solana.com "HTTP/1.1 429 Too Many Requests"
2025-08-21 13:06:28,836 [ERROR] Attempt 2 failed for wallet 572K14tpmzqSd7htA4TRrRqRjneqN32KgTNc22F9deR2: SolanaRpcException - 
2025-08-21 13:06:32,005 [INFO] HTTP Request: POST https://api.mainnet-beta.solana.com "HTTP/1.1 429 Too Many Requests"
2025-08-21 13:06:32,006 [ERROR] Attempt 3 failed for wallet 572K14tpmzqSd7htA4TRrRqRjneqN32KgTNc22F9deR2: SolanaRpcException - 
2025-08-21 13:06:45,289 [INFO] HTTP Request: POST https://api.mainnet-beta.solana.com "HTTP/1.1 200 OK"
2025-08-21 13:06:46,702 [INFO] HTTP Request: POST https://api.mainnet-beta.solana.com "HTTP/1.1 200 OK"
2025-08-21 13:06:57,753 [INFO] HTTP Request: POST https://api.mainnet-beta.solana.com "HTTP/1.1 200 OK"
2025-08-21 13:06:59,222 [INFO] HTTP Request: POST https://api.mainnet-beta.solana.com "HTTP/1.1 200 OK"
2025-08-21 13:09:00,321 [INFO] Bot started...
2025-08-21 13:09:00,322 [INFO] Watching wallets: [Pubkey(
    3y7d5AfnngarnBiyzFXKYg5oD9Y4LLxNgJe5dyS2qoki,
), Pubkey(
    AQXPaNNWWGScNgdnjRvrEw5ht3ko1G4rft4zwAZHxJJk,
)]
2025-08-21 13:09:01,416 [INFO] HTTP Request: POST https://api.mainnet-beta.solana.com "HTTP/1.1 200 OK"
2025-08-21 13:09:02,501 [INFO] HTTP Request: POST https://api.mainnet-beta.solana.com "HTTP/1.1 200 OK"
2025-08-21 13:09:03,230 [INFO] Sent Telegram alert: \U0001f680 *Multi-Wallet Confirmation Detected!*

\U0001f4b0 3y7d…qoki \u2192 [View Tx](https://explorer.solana.com/tx/5EdftXcx5Q8FqmxMFv5215n2ipbT8uEBkjAFxW9g7KGSdKpUUjy77mTZUJz621b1JRVLvrhEJhMd9Dw6SChpVq46)
\U0001f4b0 AQXP…xJJk \u2192 [View Tx](https://explorer.solana.com/tx/5EarWsQH8t5EehKH7wRZanHB1Bt4WQmmRdebFd6fQjAJJURyA6MEQpdfCp1zXYUHZeaj3WorTTrawem2fGiYDuob)

2025-08-21 13:09:14,459 [INFO] HTTP Request: POST https://api.mainnet-beta.solana.com "HTTP/1.1 200 OK"
2025-08-21 13:09:15,533 [INFO] HTTP Request: POST https://api.mainnet-beta.solana.com "HTTP/1.1 429 Too Many Requests"
2025-08-21 13:09:15,535 [ERROR] Attempt 1 failed for wallet AQXPaNNWWGScNgdnjRvrEw5ht3ko1G4rft4zwAZHxJJk: SolanaRpcException - 
2025-08-21 13:09:18,609 [INFO] HTTP Request: POST https://api.mainnet-beta.solana.com "HTTP/1.1 429 Too Many Requests"
2025-08-21 13:09:18,610 [ERROR] Attempt 2 failed for wallet AQXPaNNWWGScNgdnjRvrEw5ht3ko1G4rft4zwAZHxJJk: SolanaRpcException - 
2025-08-21 13:09:21,674 [INFO] HTTP Request: POST https://api.mainnet-beta.solana.com "HTTP/1.1 429 Too Many Requests"
2025-08-21 13:09:21,675 [ERROR] Attempt 3 failed for wallet AQXPaNNWWGScNgdnjRvrEw5ht3ko1G4rft4zwAZHxJJk: SolanaRpcException - 
2025-08-21 13:09:34,695 [INFO] HTTP Request: POST https://api.mainnet-beta.solana.com "HTTP/1.1 200 OK"
2025-08-21 13:09:35,779 [INFO] HTTP Request: POST https://api.mainnet-beta.solana.com "HTTP/1.1 200 OK"
2025-08-21 13:09:46,917 [INFO] HTTP Request: POST https://api.mainnet-beta.solana.com "HTTP/1.1 200 OK"
2025-08-21 13:09:48,419 [INFO] HTTP Request: POST https://api.mainnet-beta.solana.com "HTTP/1.1 200 OK"
2025-08-21 13:09:59,405 [INFO] HTTP Request: POST https://api.mainnet-beta.solana.com "HTTP/1.1 200 OK"
2025-08-21 13:10:00,430 [INFO] HTTP Request: POST https://api.mainnet-beta.solana.com "HTTP/1.1 200 OK"
2025-08-21 13:10:11,503 [INFO] HTTP Request: POST https://api.mainnet-beta.solana.com "HTTP/1.1 200 OK"
2025-08-21 13:10:12,523 [INFO] HTTP Request: POST https://api.mainnet-beta.solana.com "HTTP/1.1 200 OK"
2025-08-21 13:10:23,618 [INFO] HTTP Request: POST https://api.mainnet-beta.solana.com "HTTP/1.1 200 OK"
2025-08-21 13:10:24,622 [INFO] HTTP Request: POST https://api.mainnet-beta.solana.com "HTTP/1.1 429 Too Many Requests"
2025-08-21 13:10:24,623 [ERROR] Attempt 1 failed for wallet AQXPaNNWWGScNgdnjRvrEw5ht3ko1G4rft4zwAZHxJJk: SolanaRpcException - 
2025-08-21 13:10:27,624 [INFO] HTTP Request: POST https://api.mainnet-beta.solana.com "HTTP/1.1 429 Too Many Requests"
2025-08-21 13:10:27,625 [ERROR] Attempt 2 failed for wallet AQXPaNNWWGScNgdnjRvrEw5ht3ko1G4rft4zwAZHxJJk: SolanaRpcException - 
2025-08-21 13:10:30,663 [INFO] HTTP Request: POST https://api.mainnet-beta.solana.com "HTTP/1.1 429 Too Many Requests"
2025-08-21 13:10:30,664 [ERROR] Attempt 3 failed for wallet AQXPaNNWWGScNgdnjRvrEw5ht3ko1G4rft4zwAZHxJJk: SolanaRpcException - 
2025-08-21 13:10:43,907 [INFO] HTTP Request: POST https://api.mainnet-beta.solana.com "HTTP/1.1 200 OK"
2025-08-21 13:10:45,111 [INFO] HTTP Request: POST https://api.mainnet-beta.solana.com "HTTP/1.1 200 OK"
2025-08-21 13:10:56,379 [INFO] HTTP Request: POST https://api.mainnet-beta.solana.com "HTTP/1.1 200 OK"
2025-08-21 13:10:58,178 [INFO] HTTP Request: POST https://api.mainnet-beta.solana.com "HTTP/1.1 429 Too Many Requests"
2025-08-21 13:10:58,179 [ERROR] Attempt 1 failed for wallet AQXPaNNWWGScNgdnjRvrEw5ht3ko1G4rft4zwAZHxJJk: SolanaRpcException - 
2025-08-21 13:11:01,215 [INFO] HTTP Request: POST https://api.mainnet-beta.solana.com "HTTP/1.1 429 Too Many Requests"
2025-08-21 13:11:01,216 [ERROR] Attempt 2 failed for wallet AQXPaNNWWGScNgdnjRvrEw5ht3ko1G4rft4zwAZHxJJk: SolanaRpcException - 
2025-08-21 13:11:04,421 [INFO] HTTP Request: POST https://api.mainnet-beta.solana.com "HTTP/1.1 429 Too Many Requests"
2025-08-21 13:11:04,421 [ERROR] Attempt 3 failed for wallet AQXPaNNWWGScNgdnjRvrEw5ht3ko1G4rft4zwAZHxJJk: SolanaRpcException - 
2025-08-21 13:11:17,429 [INFO] HTTP Request: POST https://api.mainnet-beta.solana.com "HTTP/1.1 200 OK"
2025-08-21 13:11:18,448 [INFO] HTTP Request: POST https://api.mainnet-beta.solana.com "HTTP/1.1 200 OK"
2025-08-21 13:11:29,554 [INFO] HTTP Request: POST https://api.mainnet-beta.solana.com "HTTP/1.1 200 OK"
2025-08-21 13:11:30,560 [INFO] HTTP Request: POST https://api.mainnet-beta.solana.com "HTTP/1.1 200 OK"
2025-08-21 13:11:41,598 [INFO] HTTP Request: POST https://api.mainnet-beta.solana.com "HTTP/1.1 200 OK"
2025-08-21 13:11:42,622 [INFO] HTTP Request: POST https://api.mainnet-beta.solana.com "HTTP/1.1 200 OK"
2025-08-21 13:11:53,630 [INFO] HTTP Request: POST https://api.mainnet-beta.solana.com "HTTP/1.1 200 OK"
2025-08-21 13:11:54,626 [INFO] HTTP Request: POST https://api.mainnet-beta.solana.com "HTTP/1.1 200 OK"
2025-08-21 13:12:05,733 [INFO] HTTP Request: POST https://api.mainnet-beta.solana.com "HTTP/1.1 200 OK"
2025-08-21 13:12:06,749 [INFO] HTTP Request: POST https://api.mainnet-beta.solana.com "HTTP/1.1 200 OK"
2025-08-21 13:12:17,752 [INFO] HTTP Request: POST https://api.mainnet-beta.solana.com "HTTP/1.1 200 OK"
2025-08-21 13:12:18,746 [INFO] HTTP Request: POST https://api.mainnet-beta.solana.com "HTTP/1.1 429 Too Many Requests"
2025-08-21 13:12:18,746 [ERROR] Attempt 1 failed for wallet AQXPaNNWWGScNgdnjRvrEw5ht3ko1G4rft4zwAZHxJJk: SolanaRpcException - 
2025-08-21 13:12:21,751 [INFO] HTTP Request: POST https://api.mainnet-beta.solana.com "HTTP/1.1 429 Too Many Requests"
2025-08-21 13:12:21,752 [ERROR] Attempt 2 failed for wallet AQXPaNNWWGScNgdnjRvrEw5ht3ko1G4rft4zwAZHxJJk: SolanaRpcException - 
2025-08-21 13:12:24,785 [INFO] HTTP Request: POST https://api.mainnet-beta.solana.com "HTTP/1.1 429 Too Many Requests"
2025-08-21 13:12:24,786 [ERROR] Attempt 3 failed for wallet AQXPaNNWWGScNgdnjRvrEw5ht3ko1G4rft4zwAZHxJJk: SolanaRpcException - 
2025-08-21 13:12:37,902 [INFO] HTTP Request: POST https://api.mainnet-beta.solana.com "HTTP/1.1 200 OK"
2025-08-21 13:12:38,964 [INFO] HTTP Request: POST https://api.mainnet-beta.solana.com "HTTP/1.1 200 OK"
2025-08-21 13:12:50,008 [INFO] HTTP Request: POST https://api.mainnet-beta.solana.com "HTTP/1.1 200 OK"
2025-08-21 13:12:51,076 [INFO] HTTP Request: POST https://api.mainnet-beta.solana.com "HTTP/1.1 200 OK"
2025-08-21 13:13:02,099 [INFO] HTTP Request: POST https://api.mainnet-beta.solana.com "HTTP/1.1 200 OK"
2025-08-21 13:13:03,100 [INFO] HTTP Request: POST https://api.mainnet-beta.solana.com "HTTP/1.1 200 OK"
2025-08-21 13:13:14,171 [INFO] HTTP Request: POST https://api.mainnet-beta.solana.com "HTTP/1.1 200 OK"
2025-08-21 13:13:15,178 [INFO] HTTP Request: POST https://api.mainnet-beta.solana.com "HTTP/1.1 200 OK"
2025-08-21 13:13:26,190 [INFO] HTTP Request: POST https://api.mainnet-beta.solana.com "HTTP/1.1 200 OK"
2025-08-21 13:13:27,183 [INFO] HTTP Request: POST https://api.mainnet-beta.solana.com "HTTP/1.1 429 Too Many Requests"
2025-08-21 13:13:27,184 [ERROR] Attempt 1 failed for wallet AQXPaNNWWGScNgdnjRvrEw5ht3ko1G4rft4zwAZHxJJk: SolanaRpcException - 
2025-08-21 13:13:30,164 [INFO] HTTP Request: POST https://api.mainnet-beta.solana.com "HTTP/1.1 429 Too Many Requests"
2025-08-21 13:13:30,165 [ERROR] Attempt 2 failed for wallet AQXPaNNWWGScNgdnjRvrEw5ht3ko1G4rft4zwAZHxJJk: SolanaRpcException - 
2025-08-21 13:13:33,147 [INFO] HTTP Request: POST https://api.mainnet-beta.solana.com "HTTP/1.1 429 Too Many Requests"
2025-08-21 13:13:33,148 [ERROR] Attempt 3 failed for wallet AQXPaNNWWGScNgdnjRvrEw5ht3ko1G4rft4zwAZHxJJk: SolanaRpcException - 
2025-08-21 13:13:46,261 [INFO] HTTP Request: POST https://api.mainnet-beta.solana.com "HTTP/1.1 200 OK"
2025-08-21 13:13:47,295 [INFO] HTTP Request: POST https://api.mainnet-beta.solana.com "HTTP/1.1 200 OK"
2025-08-21 13:13:58,328 [INFO] HTTP Request: POST https://api.mainnet-beta.solana.com "HTTP/1.1 200 OK"
2025-08-21 13:13:59,328 [INFO] HTTP Request: POST https://api.mainnet-beta.solana.com "HTTP/1.1 429 Too Many Requests"
2025-08-21 13:13:59,330 [ERROR] Attempt 1 failed for wallet AQXPaNNWWGScNgdnjRvrEw5ht3ko1G4rft4zwAZHxJJk: SolanaRpcException - 
2025-08-21 13:14:02,330 [INFO] HTTP Request: POST https://api.mainnet-beta.solana.com "HTTP/1.1 429 Too Many Requests"
2025-08-21 13:14:02,330 [ERROR] Attempt 2 failed for wallet AQXPaNNWWGScNgdnjRvrEw5ht3ko1G4rft4zwAZHxJJk: SolanaRpcException - 
2025-08-21 13:14:05,315 [INFO] HTTP Request: POST https://api.mainnet-beta.solana.com "HTTP/1.1 429 Too Many Requests"
2025-08-21 13:14:05,316 [ERROR] Attempt 3 failed for wallet AQXPaNNWWGScNgdnjRvrEw5ht3ko1G4rft4zwAZHxJJk: SolanaRpcException - 
2025-08-21 13:14:18,416 [INFO] HTTP Request: POST https://api.mainnet-beta.solana.com "HTTP/1.1 200 OK"
2025-08-21 13:14:19,406 [INFO] HTTP Request: POST https://api.mainnet-beta.solana.com "HTTP/1.1 200 OK"
2025-08-21 13:14:30,395 [INFO] HTTP Request: POST https://api.mainnet-beta.solana.com "HTTP/1.1 200 OK"
2025-08-21 13:14:31,377 [INFO] HTTP Request: POST https://api.mainnet-beta.solana.com "HTTP/1.1 429 Too Many Requests"
2025-08-21 13:14:31,378 [ERROR] Attempt 1 failed for wallet AQXPaNNWWGScNgdnjRvrEw5ht3ko1G4rft4zwAZHxJJk: SolanaRpcException - 
2025-08-21 13:14:34,374 [INFO] HTTP Request: POST https://api.mainnet-beta.solana.com "HTTP/1.1 429 Too Many Requests"
2025-08-21 13:14:34,375 [ERROR] Attempt 2 failed for wallet AQXPaNNWWGScNgdnjRvrEw5ht3ko1G4rft4zwAZHxJJk: SolanaRpcException - 
2025-08-21 13:14:37,349 [INFO] HTTP Request: POST https://api.mainnet-beta.solana.com "HTTP/1.1 429 Too Many Requests"
2025-08-21 13:14:37,350 [ERROR] Attempt 3 failed for wallet AQXPaNNWWGScNgdnjRvrEw5ht3ko1G4rft4zwAZHxJJk: SolanaRpcException - 
2025-08-21 13:14:50,468 [INFO] HTTP Request: POST https://api.mainnet-beta.solana.com "HTTP/1.1 200 OK"
2025-08-21 13:14:51,461 [INFO] HTTP Request: POST https://api.mainnet-beta.solana.com "HTTP/1.1 200 OK"
2025-08-21 13:15:02,510 [INFO] HTTP Request: POST https://api.mainnet-beta.solana.com "HTTP/1.1 200 OK"
2025-08-21 13:15:03,842 [INFO] HTTP Request: POST https://api.mainnet-beta.solana.com "HTTP/1.1 429 Too Many Requests"
2025-08-21 13:15:03,843 [ERROR] Attempt 1 failed for wallet AQXPaNNWWGScNgdnjRvrEw5ht3ko1G4rft4zwAZHxJJk: SolanaRpcException - 
2025-08-21 13:15:06,853 [INFO] HTTP Request: POST https://api.mainnet-beta.solana.com "HTTP/1.1 429 Too Many Requests"
2025-08-21 13:15:06,855 [ERROR] Attempt 2 failed for wallet AQXPaNNWWGScNgdnjRvrEw5ht3ko1G4rft4zwAZHxJJk: SolanaRpcException - 
2025-08-21 13:15:09,857 [INFO] HTTP Request: POST https://api.mainnet-beta.solana.com "HTTP/1.1 429 Too Many Requests"
2025-08-21 13:15:09,858 [ERROR] Attempt 3 failed for wallet AQXPaNNWWGScNgdnjRvrEw5ht3ko1G4rft4zwAZHxJJk: SolanaRpcException - 
2025-08-21 13:15:22,984 [INFO] HTTP Request: POST https://api.mainnet-beta.solana.com "HTTP/1.1 200 OK"
2025-08-21 13:15:23,985 [INFO] HTTP Request: POST https://api.mainnet-beta.solana.com "HTTP/1.1 200 OK"
2025-08-21 13:15:34,979 [INFO] HTTP Request: POST https://api.mainnet-beta.solana.com "HTTP/1.1 200 OK"
2025-08-21 13:15:35,990 [INFO] HTTP Request: POST https://api.mainnet-beta.solana.com "HTTP/1.1 429 Too Many Requests"
2025-08-21 13:15:35,993 [ERROR] Attempt 1 failed for wallet AQXPaNNWWGScNgdnjRvrEw5ht3ko1G4rft4zwAZHxJJk: SolanaRpcException - 
2025-08-21 13:15:38,995 [INFO] HTTP Request: POST https://api.mainnet-beta.solana.com "HTTP/1.1 429 Too Many Requests"
2025-08-21 13:15:38,996 [ERROR] Attempt 2 failed for wallet AQXPaNNWWGScNgdnjRvrEw5ht3ko1G4rft4zwAZHxJJk: SolanaRpcException - 
2025-08-21 13:15:41,968 [INFO] HTTP Request: POST https://api.mainnet-beta.solana.com "HTTP/1.1 429 Too Many Requests"
2025-08-21 13:15:41,969 [ERROR] Attempt 3 failed for wallet AQXPaNNWWGScNgdnjRvrEw5ht3ko1G4rft4zwAZHxJJk: SolanaRpcException - 
2025-08-21 13:15:54,999 [INFO] HTTP Request: POST https://api.mainnet-beta.solana.com "HTTP/1.1 200 OK"
2025-08-21 13:15:56,004 [INFO] HTTP Request: POST https://api.mainnet-beta.solana.com "HTTP/1.1 200 OK"
2025-08-21 13:16:07,019 [INFO] HTTP Request: POST https://api.mainnet-beta.solana.com "HTTP/1.1 200 OK"
2025-08-21 13:16:08,057 [INFO] HTTP Request: POST https://api.mainnet-beta.solana.com "HTTP/1.1 429 Too Many Requests"
2025-08-21 13:16:08,058 [ERROR] Attempt 1 failed for wallet AQXPaNNWWGScNgdnjRvrEw5ht3ko1G4rft4zwAZHxJJk: SolanaRpcException - 
2025-08-21 13:16:11,079 [INFO] HTTP Request: POST https://api.mainnet-beta.solana.com "HTTP/1.1 429 Too Many Requests"
2025-08-21 13:16:11,080 [ERROR] Attempt 2 failed for wallet AQXPaNNWWGScNgdnjRvrEw5ht3ko1G4rft4zwAZHxJJk: SolanaRpcException - 
2025-08-21 13:16:14,066 [INFO] HTTP Request: POST https://api.mainnet-beta.solana.com "HTTP/1.1 429 Too Many Requests"
2025-08-21 13:16:14,067 [ERROR] Attempt 3 failed for wallet AQXPaNNWWGScNgdnjRvrEw5ht3ko1G4rft4zwAZHxJJk: SolanaRpcException - 
2025-08-21 13:16:27,304 [INFO] HTTP Request: POST https://api.mainnet-beta.solana.com "HTTP/1.1 200 OK"
2025-08-21 13:16:28,297 [INFO] HTTP Request: POST https://api.mainnet-beta.solana.com "HTTP/1.1 200 OK"
2025-08-21 13:16:39,313 [INFO] HTTP Request: POST https://api.mainnet-beta.solana.com "HTTP/1.1 200 OK"
2025-08-21 13:16:40,781 [INFO] HTTP Request: POST https://api.mainnet-beta.solana.com "HTTP/1.1 429 Too Many Requests"
2025-08-21 13:16:40,782 [ERROR] Attempt 1 failed for wallet AQXPaNNWWGScNgdnjRvrEw5ht3ko1G4rft4zwAZHxJJk: SolanaRpcException - 
2025-08-21 13:16:43,763 [INFO] HTTP Request: POST https://api.mainnet-beta.solana.com "HTTP/1.1 429 Too Many Requests"
2025-08-21 13:16:43,765 [ERROR] Attempt 2 failed for wallet AQXPaNNWWGScNgdnjRvrEw5ht3ko1G4rft4zwAZHxJJk: SolanaRpcException - 
2025-08-21 13:16:46,762 [INFO] HTTP Request: POST https://api.mainnet-beta.solana.com "HTTP/1.1 429 Too Many Requests"
2025-08-21 13:16:46,764 [ERROR] Attempt 3 failed for wallet AQXPaNNWWGScNgdnjRvrEw5ht3ko1G4rft4zwAZHxJJk: SolanaRpcException - 
2025-08-21 13:16:59,813 [INFO] HTTP Request: POST https://api.mainnet-beta.solana.com "HTTP/1.1 200 OK"
2025-08-21 13:17:00,816 [INFO] HTTP Request: POST https://api.mainnet-beta.solana.com "HTTP/1.1 200 OK"
2025-08-21 13:17:11,801 [INFO] HTTP Request: POST https://api.mainnet-beta.solana.com "HTTP/1.1 200 OK"
2025-08-21 13:17:12,772 [INFO] HTTP Request: POST https://api.mainnet-beta.solana.com "HTTP/1.1 429 Too Many Requests"
2025-08-21 13:17:12,773 [ERROR] Attempt 1 failed for wallet AQXPaNNWWGScNgdnjRvrEw5ht3ko1G4rft4zwAZHxJJk: SolanaRpcException - 
2025-08-21 13:17:15,824 [INFO] HTTP Request: POST https://api.mainnet-beta.solana.com "HTTP/1.1 429 Too Many Requests"
2025-08-21 13:17:15,825 [ERROR] Attempt 2 failed for wallet AQXPaNNWWGScNgdnjRvrEw5ht3ko1G4rft4zwAZHxJJk: SolanaRpcException - 
2025-08-21 13:17:18,792 [INFO] HTTP Request: POST https://api.mainnet-beta.solana.com "HTTP/1.1 429 Too Many Requests"
2025-08-21 13:17:18,793 [ERROR] Attempt 3 failed for wallet AQXPaNNWWGScNgdnjRvrEw5ht3ko1G4rft4zwAZHxJJk: SolanaRpcException - 
2025-08-21 13:17:31,873 [INFO] HTTP Request: POST https://api.mainnet-beta.solana.com "HTTP/1.1 200 OK"
2025-08-21 13:17:32,837 [INFO] HTTP Request: POST https://api.mainnet-beta.solana.com "HTTP/1.1 200 OK"
2025-08-21 13:17:43,821 [INFO] HTTP Request: POST https://api.mainnet-beta.solana.com "HTTP/1.1 200 OK"
2025-08-21 13:17:44,788 [INFO] HTTP Request: POST https://api.mainnet-beta.solana.com "HTTP/1.1 429 Too Many Requests"
2025-08-21 13:17:44,789 [ERROR] Attempt 1 failed for wallet AQXPaNNWWGScNgdnjRvrEw5ht3ko1G4rft4zwAZHxJJk: SolanaRpcException - 
2025-08-21 13:17:47,801 [INFO] HTTP Request: POST https://api.mainnet-beta.solana.com "HTTP/1.1 429 Too Many Requests"
2025-08-21 13:17:47,802 [ERROR] Attempt 2 failed for wallet AQXPaNNWWGScNgdnjRvrEw5ht3ko1G4rft4zwAZHxJJk: SolanaRpcException - 
2025-08-21 13:17:50,782 [INFO] HTTP Request: POST https://api.mainnet-beta.solana.com "HTTP/1.1 429 Too Many Requests"
2025-08-21 13:17:50,783 [ERROR] Attempt 3 failed for wallet AQXPaNNWWGScNgdnjRvrEw5ht3ko1G4rft4zwAZHxJJk: SolanaRpcException - 
2025-08-21 13:18:03,864 [INFO] HTTP Request: POST https://api.mainnet-beta.solana.com "HTTP/1.1 200 OK"
2025-08-21 13:18:04,857 [INFO] HTTP Request: POST https://api.mainnet-beta.solana.com "HTTP/1.1 200 OK"
2025-08-21 13:18:15,849 [INFO] HTTP Request: POST https://api.mainnet-beta.solana.com "HTTP/1.1 200 OK"
2025-08-21 13:18:16,834 [INFO] HTTP Request: POST https://api.mainnet-beta.solana.com "HTTP/1.1 429 Too Many Requests"
2025-08-21 13:18:16,835 [ERROR] Attempt 1 failed for wallet AQXPaNNWWGScNgdnjRvrEw5ht3ko1G4rft4zwAZHxJJk: SolanaRpcException - 
2025-08-21 13:18:19,811 [INFO] HTTP Request: POST https://api.mainnet-beta.solana.com "HTTP/1.1 429 Too Many Requests"
2025-08-21 13:18:19,812 [ERROR] Attempt 2 failed for wallet AQXPaNNWWGScNgdnjRvrEw5ht3ko1G4rft4zwAZHxJJk: SolanaRpcException - 
2025-08-21 13:18:22,838 [INFO] HTTP Request: POST https://api.mainnet-beta.solana.com "HTTP/1.1 429 Too Many Requests"
2025-08-21 13:18:22,840 [ERROR] Attempt 3 failed for wallet AQXPaNNWWGScNgdnjRvrEw5ht3ko1G4rft4zwAZHxJJk: SolanaRpcException - 
2025-08-21 13:18:35,883 [INFO] HTTP Request: POST https://api.mainnet-beta.solana.com "HTTP/1.1 200 OK"
2025-08-21 13:18:36,856 [INFO] HTTP Request: POST https://api.mainnet-beta.solana.com "HTTP/1.1 200 OK"
2025-08-21 13:18:47,832 [INFO] HTTP Request: POST https://api.mainnet-beta.solana.com "HTTP/1.1 200 OK"
2025-08-21 13:18:48,813 [INFO] HTTP Request: POST https://api.mainnet-beta.solana.com "HTTP/1.1 429 Too Many Requests"
2025-08-21 13:18:48,814 [ERROR] Attempt 1 failed for wallet AQXPaNNWWGScNgdnjRvrEw5ht3ko1G4rft4zwAZHxJJk: SolanaRpcException - 
2025-08-21 13:18:51,821 [INFO] HTTP Request: POST https://api.mainnet-beta.solana.com "HTTP/1.1 429 Too Many Requests"
2025-08-21 13:18:51,822 [ERROR] Attempt 2 failed for wallet AQXPaNNWWGScNgdnjRvrEw5ht3ko1G4rft4zwAZHxJJk: SolanaRpcException - 
2025-08-21 13:18:54,812 [INFO] HTTP Request: POST https://api.mainnet-beta.solana.com "HTTP/1.1 429 Too Many Requests"
2025-08-21 13:18:54,813 [ERROR] Attempt 3 failed for wallet AQXPaNNWWGScNgdnjRvrEw5ht3ko1G4rft4zwAZHxJJk: SolanaRpcException - 
2025-08-21 13:19:07,893 [INFO] HTTP Request: POST https://api.mainnet-beta.solana.com "HTTP/1.1 200 OK"
2025-08-21 13:19:08,884 [INFO] HTTP Request: POST https://api.mainnet-beta.solana.com "HTTP/1.1 200 OK"
2025-08-21 13:19:19,877 [INFO] HTTP Request: POST https://api.mainnet-beta.solana.com "HTTP/1.1 200 OK"
2025-08-21 13:19:20,886 [INFO] HTTP Request: POST https://api.mainnet-beta.solana.com "HTTP/1.1 429 Too Many Requests"
2025-08-21 13:19:20,887 [ERROR] Attempt 1 failed for wallet AQXPaNNWWGScNgdnjRvrEw5ht3ko1G4rft4zwAZHxJJk: SolanaRpcException - 
2025-08-21 13:19:23,916 [INFO] HTTP Request: POST https://api.mainnet-beta.solana.com "HTTP/1.1 429 Too Many Requests"
2025-08-21 13:19:23,917 [ERROR] Attempt 2 failed for wallet AQXPaNNWWGScNgdnjRvrEw5ht3ko1G4rft4zwAZHxJJk: SolanaRpcException - 
2025-08-21 13:19:26,886 [INFO] HTTP Request: POST https://api.mainnet-beta.solana.com "HTTP/1.1 429 Too Many Requests"
2025-08-21 13:19:26,888 [ERROR] Attempt 3 failed for wallet AQXPaNNWWGScNgdnjRvrEw5ht3ko1G4rft4zwAZHxJJk: SolanaRpcException - 
2025-08-21 13:19:39,970 [INFO] HTTP Request: POST https://api.mainnet-beta.solana.com "HTTP/1.1 200 OK"
2025-08-21 13:19:40,939 [INFO] HTTP Request: POST https://api.mainnet-beta.solana.com "HTTP/1.1 200 OK"
2025-08-21 13:19:51,929 [INFO] HTTP Request: POST https://api.mainnet-beta.solana.com "HTTP/1.1 200 OK"
2025-08-21 13:19:52,905 [INFO] HTTP Request: POST https://api.mainnet-beta.solana.com "HTTP/1.1 429 Too Many Requests"
2025-08-21 13:19:52,906 [ERROR] Attempt 1 failed for wallet AQXPaNNWWGScNgdnjRvrEw5ht3ko1G4rft4zwAZHxJJk: SolanaRpcException - 
2025-08-21 13:19:55,906 [INFO] HTTP Request: POST https://api.mainnet-beta.solana.com "HTTP/1.1 429 Too Many Requests"
2025-08-21 13:19:55,914 [ERROR] Attempt 2 failed for wallet AQXPaNNWWGScNgdnjRvrEw5ht3ko1G4rft4zwAZHxJJk: SolanaRpcException - 
2025-08-21 13:19:58,881 [INFO] HTTP Request: POST https://api.mainnet-beta.solana.com "HTTP/1.1 429 Too Many Requests"
2025-08-21 13:19:58,882 [ERROR] Attempt 3 failed for wallet AQXPaNNWWGScNgdnjRvrEw5ht3ko1G4rft4zwAZHxJJk: SolanaRpcException - 
2025-08-21 13:20:12,032 [INFO] HTTP Request: POST https://api.mainnet-beta.solana.com "HTTP/1.1 200 OK"
2025-08-21 13:20:13,020 [INFO] HTTP Request: POST https://api.mainnet-beta.solana.com "HTTP/1.1 200 OK"
2025-08-21 13:20:24,011 [INFO] HTTP Request: POST https://api.mainnet-beta.solana.com "HTTP/1.1 200 OK"
2025-08-21 13:20:25,000 [INFO] HTTP Request: POST https://api.mainnet-beta.solana.com "HTTP/1.1 429 Too Many Requests"
2025-08-21 13:20:25,001 [ERROR] Attempt 1 failed for wallet AQXPaNNWWGScNgdnjRvrEw5ht3ko1G4rft4zwAZHxJJk: SolanaRpcException - 
2025-08-21 13:20:27,988 [INFO] HTTP Request: POST https://api.mainnet-beta.solana.com "HTTP/1.1 429 Too Many Requests"
2025-08-21 13:20:27,989 [ERROR] Attempt 2 failed for wallet AQXPaNNWWGScNgdnjRvrEw5ht3ko1G4rft4zwAZHxJJk: SolanaRpcException - 
2025-08-21 13:20:30,966 [INFO] HTTP Request: POST https://api.mainnet-beta.solana.com "HTTP/1.1 429 Too Many Requests"
2025-08-21 13:20:30,968 [ERROR] Attempt 3 failed for wallet AQXPaNNWWGScNgdnjRvrEw5ht3ko1G4rft4zwAZHxJJk: SolanaRpcException - 
2025-08-21 13:20:44,065 [INFO] HTTP Request: POST https://api.mainnet-beta.solana.com "HTTP/1.1 200 OK"
2025-08-21 13:20:45,088 [INFO] HTTP Request: POST https://api.mainnet-beta.solana.com "HTTP/1.1 200 OK"
2025-08-21 13:20:56,081 [INFO] HTTP Request: POST https://api.mainnet-beta.solana.com "HTTP/1.1 200 OK"
2025-08-21 13:20:57,108 [INFO] HTTP Request: POST https://api.mainnet-beta.solana.com "HTTP/1.1 429 Too Many Requests"
2025-08-21 13:20:57,109 [ERROR] Attempt 1 failed for wallet AQXPaNNWWGScNgdnjRvrEw5ht3ko1G4rft4zwAZHxJJk: SolanaRpcException - 
2025-08-21 13:21:00,164 [INFO] HTTP Request: POST https://api.mainnet-beta.solana.com "HTTP/1.1 429 Too Many Requests"
2025-08-21 13:21:00,165 [ERROR] Attempt 2 failed for wallet AQXPaNNWWGScNgdnjRvrEw5ht3ko1G4rft4zwAZHxJJk: SolanaRpcException - 
2025-08-21 13:21:03,181 [INFO] HTTP Request: POST https://api.mainnet-beta.solana.com "HTTP/1.1 429 Too Many Requests"
2025-08-21 13:21:03,182 [ERROR] Attempt 3 failed for wallet AQXPaNNWWGScNgdnjRvrEw5ht3ko1G4rft4zwAZHxJJk: SolanaRpcException - 
2025-08-21 13:21:16,280 [INFO] HTTP Request: POST https://api.mainnet-beta.solana.com "HTTP/1.1 200 OK"
2025-08-21 13:21:17,282 [INFO] HTTP Request: POST https://api.mainnet-beta.solana.com "HTTP/1.1 200 OK"
2025-08-21 13:21:28,269 [INFO] HTTP Request: POST https://api.mainnet-beta.solana.com "HTTP/1.1 200 OK"
2025-08-21 13:21:29,263 [INFO] HTTP Request: POST https://api.mainnet-beta.solana.com "HTTP/1.1 429 Too Many Requests"
2025-08-21 13:21:29,264 [ERROR] Attempt 1 failed for wallet AQXPaNNWWGScNgdnjRvrEw5ht3ko1G4rft4zwAZHxJJk: SolanaRpcException - 
2025-08-21 13:21:32,252 [INFO] HTTP Request: POST https://api.mainnet-beta.solana.com "HTTP/1.1 429 Too Many Requests"
2025-08-21 13:21:32,253 [ERROR] Attempt 2 failed for wallet AQXPaNNWWGScNgdnjRvrEw5ht3ko1G4rft4zwAZHxJJk: SolanaRpcException - 
2025-08-21 13:21:35,246 [INFO] HTTP Request: POST https://api.mainnet-beta.solana.com "HTTP/1.1 429 Too Many Requests"
2025-08-21 13:21:35,247 [ERROR] Attempt 3 failed for wallet AQXPaNNWWGScNgdnjRvrEw5ht3ko1G4rft4zwAZHxJJk: SolanaRpcException - 
2025-08-21 13:21:48,334 [INFO] HTTP Request: POST https://api.mainnet-beta.solana.com "HTTP/1.1 200 OK"
2025-08-21 13:21:49,324 [INFO] HTTP Request: POST https://api.mainnet-beta.solana.com "HTTP/1.1 200 OK"
2025-08-21 13:22:00,361 [INFO] HTTP Request: POST https://api.mainnet-beta.solana.com "HTTP/1.1 200 OK"
2025-08-21 13:22:01,349 [INFO] HTTP Request: POST https://api.mainnet-beta.solana.com "HTTP/1.1 429 Too Many Requests"
2025-08-21 13:22:01,350 [ERROR] Attempt 1 failed for wallet AQXPaNNWWGScNgdnjRvrEw5ht3ko1G4rft4zwAZHxJJk: SolanaRpcException - 
2025-08-21 13:22:04,338 [INFO] HTTP Request: POST https://api.mainnet-beta.solana.com "HTTP/1.1 429 Too Many Requests"
2025-08-21 13:22:04,339 [ERROR] Attempt 2 failed for wallet AQXPaNNWWGScNgdnjRvrEw5ht3ko1G4rft4zwAZHxJJk: SolanaRpcException - 
2025-08-21 13:22:07,324 [INFO] HTTP Request: POST https://api.mainnet-beta.solana.com "HTTP/1.1 429 Too Many Requests"
2025-08-21 13:22:07,326 [ERROR] Attempt 3 failed for wallet AQXPaNNWWGScNgdnjRvrEw5ht3ko1G4rft4zwAZHxJJk: SolanaRpcException - 
2025-08-21 13:22:20,436 [INFO] HTTP Request: POST https://api.mainnet-beta.solana.com "HTTP/1.1 200 OK"
2025-08-21 13:22:21,460 [INFO] HTTP Request: POST https://api.mainnet-beta.solana.com "HTTP/1.1 200 OK"
2025-08-21 13:22:32,458 [INFO] HTTP Request: POST https://api.mainnet-beta.solana.com "HTTP/1.1 200 OK"
2025-08-21 13:22:33,427 [INFO] HTTP Request: POST https://api.mainnet-beta.solana.com "HTTP/1.1 429 Too Many Requests"
2025-08-21 13:22:33,428 [ERROR] Attempt 1 failed for wallet AQXPaNNWWGScNgdnjRvrEw5ht3ko1G4rft4zwAZHxJJk: SolanaRpcException - 
2025-08-21 13:22:36,456 [INFO] HTTP Request: POST https://api.mainnet-beta.solana.com "HTTP/1.1 429 Too Many Requests"
2025-08-21 13:22:36,457 [ERROR] Attempt 2 failed for wallet AQXPaNNWWGScNgdnjRvrEw5ht3ko1G4rft4zwAZHxJJk: SolanaRpcException - 
2025-08-21 13:22:39,477 [INFO] HTTP Request: POST https://api.mainnet-beta.solana.com "HTTP/1.1 429 Too Many Requests"
2025-08-21 13:22:39,478 [ERROR] Attempt 3 failed for wallet AQXPaNNWWGScNgdnjRvrEw5ht3ko1G4rft4zwAZHxJJk: SolanaRpcException - 
2025-08-21 13:22:52,585 [INFO] HTTP Request: POST https://api.mainnet-beta.solana.com "HTTP/1.1 200 OK"
2025-08-21 13:22:53,588 [INFO] HTTP Request: POST https://api.mainnet-beta.solana.com "HTTP/1.1 200 OK"
2025-08-21 13:23:04,583 [INFO] HTTP Request: POST https://api.mainnet-beta.solana.com "HTTP/1.1 200 OK"
2025-08-21 13:23:05,627 [INFO] HTTP Request: POST https://api.mainnet-beta.solana.com "HTTP/1.1 429 Too Many Requests"
2025-08-21 13:23:05,628 [ERROR] Attempt 1 failed for wallet AQXPaNNWWGScNgdnjRvrEw5ht3ko1G4rft4zwAZHxJJk: SolanaRpcException - 
2025-08-21 13:23:08,629 [INFO] HTTP Request: POST https://api.mainnet-beta.solana.com "HTTP/1.1 429 Too Many Requests"
2025-08-21 13:23:08,630 [ERROR] Attempt 2 failed for wallet AQXPaNNWWGScNgdnjRvrEw5ht3ko1G4rft4zwAZHxJJk: SolanaRpcException - 
2025-08-21 13:23:11,617 [INFO] HTTP Request: POST https://api.mainnet-beta.solana.com "HTTP/1.1 429 Too Many Requests"
2025-08-21 13:23:11,618 [ERROR] Attempt 3 failed for wallet AQXPaNNWWGScNgdnjRvrEw5ht3ko1G4rft4zwAZHxJJk: SolanaRpcException - 
2025-08-21 13:23:24,684 [INFO] HTTP Request: POST https://api.mainnet-beta.solana.com "HTTP/1.1 200 OK"
2025-08-21 13:23:25,670 [INFO] HTTP Request: POST https://api.mainnet-beta.solana.com "HTTP/1.1 200 OK"
2025-08-21 13:23:36,645 [INFO] HTTP Request: POST https://api.mainnet-beta.solana.com "HTTP/1.1 200 OK"
2025-08-21 13:23:37,637 [INFO] HTTP Request: POST https://api.mainnet-beta.solana.com "HTTP/1.1 429 Too Many Requests"
2025-08-21 13:23:37,638 [ERROR] Attempt 1 failed for wallet AQXPaNNWWGScNgdnjRvrEw5ht3ko1G4rft4zwAZHxJJk: SolanaRpcException - 
2025-08-21 13:23:40,627 [INFO] HTTP Request: POST https://api.mainnet-beta.solana.com "HTTP/1.1 429 Too Many Requests"
2025-08-21 13:23:40,628 [ERROR] Attempt 2 failed for wallet AQXPaNNWWGScNgdnjRvrEw5ht3ko1G4rft4zwAZHxJJk: SolanaRpcException - 
2025-08-21 13:23:43,603 [INFO] HTTP Request: POST https://api.mainnet-beta.solana.com "HTTP/1.1 429 Too Many Requests"
2025-08-21 13:23:43,605 [ERROR] Attempt 3 failed for wallet AQXPaNNWWGScNgdnjRvrEw5ht3ko1G4rft4zwAZHxJJk: SolanaRpcException - 
2025-08-21 13:23:56,734 [INFO] HTTP Request: POST https://api.mainnet-beta.solana.com "HTTP/1.1 200 OK"
2025-08-21 13:23:57,707 [INFO] HTTP Request: POST https://api.mainnet-beta.solana.com "HTTP/1.1 200 OK"
2025-08-21 13:24:08,694 [INFO] HTTP Request: POST https://api.mainnet-beta.solana.com "HTTP/1.1 200 OK"
2025-08-21 13:24:09,670 [INFO] HTTP Request: POST https://api.mainnet-beta.solana.com "HTTP/1.1 429 Too Many Requests"
2025-08-21 13:24:09,671 [ERROR] Attempt 1 failed for wallet AQXPaNNWWGScNgdnjRvrEw5ht3ko1G4rft4zwAZHxJJk: SolanaRpcException - 
2025-08-21 13:24:12,684 [INFO] HTTP Request: POST https://api.mainnet-beta.solana.com "HTTP/1.1 429 Too Many Requests"
2025-08-21 13:24:12,685 [ERROR] Attempt 2 failed for wallet AQXPaNNWWGScNgdnjRvrEw5ht3ko1G4rft4zwAZHxJJk: SolanaRpcException - 
2025-08-21 13:24:15,668 [INFO] HTTP Request: POST https://api.mainnet-beta.solana.com "HTTP/1.1 429 Too Many Requests"
2025-08-21 13:24:15,669 [ERROR] Attempt 3 failed for wallet AQXPaNNWWGScNgdnjRvrEw5ht3ko1G4rft4zwAZHxJJk: SolanaRpcException - 
2025-08-21 13:24:28,698 [INFO] HTTP Request: POST https://api.mainnet-beta.solana.com "HTTP/1.1 200 OK"
2025-08-21 13:24:29,672 [INFO] HTTP Request: POST https://api.mainnet-beta.solana.com "HTTP/1.1 200 OK"
2025-08-21 13:24:40,644 [INFO] HTTP Request: POST https://api.mainnet-beta.solana.com "HTTP/1.1 200 OK"
2025-08-21 13:24:41,648 [INFO] HTTP Request: POST https://api.mainnet-beta.solana.com "HTTP/1.1 429 Too Many Requests"
2025-08-21 13:24:41,649 [ERROR] Attempt 1 failed for wallet AQXPaNNWWGScNgdnjRvrEw5ht3ko1G4rft4zwAZHxJJk: SolanaRpcException - 
2025-08-21 13:24:44,634 [INFO] HTTP Request: POST https://api.mainnet-beta.solana.com "HTTP/1.1 429 Too Many Requests"
2025-08-21 13:24:44,635 [ERROR] Attempt 2 failed for wallet AQXPaNNWWGScNgdnjRvrEw5ht3ko1G4rft4zwAZHxJJk: SolanaRpcException - 
2025-08-21 13:24:47,605 [INFO] HTTP Request: POST https://api.mainnet-beta.solana.com "HTTP/1.1 429 Too Many Requests"
2025-08-21 13:24:47,606 [ERROR] Attempt 3 failed for wallet AQXPaNNWWGScNgdnjRvrEw5ht3ko1G4rft4zwAZHxJJk: SolanaRpcException - 
2025-08-21 13:25:00,651 [INFO] HTTP Request: POST https://api.mainnet-beta.solana.com "HTTP/1.1 200 OK"
2025-08-21 13:25:01,644 [INFO] HTTP Request: POST https://api.mainnet-beta.solana.com "HTTP/1.1 200 OK"
2025-08-21 13:25:12,645 [INFO] HTTP Request: POST https://api.mainnet-beta.solana.com "HTTP/1.1 200 OK"
2025-08-21 13:25:13,635 [INFO] HTTP Request: POST https://api.mainnet-beta.solana.com "HTTP/1.1 429 Too Many Requests"
2025-08-21 13:25:13,636 [ERROR] Attempt 1 failed for wallet AQXPaNNWWGScNgdnjRvrEw5ht3ko1G4rft4zwAZHxJJk: SolanaRpcException - 
2025-08-21 13:25:16,632 [INFO] HTTP Request: POST https://api.mainnet-beta.solana.com "HTTP/1.1 429 Too Many Requests"
2025-08-21 13:25:16,633 [ERROR] Attempt 2 failed for wallet AQXPaNNWWGScNgdnjRvrEw5ht3ko1G4rft4zwAZHxJJk: SolanaRpcException - 
2025-08-21 13:25:19,640 [INFO] HTTP Request: POST https://api.mainnet-beta.solana.com "HTTP/1.1 429 Too Many Requests"
2025-08-21 13:25:19,641 [ERROR] Attempt 3 failed for wallet AQXPaNNWWGScNgdnjRvrEw5ht3ko1G4rft4zwAZHxJJk: SolanaRpcException - 
2025-08-21 13:25:32,684 [INFO] HTTP Request: POST https://api.mainnet-beta.solana.com "HTTP/1.1 200 OK"
2025-08-21 13:25:33,683 [INFO] HTTP Request: POST https://api.mainnet-beta.solana.com "HTTP/1.1 200 OK"
2025-08-21 13:25:44,687 [INFO] HTTP Request: POST https://api.mainnet-beta.solana.com "HTTP/1.1 200 OK"
2025-08-21 13:25:45,678 [INFO] HTTP Request: POST https://api.mainnet-beta.solana.com "HTTP/1.1 429 Too Many Requests"
2025-08-21 13:25:45,679 [ERROR] Attempt 1 failed for wallet AQXPaNNWWGScNgdnjRvrEw5ht3ko1G4rft4zwAZHxJJk: SolanaRpcException - 
2025-08-21 13:25:48,663 [INFO] HTTP Request: POST https://api.mainnet-beta.solana.com "HTTP/1.1 429 Too Many Requests"
2025-08-21 13:25:48,664 [ERROR] Attempt 2 failed for wallet AQXPaNNWWGScNgdnjRvrEw5ht3ko1G4rft4zwAZHxJJk: SolanaRpcException - 
2025-08-21 13:25:51,643 [INFO] HTTP Request: POST https://api.mainnet-beta.solana.com "HTTP/1.1 429 Too Many Requests"
2025-08-21 13:25:51,644 [ERROR] Attempt 3 failed for wallet AQXPaNNWWGScNgdnjRvrEw5ht3ko1G4rft4zwAZHxJJk: SolanaRpcException - 
2025-08-21 13:26:04,744 [INFO] HTTP Request: POST https://api.mainnet-beta.solana.com "HTTP/1.1 200 OK"
2025-08-21 13:26:05,751 [INFO] HTTP Request: POST https://api.mainnet-beta.solana.com "HTTP/1.1 200 OK"
2025-08-21 13:26:16,739 [INFO] HTTP Request: POST https://api.mainnet-beta.solana.com "HTTP/1.1 200 OK"
2025-08-21 13:26:17,724 [INFO] HTTP Request: POST https://api.mainnet-beta.solana.com "HTTP/1.1 429 Too Many Requests"
2025-08-21 13:26:17,725 [ERROR] Attempt 1 failed for wallet AQXPaNNWWGScNgdnjRvrEw5ht3ko1G4rft4zwAZHxJJk: SolanaRpcException - 
2025-08-21 13:26:20,744 [INFO] HTTP Request: POST https://api.mainnet-beta.solana.com "HTTP/1.1 429 Too Many Requests"
2025-08-21 13:26:20,745 [ERROR] Attempt 2 failed for wallet AQXPaNNWWGScNgdnjRvrEw5ht3ko1G4rft4zwAZHxJJk: SolanaRpcException - 
2025-08-21 13:26:23,759 [INFO] HTTP Request: POST https://api.mainnet-beta.solana.com "HTTP/1.1 429 Too Many Requests"
2025-08-21 13:26:23,760 [ERROR] Attempt 3 failed for wallet AQXPaNNWWGScNgdnjRvrEw5ht3ko1G4rft4zwAZHxJJk: SolanaRpcException - 
2025-08-21 13:26:36,925 [INFO] HTTP Request: POST https://api.mainnet-beta.solana.com "HTTP/1.1 200 OK"
2025-08-21 13:26:37,919 [INFO] HTTP Request: POST https://api.mainnet-beta.solana.com "HTTP/1.1 200 OK"
2025-08-21 13:26:48,893 [INFO] HTTP Request: POST https://api.mainnet-beta.solana.com "HTTP/1.1 200 OK"
2025-08-21 13:26:49,886 [INFO] HTTP Request: POST https://api.mainnet-beta.solana.com "HTTP/1.1 429 Too Many Requests"
2025-08-21 13:26:49,887 [ERROR] Attempt 1 failed for wallet AQXPaNNWWGScNgdnjRvrEw5ht3ko1G4rft4zwAZHxJJk: SolanaRpcException - 
2025-08-21 13:26:52,874 [INFO] HTTP Request: POST https://api.mainnet-beta.solana.com "HTTP/1.1 429 Too Many Requests"
2025-08-21 13:26:52,875 [ERROR] Attempt 2 failed for wallet AQXPaNNWWGScNgdnjRvrEw5ht3ko1G4rft4zwAZHxJJk: SolanaRpcException - 
2025-08-21 13:26:55,852 [INFO] HTTP Request: POST https://api.mainnet-beta.solana.com "HTTP/1.1 429 Too Many Requests"
2025-08-21 13:26:55,853 [ERROR] Attempt 3 failed for wallet AQXPaNNWWGScNgdnjRvrEw5ht3ko1G4rft4zwAZHxJJk: SolanaRpcException - 
2025-08-21 13:27:08,947 [INFO] HTTP Request: POST https://api.mainnet-beta.solana.com "HTTP/1.1 200 OK"
2025-08-21 13:27:09,951 [INFO] HTTP Request: POST https://api.mainnet-beta.solana.com "HTTP/1.1 200 OK"
2025-08-21 13:27:20,999 [INFO] HTTP Request: POST https://api.mainnet-beta.solana.com "HTTP/1.1 200 OK"
2025-08-21 13:27:22,015 [INFO] HTTP Request: POST https://api.mainnet-beta.solana.com "HTTP/1.1 429 Too Many Requests"
2025-08-21 13:27:22,016 [ERROR] Attempt 1 failed for wallet AQXPaNNWWGScNgdnjRvrEw5ht3ko1G4rft4zwAZHxJJk: SolanaRpcException - 
2025-08-21 13:27:24,994 [INFO] HTTP Request: POST https://api.mainnet-beta.solana.com "HTTP/1.1 429 Too Many Requests"
2025-08-21 13:27:24,996 [ERROR] Attempt 2 failed for wallet AQXPaNNWWGScNgdnjRvrEw5ht3ko1G4rft4zwAZHxJJk: SolanaRpcException - 
2025-08-21 13:27:27,983 [INFO] HTTP Request: POST https://api.mainnet-beta.solana.com "HTTP/1.1 429 Too Many Requests"
2025-08-21 13:27:27,984 [ERROR] Attempt 3 failed for wallet AQXPaNNWWGScNgdnjRvrEw5ht3ko1G4rft4zwAZHxJJk: SolanaRpcException - 
2025-08-21 13:27:41,018 [INFO] HTTP Request: POST https://api.mainnet-beta.solana.com "HTTP/1.1 200 OK"
2025-08-21 13:27:42,045 [INFO] HTTP Request: POST https://api.mainnet-beta.solana.com "HTTP/1.1 200 OK"
2025-08-21 13:27:53,021 [INFO] HTTP Request: POST https://api.mainnet-beta.solana.com "HTTP/1.1 200 OK"
2025-08-21 13:27:54,012 [INFO] HTTP Request: POST https://api.mainnet-beta.solana.com "HTTP/1.1 429 Too Many Requests"
2025-08-21 13:27:54,014 [ERROR] Attempt 1 failed for wallet AQXPaNNWWGScNgdnjRvrEw5ht3ko1G4rft4zwAZHxJJk: SolanaRpcException - 
2025-08-21 13:27:57,012 [INFO] HTTP Request: POST https://api.mainnet-beta.solana.com "HTTP/1.1 429 Too Many Requests"
2025-08-21 13:27:57,013 [ERROR] Attempt 2 failed for wallet AQXPaNNWWGScNgdnjRvrEw5ht3ko1G4rft4zwAZHxJJk: SolanaRpcException - 
2025-08-21 13:27:59,997 [INFO] HTTP Request: POST https://api.mainnet-beta.solana.com "HTTP/1.1 429 Too Many Requests"
2025-08-21 13:27:59,998 [ERROR] Attempt 3 failed for wallet AQXPaNNWWGScNgdnjRvrEw5ht3ko1G4rft4zwAZHxJJk: SolanaRpcException - 
2025-08-21 13:28:13,096 [INFO] HTTP Request: POST https://api.mainnet-beta.solana.com "HTTP/1.1 200 OK"
2025-08-21 13:28:14,096 [INFO] HTTP Request: POST https://api.mainnet-beta.solana.com "HTTP/1.1 200 OK"
2025-08-21 13:28:25,078 [INFO] HTTP Request: POST https://api.mainnet-beta.solana.com "HTTP/1.1 200 OK"
2025-08-21 13:28:26,067 [INFO] HTTP Request: POST https://api.mainnet-beta.solana.com "HTTP/1.1 429 Too Many Requests"
2025-08-21 13:28:26,068 [ERROR] Attempt 1 failed for wallet AQXPaNNWWGScNgdnjRvrEw5ht3ko1G4rft4zwAZHxJJk: SolanaRpcException - 
2025-08-21 13:28:29,060 [INFO] HTTP Request: POST https://api.mainnet-beta.solana.com "HTTP/1.1 429 Too Many Requests"
2025-08-21 13:28:29,061 [ERROR] Attempt 2 failed for wallet AQXPaNNWWGScNgdnjRvrEw5ht3ko1G4rft4zwAZHxJJk: SolanaRpcException - 
2025-08-21 13:28:32,063 [INFO] HTTP Request: POST https://api.mainnet-beta.solana.com "HTTP/1.1 429 Too Many Requests"
2025-08-21 13:28:32,064 [ERROR] Attempt 3 failed for wallet AQXPaNNWWGScNgdnjRvrEw5ht3ko1G4rft4zwAZHxJJk: SolanaRpcException - 
2025-08-21 13:28:45,109 [INFO] HTTP Request: POST https://api.mainnet-beta.solana.com "HTTP/1.1 200 OK"
2025-08-21 13:28:46,089 [INFO] HTTP Request: POST https://api.mainnet-beta.solana.com "HTTP/1.1 200 OK"
2025-08-21 13:28:57,125 [INFO] HTTP Request: POST https://api.mainnet-beta.solana.com "HTTP/1.1 200 OK"
2025-08-21 13:28:58,115 [INFO] HTTP Request: POST https://api.mainnet-beta.solana.com "HTTP/1.1 429 Too Many Requests"
2025-08-21 13:28:58,116 [ERROR] Attempt 1 failed for wallet AQXPaNNWWGScNgdnjRvrEw5ht3ko1G4rft4zwAZHxJJk: SolanaRpcException - 
2025-08-21 13:29:01,115 [INFO] HTTP Request: POST https://api.mainnet-beta.solana.com "HTTP/1.1 429 Too Many Requests"
2025-08-21 13:29:01,116 [ERROR] Attempt 2 failed for wallet AQXPaNNWWGScNgdnjRvrEw5ht3ko1G4rft4zwAZHxJJk: SolanaRpcException - 
2025-08-21 13:29:04,102 [INFO] HTTP Request: POST https://api.mainnet-beta.solana.com "HTTP/1.1 429 Too Many Requests"
2025-08-21 13:29:04,103 [ERROR] Attempt 3 failed for wallet AQXPaNNWWGScNgdnjRvrEw5ht3ko1G4rft4zwAZHxJJk: SolanaRpcException - 
2025-08-21 13:29:17,132 [INFO] HTTP Request: POST https://api.mainnet-beta.solana.com "HTTP/1.1 200 OK"
2025-08-21 13:29:18,130 [INFO] HTTP Request: POST https://api.mainnet-beta.solana.com "HTTP/1.1 200 OK"
2025-08-21 13:29:29,115 [INFO] HTTP Request: POST https://api.mainnet-beta.solana.com "HTTP/1.1 200 OK"
2025-08-21 13:29:30,114 [INFO] HTTP Request: POST https://api.mainnet-beta.solana.com "HTTP/1.1 429 Too Many Requests"
2025-08-21 13:29:30,116 [ERROR] Attempt 1 failed for wallet AQXPaNNWWGScNgdnjRvrEw5ht3ko1G4rft4zwAZHxJJk: SolanaRpcException - 
2025-08-21 13:29:33,126 [INFO] HTTP Request: POST https://api.mainnet-beta.solana.com "HTTP/1.1 429 Too Many Requests"
2025-08-21 13:29:33,128 [ERROR] Attempt 2 failed for wallet AQXPaNNWWGScNgdnjRvrEw5ht3ko1G4rft4zwAZHxJJk: SolanaRpcException - 
2025-08-21 13:29:36,164 [INFO] HTTP Request: POST https://api.mainnet-beta.solana.com "HTTP/1.1 429 Too Many Requests"
2025-08-21 13:29:36,165 [ERROR] Attempt 3 failed for wallet AQXPaNNWWGScNgdnjRvrEw5ht3ko1G4rft4zwAZHxJJk: SolanaRpcException - 
2025-08-21 13:29:49,218 [INFO] HTTP Request: POST https://api.mainnet-beta.solana.com "HTTP/1.1 200 OK"
2025-08-21 13:29:50,212 [INFO] HTTP Request: POST https://api.mainnet-beta.solana.com "HTTP/1.1 200 OK"
2025-08-21 13:30:01,167 [INFO] HTTP Request: POST https://api.mainnet-beta.solana.com "HTTP/1.1 200 OK"
2025-08-21 13:30:02,174 [INFO] HTTP Request: POST https://api.mainnet-beta.solana.com "HTTP/1.1 429 Too Many Requests"
2025-08-21 13:30:02,176 [ERROR] Attempt 1 failed for wallet AQXPaNNWWGScNgdnjRvrEw5ht3ko1G4rft4zwAZHxJJk: SolanaRpcException - 
2025-08-21 13:30:05,213 [INFO] HTTP Request: POST https://api.mainnet-beta.solana.com "HTTP/1.1 429 Too Many Requests"
2025-08-21 13:30:05,243 [ERROR] Attempt 2 failed for wallet AQXPaNNWWGScNgdnjRvrEw5ht3ko1G4rft4zwAZHxJJk: SolanaRpcException - 
2025-08-21 13:30:08,227 [INFO] HTTP Request: POST https://api.mainnet-beta.solana.com "HTTP/1.1 429 Too Many Requests"
2025-08-21 13:30:08,228 [ERROR] Attempt 3 failed for wallet AQXPaNNWWGScNgdnjRvrEw5ht3ko1G4rft4zwAZHxJJk: SolanaRpcException - 
2025-08-21 13:30:21,325 [INFO] HTTP Request: POST https://api.mainnet-beta.solana.com "HTTP/1.1 200 OK"
2025-08-21 13:30:22,345 [INFO] HTTP Request: POST https://api.mainnet-beta.solana.com "HTTP/1.1 200 OK"
2025-08-21 13:30:33,331 [INFO] HTTP Request: POST https://api.mainnet-beta.solana.com "HTTP/1.1 200 OK"
2025-08-21 13:30:34,298 [INFO] HTTP Request: POST https://api.mainnet-beta.solana.com "HTTP/1.1 429 Too Many Requests"
2025-08-21 13:30:34,299 [ERROR] Attempt 1 failed for wallet AQXPaNNWWGScNgdnjRvrEw5ht3ko1G4rft4zwAZHxJJk: SolanaRpcException - 
2025-08-21 13:30:37,285 [INFO] HTTP Request: POST https://api.mainnet-beta.solana.com "HTTP/1.1 429 Too Many Requests"
2025-08-21 13:30:37,286 [ERROR] Attempt 2 failed for wallet AQXPaNNWWGScNgdnjRvrEw5ht3ko1G4rft4zwAZHxJJk: SolanaRpcException - 
2025-08-21 13:30:40,255 [INFO] HTTP Request: POST https://api.mainnet-beta.solana.com "HTTP/1.1 429 Too Many Requests"
2025-08-21 13:30:40,256 [ERROR] Attempt 3 failed for wallet AQXPaNNWWGScNgdnjRvrEw5ht3ko1G4rft4zwAZHxJJk: SolanaRpcException - 
2025-08-21 13:30:53,385 [INFO] HTTP Request: POST https://api.mainnet-beta.solana.com "HTTP/1.1 200 OK"
2025-08-21 13:30:54,387 [INFO] HTTP Request: POST https://api.mainnet-beta.solana.com "HTTP/1.1 200 OK"
2025-08-21 13:31:05,388 [INFO] HTTP Request: POST https://api.mainnet-beta.solana.com "HTTP/1.1 200 OK"
2025-08-21 13:31:06,380 [INFO] HTTP Request: POST https://api.mainnet-beta.solana.com "HTTP/1.1 429 Too Many Requests"
2025-08-21 13:31:06,381 [ERROR] Attempt 1 failed for wallet AQXPaNNWWGScNgdnjRvrEw5ht3ko1G4rft4zwAZHxJJk: SolanaRpcException - 
2025-08-21 13:31:09,410 [INFO] HTTP Request: POST https://api.mainnet-beta.solana.com "HTTP/1.1 429 Too Many Requests"
2025-08-21 13:31:09,411 [ERROR] Attempt 2 failed for wallet AQXPaNNWWGScNgdnjRvrEw5ht3ko1G4rft4zwAZHxJJk: SolanaRpcException - 
2025-08-21 13:31:12,415 [INFO] HTTP Request: POST https://api.mainnet-beta.solana.com "HTTP/1.1 429 Too Many Requests"
2025-08-21 13:31:12,416 [ERROR] Attempt 3 failed for wallet AQXPaNNWWGScNgdnjRvrEw5ht3ko1G4rft4zwAZHxJJk: SolanaRpcException - 
2025-08-21 13:31:25,518 [INFO] HTTP Request: POST https://api.mainnet-beta.solana.com "HTTP/1.1 200 OK"
2025-08-21 13:31:26,519 [INFO] HTTP Request: POST https://api.mainnet-beta.solana.com "HTTP/1.1 200 OK"
2025-08-21 13:31:37,505 [INFO] HTTP Request: POST https://api.mainnet-beta.solana.com "HTTP/1.1 200 OK"
2025-08-21 13:31:38,518 [INFO] HTTP Request: POST https://api.mainnet-beta.solana.com "HTTP/1.1 429 Too Many Requests"
2025-08-21 13:31:38,519 [ERROR] Attempt 1 failed for wallet AQXPaNNWWGScNgdnjRvrEw5ht3ko1G4rft4zwAZHxJJk: SolanaRpcException - 
2025-08-21 13:31:41,517 [INFO] HTTP Request: POST https://api.mainnet-beta.solana.com "HTTP/1.1 429 Too Many Requests"
2025-08-21 13:31:41,518 [ERROR] Attempt 2 failed for wallet AQXPaNNWWGScNgdnjRvrEw5ht3ko1G4rft4zwAZHxJJk: SolanaRpcException - 
2025-08-21 13:31:44,497 [INFO] HTTP Request: POST https://api.mainnet-beta.solana.com "HTTP/1.1 429 Too Many Requests"
2025-08-21 13:31:44,498 [ERROR] Attempt 3 failed for wallet AQXPaNNWWGScNgdnjRvrEw5ht3ko1G4rft4zwAZHxJJk: SolanaRpcException - 
2025-08-21 13:31:57,545 [INFO] HTTP Request: POST https://api.mainnet-beta.solana.com "HTTP/1.1 200 OK"
2025-08-21 13:31:58,550 [INFO] HTTP Request: POST https://api.mainnet-beta.solana.com "HTTP/1.1 200 OK"
2025-08-21 13:32:09,520 [INFO] HTTP Request: POST https://api.mainnet-beta.solana.com "HTTP/1.1 200 OK"
2025-08-21 13:32:10,565 [INFO] HTTP Request: POST https://api.mainnet-beta.solana.com "HTTP/1.1 429 Too Many Requests"
2025-08-21 13:32:10,565 [ERROR] Attempt 1 failed for wallet AQXPaNNWWGScNgdnjRvrEw5ht3ko1G4rft4zwAZHxJJk: SolanaRpcException - 
2025-08-21 13:32:13,596 [INFO] HTTP Request: POST https://api.mainnet-beta.solana.com "HTTP/1.1 429 Too Many Requests"
2025-08-21 13:32:13,598 [ERROR] Attempt 2 failed for wallet AQXPaNNWWGScNgdnjRvrEw5ht3ko1G4rft4zwAZHxJJk: SolanaRpcException - 
2025-08-21 13:32:16,641 [INFO] HTTP Request: POST https://api.mainnet-beta.solana.com "HTTP/1.1 429 Too Many Requests"
2025-08-21 13:32:16,642 [ERROR] Attempt 3 failed for wallet AQXPaNNWWGScNgdnjRvrEw5ht3ko1G4rft4zwAZHxJJk: SolanaRpcException - 
2025-08-21 13:32:29,678 [INFO] HTTP Request: POST https://api.mainnet-beta.solana.com "HTTP/1.1 200 OK"
2025-08-21 13:32:30,649 [INFO] HTTP Request: POST https://api.mainnet-beta.solana.com "HTTP/1.1 200 OK"
2025-08-21 13:32:41,664 [INFO] HTTP Request: POST https://api.mainnet-beta.solana.com "HTTP/1.1 200 OK"
2025-08-21 13:32:42,662 [INFO] HTTP Request: POST https://api.mainnet-beta.solana.com "HTTP/1.1 429 Too Many Requests"
2025-08-21 13:32:42,663 [ERROR] Attempt 1 failed for wallet AQXPaNNWWGScNgdnjRvrEw5ht3ko1G4rft4zwAZHxJJk: SolanaRpcException - 
2025-08-21 13:32:45,638 [INFO] HTTP Request: POST https://api.mainnet-beta.solana.com "HTTP/1.1 429 Too Many Requests"
2025-08-21 13:32:45,639 [ERROR] Attempt 2 failed for wallet AQXPaNNWWGScNgdnjRvrEw5ht3ko1G4rft4zwAZHxJJk: SolanaRpcException - 
2025-08-21 13:32:48,624 [INFO] HTTP Request: POST https://api.mainnet-beta.solana.com "HTTP/1.1 429 Too Many Requests"
2025-08-21 13:32:48,625 [ERROR] Attempt 3 failed for wallet AQXPaNNWWGScNgdnjRvrEw5ht3ko1G4rft4zwAZHxJJk: SolanaRpcException - 
2025-08-21 13:33:01,682 [INFO] HTTP Request: POST https://api.mainnet-beta.solana.com "HTTP/1.1 200 OK"
2025-08-21 13:33:07,520 [ERROR] Attempt 1 failed for wallet AQXPaNNWWGScNgdnjRvrEw5ht3ko1G4rft4zwAZHxJJk: SolanaRpcException - 
2025-08-21 13:33:10,513 [INFO] HTTP Request: POST https://api.mainnet-beta.solana.com "HTTP/1.1 200 OK"
2025-08-21 13:33:21,508 [INFO] HTTP Request: POST https://api.mainnet-beta.solana.com "HTTP/1.1 200 OK"
2025-08-21 13:33:22,487 [INFO] HTTP Request: POST https://api.mainnet-beta.solana.com "HTTP/1.1 200 OK"
2025-08-21 13:33:33,561 [INFO] HTTP Request: POST https://api.mainnet-beta.solana.com "HTTP/1.1 200 OK"
2025-08-21 13:33:34,524 [INFO] HTTP Request: POST https://api.mainnet-beta.solana.com "HTTP/1.1 200 OK"
2025-08-21 13:33:45,508 [INFO] HTTP Request: POST https://api.mainnet-beta.solana.com "HTTP/1.1 200 OK"
2025-08-21 13:33:46,509 [INFO] HTTP Request: POST https://api.mainnet-beta.solana.com "HTTP/1.1 429 Too Many Requests"
2025-08-21 13:33:46,510 [ERROR] Attempt 1 failed for wallet AQXPaNNWWGScNgdnjRvrEw5ht3ko1G4rft4zwAZHxJJk: SolanaRpcException - 
2025-08-21 13:33:49,466 [INFO] HTTP Request: POST https://api.mainnet-beta.solana.com "HTTP/1.1 429 Too Many Requests"
2025-08-21 13:33:49,467 [ERROR] Attempt 2 failed for wallet AQXPaNNWWGScNgdnjRvrEw5ht3ko1G4rft4zwAZHxJJk: SolanaRpcException - 
2025-08-21 13:33:52,699 [INFO] HTTP Request: POST https://api.mainnet-beta.solana.com "HTTP/1.1 429 Too Many Requests"
2025-08-21 13:33:52,701 [ERROR] Attempt 3 failed for wallet AQXPaNNWWGScNgdnjRvrEw5ht3ko1G4rft4zwAZHxJJk: SolanaRpcException - 
2025-08-21 13:34:05,787 [INFO] HTTP Request: POST https://api.mainnet-beta.solana.com "HTTP/1.1 200 OK"
2025-08-21 13:34:06,771 [INFO] HTTP Request: POST https://api.mainnet-beta.solana.com "HTTP/1.1 200 OK"
2025-08-21 13:34:17,764 [INFO] HTTP Request: POST https://api.mainnet-beta.solana.com "HTTP/1.1 200 OK"
2025-08-21 13:34:18,744 [INFO] HTTP Request: POST https://api.mainnet-beta.solana.com "HTTP/1.1 200 OK"
2025-08-21 13:34:29,720 [INFO] HTTP Request: POST https://api.mainnet-beta.solana.com "HTTP/1.1 200 OK"
2025-08-21 13:34:30,719 [INFO] HTTP Request: POST https://api.mainnet-beta.solana.com "HTTP/1.1 200 OK"
2025-08-21 13:34:41,799 [INFO] HTTP Request: POST https://api.mainnet-beta.solana.com "HTTP/1.1 200 OK"
2025-08-21 13:34:42,817 [INFO] HTTP Request: POST https://api.mainnet-beta.solana.com "HTTP/1.1 200 OK"
2025-08-21 13:34:53,797 [INFO] HTTP Request: POST https://api.mainnet-beta.solana.com "HTTP/1.1 200 OK"
2025-08-21 13:34:54,770 [INFO] HTTP Request: POST https://api.mainnet-beta.solana.com "HTTP/1.1 429 Too Many Requests"
2025-08-21 13:34:54,772 [ERROR] Attempt 1 failed for wallet AQXPaNNWWGScNgdnjRvrEw5ht3ko1G4rft4zwAZHxJJk: SolanaRpcException - 
2025-08-21 13:34:57,763 [INFO] HTTP Request: POST https://api.mainnet-beta.solana.com "HTTP/1.1 429 Too Many Requests"
2025-08-21 13:34:57,764 [ERROR] Attempt 2 failed for wallet AQXPaNNWWGScNgdnjRvrEw5ht3ko1G4rft4zwAZHxJJk: SolanaRpcException - 
2025-08-21 13:35:00,783 [INFO] HTTP Request: POST https://api.mainnet-beta.solana.com "HTTP/1.1 429 Too Many Requests"
2025-08-21 13:35:00,784 [ERROR] Attempt 3 failed for wallet AQXPaNNWWGScNgdnjRvrEw5ht3ko1G4rft4zwAZHxJJk: SolanaRpcException - 
2025-08-21 13:35:13,856 [INFO] HTTP Request: POST https://api.mainnet-beta.solana.com "HTTP/1.1 200 OK"
2025-08-21 13:35:14,814 [INFO] HTTP Request: POST https://api.mainnet-beta.solana.com "HTTP/1.1 200 OK"
2025-08-21 13:35:25,784 [INFO] HTTP Request: POST https://api.mainnet-beta.solana.com "HTTP/1.1 200 OK"
2025-08-21 13:35:26,764 [INFO] HTTP Request: POST https://api.mainnet-beta.solana.com "HTTP/1.1 429 Too Many Requests"
2025-08-21 13:35:26,765 [ERROR] Attempt 1 failed for wallet AQXPaNNWWGScNgdnjRvrEw5ht3ko1G4rft4zwAZHxJJk: SolanaRpcException - 
2025-08-21 13:35:29,743 [INFO] HTTP Request: POST https://api.mainnet-beta.solana.com "HTTP/1.1 429 Too Many Requests"
2025-08-21 13:35:29,745 [ERROR] Attempt 2 failed for wallet AQXPaNNWWGScNgdnjRvrEw5ht3ko1G4rft4zwAZHxJJk: SolanaRpcException - 
2025-08-21 13:35:32,737 [INFO] HTTP Request: POST https://api.mainnet-beta.solana.com "HTTP/1.1 429 Too Many Requests"
2025-08-21 13:35:32,738 [ERROR] Attempt 3 failed for wallet AQXPaNNWWGScNgdnjRvrEw5ht3ko1G4rft4zwAZHxJJk: SolanaRpcException - 
2025-08-21 13:35:45,788 [INFO] HTTP Request: POST https://api.mainnet-beta.solana.com "HTTP/1.1 200 OK"
2025-08-21 13:35:46,761 [INFO] HTTP Request: POST https://api.mainnet-beta.solana.com "HTTP/1.1 200 OK"
2025-08-21 13:35:57,776 [INFO] HTTP Request: POST https://api.mainnet-beta.solana.com "HTTP/1.1 200 OK"
2025-08-21 13:35:58,757 [INFO] HTTP Request: POST https://api.mainnet-beta.solana.com "HTTP/1.1 429 Too Many Requests"
2025-08-21 13:35:58,759 [ERROR] Attempt 1 failed for wallet AQXPaNNWWGScNgdnjRvrEw5ht3ko1G4rft4zwAZHxJJk: SolanaRpcException - 
2025-08-21 13:36:01,754 [INFO] HTTP Request: POST https://api.mainnet-beta.solana.com "HTTP/1.1 429 Too Many Requests"
2025-08-21 13:36:01,755 [ERROR] Attempt 2 failed for wallet AQXPaNNWWGScNgdnjRvrEw5ht3ko1G4rft4zwAZHxJJk: SolanaRpcException - 
2025-08-21 13:36:04,735 [INFO] HTTP Request: POST https://api.mainnet-beta.solana.com "HTTP/1.1 429 Too Many Requests"
2025-08-21 13:36:04,736 [ERROR] Attempt 3 failed for wallet AQXPaNNWWGScNgdnjRvrEw5ht3ko1G4rft4zwAZHxJJk: SolanaRpcException - 
2025-08-21 13:36:17,824 [INFO] HTTP Request: POST https://api.mainnet-beta.solana.com "HTTP/1.1 200 OK"
2025-08-21 13:36:18,810 [INFO] HTTP Request: POST https://api.mainnet-beta.solana.com "HTTP/1.1 200 OK"
2025-08-21 13:36:29,804 [INFO] HTTP Request: POST https://api.mainnet-beta.solana.com "HTTP/1.1 200 OK"
2025-08-21 13:36:30,777 [INFO] HTTP Request: POST https://api.mainnet-beta.solana.com "HTTP/1.1 429 Too Many Requests"
2025-08-21 13:36:30,778 [ERROR] Attempt 1 failed for wallet AQXPaNNWWGScNgdnjRvrEw5ht3ko1G4rft4zwAZHxJJk: SolanaRpcException - 
2025-08-21 13:36:33,753 [INFO] HTTP Request: POST https://api.mainnet-beta.solana.com "HTTP/1.1 429 Too Many Requests"
2025-08-21 13:36:33,754 [ERROR] Attempt 2 failed for wallet AQXPaNNWWGScNgdnjRvrEw5ht3ko1G4rft4zwAZHxJJk: SolanaRpcException - 
2025-08-21 13:36:36,752 [INFO] HTTP Request: POST https://api.mainnet-beta.solana.com "HTTP/1.1 429 Too Many Requests"
2025-08-21 13:36:36,753 [ERROR] Attempt 3 failed for wallet AQXPaNNWWGScNgdnjRvrEw5ht3ko1G4rft4zwAZHxJJk: SolanaRpcException - 
2025-08-21 13:36:49,855 [INFO] HTTP Request: POST https://api.mainnet-beta.solana.com "HTTP/1.1 200 OK"
2025-08-21 13:36:50,838 [INFO] HTTP Request: POST https://api.mainnet-beta.solana.com "HTTP/1.1 200 OK"
2025-08-21 13:37:01,841 [INFO] HTTP Request: POST https://api.mainnet-beta.solana.com "HTTP/1.1 200 OK"
2025-08-21 13:37:02,869 [INFO] HTTP Request: POST https://api.mainnet-beta.solana.com "HTTP/1.1 429 Too Many Requests"
2025-08-21 13:37:02,870 [ERROR] Attempt 1 failed for wallet AQXPaNNWWGScNgdnjRvrEw5ht3ko1G4rft4zwAZHxJJk: SolanaRpcException - 
2025-08-21 13:37:05,858 [INFO] HTTP Request: POST https://api.mainnet-beta.solana.com "HTTP/1.1 429 Too Many Requests"
2025-08-21 13:37:05,860 [ERROR] Attempt 2 failed for wallet AQXPaNNWWGScNgdnjRvrEw5ht3ko1G4rft4zwAZHxJJk: SolanaRpcException - 
2025-08-21 13:37:08,819 [INFO] HTTP Request: POST https://api.mainnet-beta.solana.com "HTTP/1.1 429 Too Many Requests"
2025-08-21 13:37:08,820 [ERROR] Attempt 3 failed for wallet AQXPaNNWWGScNgdnjRvrEw5ht3ko1G4rft4zwAZHxJJk: SolanaRpcException - 
2025-08-21 13:37:21,962 [INFO] HTTP Request: POST https://api.mainnet-beta.solana.com "HTTP/1.1 200 OK"
2025-08-21 13:37:22,976 [INFO] HTTP Request: POST https://api.mainnet-beta.solana.com "HTTP/1.1 200 OK"
2025-08-21 13:37:33,958 [INFO] HTTP Request: POST https://api.mainnet-beta.solana.com "HTTP/1.1 200 OK"
2025-08-21 13:37:34,921 [INFO] HTTP Request: POST https://api.mainnet-beta.solana.com "HTTP/1.1 429 Too Many Requests"
2025-08-21 13:37:34,921 [ERROR] Attempt 1 failed for wallet AQXPaNNWWGScNgdnjRvrEw5ht3ko1G4rft4zwAZHxJJk: SolanaRpcException - 
2025-08-21 13:37:37,895 [INFO] HTTP Request: POST https://api.mainnet-beta.solana.com "HTTP/1.1 429 Too Many Requests"
2025-08-21 13:37:37,896 [ERROR] Attempt 2 failed for wallet AQXPaNNWWGScNgdnjRvrEw5ht3ko1G4rft4zwAZHxJJk: SolanaRpcException - 
2025-08-21 13:37:40,900 [INFO] HTTP Request: POST https://api.mainnet-beta.solana.com "HTTP/1.1 429 Too Many Requests"
2025-08-21 13:37:40,901 [ERROR] Attempt 3 failed for wallet AQXPaNNWWGScNgdnjRvrEw5ht3ko1G4rft4zwAZHxJJk: SolanaRpcException - 
2025-08-21 13:37:54,006 [INFO] HTTP Request: POST https://api.mainnet-beta.solana.com "HTTP/1.1 200 OK"
2025-08-21 13:37:54,983 [INFO] HTTP Request: POST https://api.mainnet-beta.solana.com "HTTP/1.1 200 OK"
2025-08-21 13:38:05,967 [INFO] HTTP Request: POST https://api.mainnet-beta.solana.com "HTTP/1.1 200 OK"
2025-08-21 13:38:06,957 [INFO] HTTP Request: POST https://api.mainnet-beta.solana.com "HTTP/1.1 429 Too Many Requests"
2025-08-21 13:38:06,958 [ERROR] Attempt 1 failed for wallet AQXPaNNWWGScNgdnjRvrEw5ht3ko1G4rft4zwAZHxJJk: SolanaRpcException - 
2025-08-21 13:38:09,982 [INFO] HTTP Request: POST https://api.mainnet-beta.solana.com "HTTP/1.1 429 Too Many Requests"
2025-08-21 13:38:09,983 [ERROR] Attempt 2 failed for wallet AQXPaNNWWGScNgdnjRvrEw5ht3ko1G4rft4zwAZHxJJk: SolanaRpcException - 
2025-08-21 13:38:12,950 [INFO] HTTP Request: POST https://api.mainnet-beta.solana.com "HTTP/1.1 429 Too Many Requests"
2025-08-21 13:38:12,951 [ERROR] Attempt 3 failed for wallet AQXPaNNWWGScNgdnjRvrEw5ht3ko1G4rft4zwAZHxJJk: SolanaRpcException - 
2025-08-21 13:38:26,028 [INFO] HTTP Request: POST https://api.mainnet-beta.solana.com "HTTP/1.1 200 OK"
2025-08-21 13:38:27,008 [INFO] HTTP Request: POST https://api.mainnet-beta.solana.com "HTTP/1.1 200 OK"
2025-08-21 13:38:37,992 [INFO] HTTP Request: POST https://api.mainnet-beta.solana.com "HTTP/1.1 200 OK"
2025-08-21 13:38:38,968 [INFO] HTTP Request: POST https://api.mainnet-beta.solana.com "HTTP/1.1 429 Too Many Requests"
2025-08-21 13:38:38,969 [ERROR] Attempt 1 failed for wallet AQXPaNNWWGScNgdnjRvrEw5ht3ko1G4rft4zwAZHxJJk: SolanaRpcException - 
2025-08-21 13:38:41,968 [INFO] HTTP Request: POST https://api.mainnet-beta.solana.com "HTTP/1.1 429 Too Many Requests"
2025-08-21 13:38:41,969 [ERROR] Attempt 2 failed for wallet AQXPaNNWWGScNgdnjRvrEw5ht3ko1G4rft4zwAZHxJJk: SolanaRpcException - 
2025-08-21 13:38:44,946 [INFO] HTTP Request: POST https://api.mainnet-beta.solana.com "HTTP/1.1 429 Too Many Requests"
2025-08-21 13:38:44,947 [ERROR] Attempt 3 failed for wallet AQXPaNNWWGScNgdnjRvrEw5ht3ko1G4rft4zwAZHxJJk: SolanaRpcException - 
2025-08-21 13:38:58,043 [INFO] HTTP Request: POST https://api.mainnet-beta.solana.com "HTTP/1.1 200 OK"
2025-08-21 13:38:59,045 [INFO] HTTP Request: POST https://api.mainnet-beta.solana.com "HTTP/1.1 200 OK"
2025-08-21 13:39:10,030 [INFO] HTTP Request: POST https://api.mainnet-beta.solana.com "HTTP/1.1 200 OK"
2025-08-21 13:39:11,021 [INFO] HTTP Request: POST https://api.mainnet-beta.solana.com "HTTP/1.1 429 Too Many Requests"
2025-08-21 13:39:11,022 [ERROR] Attempt 1 failed for wallet AQXPaNNWWGScNgdnjRvrEw5ht3ko1G4rft4zwAZHxJJk: SolanaRpcException - 
2025-08-21 13:39:14,023 [INFO] HTTP Request: POST https://api.mainnet-beta.solana.com "HTTP/1.1 429 Too Many Requests"
2025-08-21 13:39:14,024 [ERROR] Attempt 2 failed for wallet AQXPaNNWWGScNgdnjRvrEw5ht3ko1G4rft4zwAZHxJJk: SolanaRpcException - 
2025-08-21 13:39:17,028 [INFO] HTTP Request: POST https://api.mainnet-beta.solana.com "HTTP/1.1 429 Too Many Requests"
2025-08-21 13:39:17,029 [ERROR] Attempt 3 failed for wallet AQXPaNNWWGScNgdnjRvrEw5ht3ko1G4rft4zwAZHxJJk: SolanaRpcException - 
2025-08-21 13:39:30,134 [INFO] HTTP Request: POST https://api.mainnet-beta.solana.com "HTTP/1.1 200 OK"
2025-08-21 13:39:31,123 [INFO] HTTP Request: POST https://api.mainnet-beta.solana.com "HTTP/1.1 200 OK"
2025-08-21 13:39:42,090 [INFO] HTTP Request: POST https://api.mainnet-beta.solana.com "HTTP/1.1 200 OK"
2025-08-21 13:39:43,065 [INFO] HTTP Request: POST https://api.mainnet-beta.solana.com "HTTP/1.1 429 Too Many Requests"
2025-08-21 13:39:43,066 [ERROR] Attempt 1 failed for wallet AQXPaNNWWGScNgdnjRvrEw5ht3ko1G4rft4zwAZHxJJk: SolanaRpcException - 
2025-08-21 13:39:46,062 [INFO] HTTP Request: POST https://api.mainnet-beta.solana.com "HTTP/1.1 429 Too Many Requests"
2025-08-21 13:39:46,063 [ERROR] Attempt 2 failed for wallet AQXPaNNWWGScNgdnjRvrEw5ht3ko1G4rft4zwAZHxJJk: SolanaRpcException - 
2025-08-21 13:39:49,048 [INFO] HTTP Request: POST https://api.mainnet-beta.solana.com "HTTP/1.1 429 Too Many Requests"
2025-08-21 13:39:49,049 [ERROR] Attempt 3 failed for wallet AQXPaNNWWGScNgdnjRvrEw5ht3ko1G4rft4zwAZHxJJk: SolanaRpcException - 
2025-08-21 13:40:02,206 [INFO] HTTP Request: POST https://api.mainnet-beta.solana.com "HTTP/1.1 200 OK"
2025-08-21 13:40:03,198 [INFO] HTTP Request: POST https://api.mainnet-beta.solana.com "HTTP/1.1 200 OK"
2025-08-21 13:40:14,181 [INFO] HTTP Request: POST https://api.mainnet-beta.solana.com "HTTP/1.1 200 OK"
2025-08-21 13:40:15,163 [INFO] HTTP Request: POST https://api.mainnet-beta.solana.com "HTTP/1.1 429 Too Many Requests"
2025-08-21 13:40:15,164 [ERROR] Attempt 1 failed for wallet AQXPaNNWWGScNgdnjRvrEw5ht3ko1G4rft4zwAZHxJJk: SolanaRpcException - 
2025-08-21 13:40:18,158 [INFO] HTTP Request: POST https://api.mainnet-beta.solana.com "HTTP/1.1 429 Too Many Requests"
2025-08-21 13:40:18,160 [ERROR] Attempt 2 failed for wallet AQXPaNNWWGScNgdnjRvrEw5ht3ko1G4rft4zwAZHxJJk: SolanaRpcException - 
2025-08-21 13:40:21,163 [INFO] HTTP Request: POST https://api.mainnet-beta.solana.com "HTTP/1.1 429 Too Many Requests"
2025-08-21 13:40:21,164 [ERROR] Attempt 3 failed for wallet AQXPaNNWWGScNgdnjRvrEw5ht3ko1G4rft4zwAZHxJJk: SolanaRpcException - 
2025-08-21 13:40:34,288 [INFO] HTTP Request: POST https://api.mainnet-beta.solana.com "HTTP/1.1 200 OK"
2025-08-21 13:40:35,267 [INFO] HTTP Request: POST https://api.mainnet-beta.solana.com "HTTP/1.1 200 OK"
2025-08-21 13:40:46,236 [INFO] HTTP Request: POST https://api.mainnet-beta.solana.com "HTTP/1.1 200 OK"
2025-08-21 13:40:47,227 [INFO] HTTP Request: POST https://api.mainnet-beta.solana.com "HTTP/1.1 429 Too Many Requests"
2025-08-21 13:40:47,228 [ERROR] Attempt 1 failed for wallet AQXPaNNWWGScNgdnjRvrEw5ht3ko1G4rft4zwAZHxJJk: SolanaRpcException - 
2025-08-21 13:40:50,223 [INFO] HTTP Request: POST https://api.mainnet-beta.solana.com "HTTP/1.1 429 Too Many Requests"
2025-08-21 13:40:50,225 [ERROR] Attempt 2 failed for wallet AQXPaNNWWGScNgdnjRvrEw5ht3ko1G4rft4zwAZHxJJk: SolanaRpcException - 
2025-08-21 13:40:53,214 [INFO] HTTP Request: POST https://api.mainnet-beta.solana.com "HTTP/1.1 429 Too Many Requests"
2025-08-21 13:40:53,215 [ERROR] Attempt 3 failed for wallet AQXPaNNWWGScNgdnjRvrEw5ht3ko1G4rft4zwAZHxJJk: SolanaRpcException - 
2025-08-21 13:41:06,310 [INFO] HTTP Request: POST https://api.mainnet-beta.solana.com "HTTP/1.1 200 OK"
2025-08-21 13:41:07,300 [INFO] HTTP Request: POST https://api.mainnet-beta.solana.com "HTTP/1.1 200 OK"
2025-08-21 13:41:18,287 [INFO] HTTP Request: POST https://api.mainnet-beta.solana.com "HTTP/1.1 200 OK"
2025-08-21 13:41:19,264 [INFO] HTTP Request: POST https://api.mainnet-beta.solana.com "HTTP/1.1 429 Too Many Requests"
2025-08-21 13:41:19,265 [ERROR] Attempt 1 failed for wallet AQXPaNNWWGScNgdnjRvrEw5ht3ko1G4rft4zwAZHxJJk: SolanaRpcException - 
2025-08-21 13:41:22,248 [INFO] HTTP Request: POST https://api.mainnet-beta.solana.com "HTTP/1.1 429 Too Many Requests"
2025-08-21 13:41:22,249 [ERROR] Attempt 2 failed for wallet AQXPaNNWWGScNgdnjRvrEw5ht3ko1G4rft4zwAZHxJJk: SolanaRpcException - 
2025-08-21 13:41:25,226 [INFO] HTTP Request: POST https://api.mainnet-beta.solana.com "HTTP/1.1 429 Too Many Requests"
2025-08-21 13:41:25,227 [ERROR] Attempt 3 failed for wallet AQXPaNNWWGScNgdnjRvrEw5ht3ko1G4rft4zwAZHxJJk: SolanaRpcException - 
2025-08-21 13:41:38,301 [INFO] HTTP Request: POST https://api.mainnet-beta.solana.com "HTTP/1.1 200 OK"
2025-08-21 13:41:39,311 [INFO] HTTP Request: POST https://api.mainnet-beta.solana.com "HTTP/1.1 200 OK"
2025-08-21 13:41:50,294 [INFO] HTTP Request: POST https://api.mainnet-beta.solana.com "HTTP/1.1 200 OK"
2025-08-21 13:41:51,289 [INFO] HTTP Request: POST https://api.mainnet-beta.solana.com "HTTP/1.1 429 Too Many Requests"
2025-08-21 13:41:51,290 [ERROR] Attempt 1 failed for wallet AQXPaNNWWGScNgdnjRvrEw5ht3ko1G4rft4zwAZHxJJk: SolanaRpcException - 
2025-08-21 13:41:54,286 [INFO] HTTP Request: POST https://api.mainnet-beta.solana.com "HTTP/1.1 429 Too Many Requests"
2025-08-21 13:41:54,288 [ERROR] Attempt 2 failed for wallet AQXPaNNWWGScNgdnjRvrEw5ht3ko1G4rft4zwAZHxJJk: SolanaRpcException - 
2025-08-21 13:41:57,292 [INFO] HTTP Request: POST https://api.mainnet-beta.solana.com "HTTP/1.1 429 Too Many Requests"
2025-08-21 13:41:57,293 [ERROR] Attempt 3 failed for wallet AQXPaNNWWGScNgdnjRvrEw5ht3ko1G4rft4zwAZHxJJk: SolanaRpcException - 
2025-08-21 13:42:10,398 [INFO] HTTP Request: POST https://api.mainnet-beta.solana.com "HTTP/1.1 200 OK"
2025-08-21 13:42:11,368 [INFO] HTTP Request: POST https://api.mainnet-beta.solana.com "HTTP/1.1 200 OK"
2025-08-21 13:42:22,341 [INFO] HTTP Request: POST https://api.mainnet-beta.solana.com "HTTP/1.1 200 OK"
2025-08-21 13:42:23,320 [INFO] HTTP Request: POST https://api.mainnet-beta.solana.com "HTTP/1.1 429 Too Many Requests"
2025-08-21 13:42:23,321 [ERROR] Attempt 1 failed for wallet AQXPaNNWWGScNgdnjRvrEw5ht3ko1G4rft4zwAZHxJJk: SolanaRpcException - 
2025-08-21 13:42:26,308 [INFO] HTTP Request: POST https://api.mainnet-beta.solana.com "HTTP/1.1 429 Too Many Requests"
2025-08-21 13:42:26,309 [ERROR] Attempt 2 failed for wallet AQXPaNNWWGScNgdnjRvrEw5ht3ko1G4rft4zwAZHxJJk: SolanaRpcException - 
2025-08-21 13:42:29,281 [INFO] HTTP Request: POST https://api.mainnet-beta.solana.com "HTTP/1.1 429 Too Many Requests"
2025-08-21 13:42:29,282 [ERROR] Attempt 3 failed for wallet AQXPaNNWWGScNgdnjRvrEw5ht3ko1G4rft4zwAZHxJJk: SolanaRpcException - 
2025-08-21 13:42:42,391 [INFO] HTTP Request: POST https://api.mainnet-beta.solana.com "HTTP/1.1 200 OK"
2025-08-21 13:42:43,357 [INFO] HTTP Request: POST https://api.mainnet-beta.solana.com "HTTP/1.1 200 OK"
2025-08-21 13:42:54,373 [INFO] HTTP Request: POST https://api.mainnet-beta.solana.com "HTTP/1.1 200 OK"
2025-08-21 13:42:55,349 [INFO] HTTP Request: POST https://api.mainnet-beta.solana.com "HTTP/1.1 429 Too Many Requests"
2025-08-21 13:42:55,351 [ERROR] Attempt 1 failed for wallet AQXPaNNWWGScNgdnjRvrEw5ht3ko1G4rft4zwAZHxJJk: SolanaRpcException - 
2025-08-21 13:42:58,329 [INFO] HTTP Request: POST https://api.mainnet-beta.solana.com "HTTP/1.1 429 Too Many Requests"
2025-08-21 13:42:58,330 [ERROR] Attempt 2 failed for wallet AQXPaNNWWGScNgdnjRvrEw5ht3ko1G4rft4zwAZHxJJk: SolanaRpcException - 
2025-08-21 13:43:01,352 [INFO] HTTP Request: POST https://api.mainnet-beta.solana.com "HTTP/1.1 429 Too Many Requests"
2025-08-21 13:43:01,353 [ERROR] Attempt 3 failed for wallet AQXPaNNWWGScNgdnjRvrEw5ht3ko1G4rft4zwAZHxJJk: SolanaRpcException - 
2025-08-21 13:43:14,397 [INFO] HTTP Request: POST https://api.mainnet-beta.solana.com "HTTP/1.1 200 OK"
2025-08-21 13:43:15,399 [INFO] HTTP Request: POST https://api.mainnet-beta.solana.com "HTTP/1.1 200 OK"
2025-08-21 13:43:26,355 [INFO] HTTP Request: POST https://api.mainnet-beta.solana.com "HTTP/1.1 200 OK"
2025-08-21 13:43:27,336 [INFO] HTTP Request: POST https://api.mainnet-beta.solana.com "HTTP/1.1 429 Too Many Requests"
2025-08-21 13:43:27,337 [ERROR] Attempt 1 failed for wallet AQXPaNNWWGScNgdnjRvrEw5ht3ko1G4rft4zwAZHxJJk: SolanaRpcException - 
2025-08-21 13:43:30,317 [INFO] HTTP Request: POST https://api.mainnet-beta.solana.com "HTTP/1.1 429 Too Many Requests"
2025-08-21 13:43:30,318 [ERROR] Attempt 2 failed for wallet AQXPaNNWWGScNgdnjRvrEw5ht3ko1G4rft4zwAZHxJJk: SolanaRpcException - 
2025-08-21 13:43:33,306 [INFO] HTTP Request: POST https://api.mainnet-beta.solana.com "HTTP/1.1 429 Too Many Requests"
2025-08-21 13:43:33,307 [ERROR] Attempt 3 failed for wallet AQXPaNNWWGScNgdnjRvrEw5ht3ko1G4rft4zwAZHxJJk: SolanaRpcException - 
2025-08-21 13:43:46,411 [INFO] HTTP Request: POST https://api.mainnet-beta.solana.com "HTTP/1.1 200 OK"
2025-08-21 13:43:47,393 [INFO] HTTP Request: POST https://api.mainnet-beta.solana.com "HTTP/1.1 200 OK"
2025-08-21 13:43:58,374 [INFO] HTTP Request: POST https://api.mainnet-beta.solana.com "HTTP/1.1 200 OK"
2025-08-21 13:43:59,402 [INFO] HTTP Request: POST https://api.mainnet-beta.solana.com "HTTP/1.1 429 Too Many Requests"
2025-08-21 13:43:59,403 [ERROR] Attempt 1 failed for wallet AQXPaNNWWGScNgdnjRvrEw5ht3ko1G4rft4zwAZHxJJk: SolanaRpcException - 
2025-08-21 13:44:02,411 [INFO] HTTP Request: POST https://api.mainnet-beta.solana.com "HTTP/1.1 429 Too Many Requests"
2025-08-21 13:44:02,413 [ERROR] Attempt 2 failed for wallet AQXPaNNWWGScNgdnjRvrEw5ht3ko1G4rft4zwAZHxJJk: SolanaRpcException - 
2025-08-21 13:44:05,417 [INFO] HTTP Request: POST https://api.mainnet-beta.solana.com "HTTP/1.1 429 Too Many Requests"
2025-08-21 13:44:05,418 [ERROR] Attempt 3 failed for wallet AQXPaNNWWGScNgdnjRvrEw5ht3ko1G4rft4zwAZHxJJk: SolanaRpcException - 
2025-08-21 13:44:18,451 [INFO] HTTP Request: POST https://api.mainnet-beta.solana.com "HTTP/1.1 200 OK"
2025-08-21 13:44:19,474 [INFO] HTTP Request: POST https://api.mainnet-beta.solana.com "HTTP/1.1 200 OK"
2025-08-21 13:44:30,462 [INFO] HTTP Request: POST https://api.mainnet-beta.solana.com "HTTP/1.1 200 OK"
2025-08-21 13:44:31,458 [INFO] HTTP Request: POST https://api.mainnet-beta.solana.com "HTTP/1.1 429 Too Many Requests"
2025-08-21 13:44:31,459 [ERROR] Attempt 1 failed for wallet AQXPaNNWWGScNgdnjRvrEw5ht3ko1G4rft4zwAZHxJJk: SolanaRpcException - 
2025-08-21 13:44:34,462 [INFO] HTTP Request: POST https://api.mainnet-beta.solana.com "HTTP/1.1 429 Too Many Requests"
2025-08-21 13:44:34,463 [ERROR] Attempt 2 failed for wallet AQXPaNNWWGScNgdnjRvrEw5ht3ko1G4rft4zwAZHxJJk: SolanaRpcException - 
2025-08-21 13:44:37,477 [INFO] HTTP Request: POST https://api.mainnet-beta.solana.com "HTTP/1.1 429 Too Many Requests"
2025-08-21 13:44:37,478 [ERROR] Attempt 3 failed for wallet AQXPaNNWWGScNgdnjRvrEw5ht3ko1G4rft4zwAZHxJJk: SolanaRpcException - 
2025-08-21 13:44:50,546 [INFO] HTTP Request: POST https://api.mainnet-beta.solana.com "HTTP/1.1 200 OK"
2025-08-21 13:44:51,519 [INFO] HTTP Request: POST https://api.mainnet-beta.solana.com "HTTP/1.1 200 OK"
2025-08-21 13:45:02,572 [INFO] HTTP Request: POST https://api.mainnet-beta.solana.com "HTTP/1.1 200 OK"
2025-08-21 13:45:03,612 [INFO] HTTP Request: POST https://api.mainnet-beta.solana.com "HTTP/1.1 429 Too Many Requests"
2025-08-21 13:45:03,613 [ERROR] Attempt 1 failed for wallet AQXPaNNWWGScNgdnjRvrEw5ht3ko1G4rft4zwAZHxJJk: SolanaRpcException - 
2025-08-21 13:45:06,677 [INFO] HTTP Request: POST https://api.mainnet-beta.solana.com "HTTP/1.1 429 Too Many Requests"
2025-08-21 13:45:06,678 [ERROR] Attempt 2 failed for wallet AQXPaNNWWGScNgdnjRvrEw5ht3ko1G4rft4zwAZHxJJk: SolanaRpcException - 
2025-08-21 13:45:09,694 [INFO] HTTP Request: POST https://api.mainnet-beta.solana.com "HTTP/1.1 429 Too Many Requests"
2025-08-21 13:45:09,695 [ERROR] Attempt 3 failed for wallet AQXPaNNWWGScNgdnjRvrEw5ht3ko1G4rft4zwAZHxJJk: SolanaRpcException - 
2025-08-21 13:45:22,759 [INFO] HTTP Request: POST https://api.mainnet-beta.solana.com "HTTP/1.1 200 OK"
2025-08-21 13:45:23,761 [INFO] HTTP Request: POST https://api.mainnet-beta.solana.com "HTTP/1.1 200 OK"
2025-08-21 13:45:34,757 [INFO] HTTP Request: POST https://api.mainnet-beta.solana.com "HTTP/1.1 200 OK"
2025-08-21 13:45:35,735 [INFO] HTTP Request: POST https://api.mainnet-beta.solana.com "HTTP/1.1 429 Too Many Requests"
2025-08-21 13:45:35,736 [ERROR] Attempt 1 failed for wallet AQXPaNNWWGScNgdnjRvrEw5ht3ko1G4rft4zwAZHxJJk: SolanaRpcException - 
2025-08-21 13:45:38,712 [INFO] HTTP Request: POST https://api.mainnet-beta.solana.com "HTTP/1.1 429 Too Many Requests"
2025-08-21 13:45:38,714 [ERROR] Attempt 2 failed for wallet AQXPaNNWWGScNgdnjRvrEw5ht3ko1G4rft4zwAZHxJJk: SolanaRpcException - 
2025-08-21 13:45:41,703 [INFO] HTTP Request: POST https://api.mainnet-beta.solana.com "HTTP/1.1 429 Too Many Requests"
2025-08-21 13:45:41,704 [ERROR] Attempt 3 failed for wallet AQXPaNNWWGScNgdnjRvrEw5ht3ko1G4rft4zwAZHxJJk: SolanaRpcException - 
2025-08-21 13:45:54,742 [INFO] HTTP Request: POST https://api.mainnet-beta.solana.com "HTTP/1.1 200 OK"
2025-08-21 13:45:55,727 [INFO] HTTP Request: POST https://api.mainnet-beta.solana.com "HTTP/1.1 200 OK"
2025-08-21 13:46:06,699 [INFO] HTTP Request: POST https://api.mainnet-beta.solana.com "HTTP/1.1 200 OK"
2025-08-21 13:46:07,672 [INFO] HTTP Request: POST https://api.mainnet-beta.solana.com "HTTP/1.1 429 Too Many Requests"
2025-08-21 13:46:07,673 [ERROR] Attempt 1 failed for wallet AQXPaNNWWGScNgdnjRvrEw5ht3ko1G4rft4zwAZHxJJk: SolanaRpcException - 
2025-08-21 13:46:10,669 [INFO] HTTP Request: POST https://api.mainnet-beta.solana.com "HTTP/1.1 429 Too Many Requests"
2025-08-21 13:46:10,670 [ERROR] Attempt 2 failed for wallet AQXPaNNWWGScNgdnjRvrEw5ht3ko1G4rft4zwAZHxJJk: SolanaRpcException - 
2025-08-21 13:46:13,693 [INFO] HTTP Request: POST https://api.mainnet-beta.solana.com "HTTP/1.1 429 Too Many Requests"
2025-08-21 13:46:13,694 [ERROR] Attempt 3 failed for wallet AQXPaNNWWGScNgdnjRvrEw5ht3ko1G4rft4zwAZHxJJk: SolanaRpcException - 
2025-08-21 13:46:26,741 [INFO] HTTP Request: POST https://api.mainnet-beta.solana.com "HTTP/1.1 200 OK"
2025-08-21 13:46:27,729 [INFO] HTTP Request: POST https://api.mainnet-beta.solana.com "HTTP/1.1 200 OK"
2025-08-21 13:46:38,699 [INFO] HTTP Request: POST https://api.mainnet-beta.solana.com "HTTP/1.1 200 OK"
2025-08-21 13:46:39,683 [INFO] HTTP Request: POST https://api.mainnet-beta.solana.com "HTTP/1.1 429 Too Many Requests"
2025-08-21 13:46:39,684 [ERROR] Attempt 1 failed for wallet AQXPaNNWWGScNgdnjRvrEw5ht3ko1G4rft4zwAZHxJJk: SolanaRpcException - 
2025-08-21 13:46:42,685 [INFO] HTTP Request: POST https://api.mainnet-beta.solana.com "HTTP/1.1 429 Too Many Requests"
2025-08-21 13:46:42,686 [ERROR] Attempt 2 failed for wallet AQXPaNNWWGScNgdnjRvrEw5ht3ko1G4rft4zwAZHxJJk: SolanaRpcException - 
2025-08-21 13:46:45,691 [INFO] HTTP Request: POST https://api.mainnet-beta.solana.com "HTTP/1.1 429 Too Many Requests"
2025-08-21 13:46:45,692 [ERROR] Attempt 3 failed for wallet AQXPaNNWWGScNgdnjRvrEw5ht3ko1G4rft4zwAZHxJJk: SolanaRpcException - 
2025-08-21 13:46:58,782 [INFO] HTTP Request: POST https://api.mainnet-beta.solana.com "HTTP/1.1 200 OK"
2025-08-21 13:46:59,763 [INFO] HTTP Request: POST https://api.mainnet-beta.solana.com "HTTP/1.1 200 OK"
2025-08-21 13:47:10,734 [INFO] HTTP Request: POST https://api.mainnet-beta.solana.com "HTTP/1.1 200 OK"
2025-08-21 13:47:11,720 [INFO] HTTP Request: POST https://api.mainnet-beta.solana.com "HTTP/1.1 429 Too Many Requests"
2025-08-21 13:47:11,721 [ERROR] Attempt 1 failed for wallet AQXPaNNWWGScNgdnjRvrEw5ht3ko1G4rft4zwAZHxJJk: SolanaRpcException - 
2025-08-21 13:47:14,725 [INFO] HTTP Request: POST https://api.mainnet-beta.solana.com "HTTP/1.1 429 Too Many Requests"
2025-08-21 13:47:14,726 [ERROR] Attempt 2 failed for wallet AQXPaNNWWGScNgdnjRvrEw5ht3ko1G4rft4zwAZHxJJk: SolanaRpcException - 
2025-08-21 13:47:17,720 [INFO] HTTP Request: POST https://api.mainnet-beta.solana.com "HTTP/1.1 429 Too Many Requests"
2025-08-21 13:47:17,721 [ERROR] Attempt 3 failed for wallet AQXPaNNWWGScNgdnjRvrEw5ht3ko1G4rft4zwAZHxJJk: SolanaRpcException - 
2025-08-21 13:47:30,858 [INFO] HTTP Request: POST https://api.mainnet-beta.solana.com "HTTP/1.1 200 OK"
2025-08-21 13:47:31,844 [INFO] HTTP Request: POST https://api.mainnet-beta.solana.com "HTTP/1.1 200 OK"
2025-08-21 13:47:42,888 [INFO] HTTP Request: POST https://api.mainnet-beta.solana.com "HTTP/1.1 200 OK"
2025-08-21 13:47:43,900 [INFO] HTTP Request: POST https://api.mainnet-beta.solana.com "HTTP/1.1 429 Too Many Requests"
2025-08-21 13:47:43,902 [ERROR] Attempt 1 failed for wallet AQXPaNNWWGScNgdnjRvrEw5ht3ko1G4rft4zwAZHxJJk: SolanaRpcException - 
2025-08-21 13:47:46,903 [INFO] HTTP Request: POST https://api.mainnet-beta.solana.com "HTTP/1.1 429 Too Many Requests"
2025-08-21 13:47:46,904 [ERROR] Attempt 2 failed for wallet AQXPaNNWWGScNgdnjRvrEw5ht3ko1G4rft4zwAZHxJJk: SolanaRpcException - 
2025-08-21 13:47:49,885 [INFO] HTTP Request: POST https://api.mainnet-beta.solana.com "HTTP/1.1 429 Too Many Requests"
2025-08-21 13:47:49,886 [ERROR] Attempt 3 failed for wallet AQXPaNNWWGScNgdnjRvrEw5ht3ko1G4rft4zwAZHxJJk: SolanaRpcException - 
2025-08-21 13:48:04,038 [INFO] HTTP Request: POST https://api.mainnet-beta.solana.com "HTTP/1.1 200 OK"
2025-08-21 13:48:05,035 [INFO] HTTP Request: POST https://api.mainnet-beta.solana.com "HTTP/1.1 200 OK"
2025-08-21 13:48:15,995 [INFO] HTTP Request: POST https://api.mainnet-beta.solana.com "HTTP/1.1 200 OK"
2025-08-21 13:48:16,983 [INFO] HTTP Request: POST https://api.mainnet-beta.solana.com "HTTP/1.1 429 Too Many Requests"
2025-08-21 13:48:16,984 [ERROR] Attempt 1 failed for wallet AQXPaNNWWGScNgdnjRvrEw5ht3ko1G4rft4zwAZHxJJk: SolanaRpcException - 
2025-08-21 13:48:19,977 [INFO] HTTP Request: POST https://api.mainnet-beta.solana.com "HTTP/1.1 429 Too Many Requests"
2025-08-21 13:48:19,978 [ERROR] Attempt 2 failed for wallet AQXPaNNWWGScNgdnjRvrEw5ht3ko1G4rft4zwAZHxJJk: SolanaRpcException - 
2025-08-21 13:48:22,962 [INFO] HTTP Request: POST https://api.mainnet-beta.solana.com "HTTP/1.1 429 Too Many Requests"
2025-08-21 13:48:22,963 [ERROR] Attempt 3 failed for wallet AQXPaNNWWGScNgdnjRvrEw5ht3ko1G4rft4zwAZHxJJk: SolanaRpcException - 
2025-08-21 13:48:36,065 [INFO] HTTP Request: POST https://api.mainnet-beta.solana.com "HTTP/1.1 200 OK"
2025-08-21 13:48:37,083 [INFO] HTTP Request: POST https://api.mainnet-beta.solana.com "HTTP/1.1 200 OK"
2025-08-21 13:48:48,056 [INFO] HTTP Request: POST https://api.mainnet-beta.solana.com "HTTP/1.1 200 OK"
2025-08-21 13:48:49,047 [INFO] HTTP Request: POST https://api.mainnet-beta.solana.com "HTTP/1.1 429 Too Many Requests"
2025-08-21 13:48:49,048 [ERROR] Attempt 1 failed for wallet AQXPaNNWWGScNgdnjRvrEw5ht3ko1G4rft4zwAZHxJJk: SolanaRpcException - 
2025-08-21 13:48:52,049 [INFO] HTTP Request: POST https://api.mainnet-beta.solana.com "HTTP/1.1 429 Too Many Requests"
2025-08-21 13:48:52,050 [ERROR] Attempt 2 failed for wallet AQXPaNNWWGScNgdnjRvrEw5ht3ko1G4rft4zwAZHxJJk: SolanaRpcException - 
2025-08-21 13:48:55,031 [INFO] HTTP Request: POST https://api.mainnet-beta.solana.com "HTTP/1.1 429 Too Many Requests"
2025-08-21 13:48:55,032 [ERROR] Attempt 3 failed for wallet AQXPaNNWWGScNgdnjRvrEw5ht3ko1G4rft4zwAZHxJJk: SolanaRpcException - 
2025-08-21 13:49:08,109 [INFO] HTTP Request: POST https://api.mainnet-beta.solana.com "HTTP/1.1 200 OK"
2025-08-21 13:49:09,092 [INFO] HTTP Request: POST https://api.mainnet-beta.solana.com "HTTP/1.1 200 OK"
2025-08-21 13:49:20,074 [INFO] HTTP Request: POST https://api.mainnet-beta.solana.com "HTTP/1.1 200 OK"
2025-08-21 13:49:21,065 [INFO] HTTP Request: POST https://api.mainnet-beta.solana.com "HTTP/1.1 429 Too Many Requests"
2025-08-21 13:49:21,065 [ERROR] Attempt 1 failed for wallet AQXPaNNWWGScNgdnjRvrEw5ht3ko1G4rft4zwAZHxJJk: SolanaRpcException - 
2025-08-21 13:49:24,048 [INFO] HTTP Request: POST https://api.mainnet-beta.solana.com "HTTP/1.1 429 Too Many Requests"
2025-08-21 13:49:24,049 [ERROR] Attempt 2 failed for wallet AQXPaNNWWGScNgdnjRvrEw5ht3ko1G4rft4zwAZHxJJk: SolanaRpcException - 
2025-08-21 13:49:27,025 [INFO] HTTP Request: POST https://api.mainnet-beta.solana.com "HTTP/1.1 429 Too Many Requests"
2025-08-21 13:49:27,026 [ERROR] Attempt 3 failed for wallet AQXPaNNWWGScNgdnjRvrEw5ht3ko1G4rft4zwAZHxJJk: SolanaRpcException - 
2025-08-21 13:49:40,144 [INFO] HTTP Request: POST https://api.mainnet-beta.solana.com "HTTP/1.1 200 OK"
2025-08-21 13:49:41,125 [INFO] HTTP Request: POST https://api.mainnet-beta.solana.com "HTTP/1.1 200 OK"
2025-08-21 13:49:52,139 [INFO] HTTP Request: POST https://api.mainnet-beta.solana.com "HTTP/1.1 200 OK"
2025-08-21 13:49:53,129 [INFO] HTTP Request: POST https://api.mainnet-beta.solana.com "HTTP/1.1 429 Too Many Requests"
2025-08-21 13:49:53,130 [ERROR] Attempt 1 failed for wallet AQXPaNNWWGScNgdnjRvrEw5ht3ko1G4rft4zwAZHxJJk: SolanaRpcException - 
2025-08-21 13:49:56,118 [INFO] HTTP Request: POST https://api.mainnet-beta.solana.com "HTTP/1.1 429 Too Many Requests"
2025-08-21 13:49:56,119 [ERROR] Attempt 2 failed for wallet AQXPaNNWWGScNgdnjRvrEw5ht3ko1G4rft4zwAZHxJJk: SolanaRpcException - 
2025-08-21 13:49:59,114 [INFO] HTTP Request: POST https://api.mainnet-beta.solana.com "HTTP/1.1 429 Too Many Requests"
2025-08-21 13:49:59,115 [ERROR] Attempt 3 failed for wallet AQXPaNNWWGScNgdnjRvrEw5ht3ko1G4rft4zwAZHxJJk: SolanaRpcException - 
2025-08-21 13:50:12,210 [INFO] HTTP Request: POST https://api.mainnet-beta.solana.com "HTTP/1.1 200 OK"
2025-08-21 13:50:13,254 [INFO] HTTP Request: POST https://api.mainnet-beta.solana.com "HTTP/1.1 200 OK"
2025-08-21 13:50:24,254 [INFO] HTTP Request: POST https://api.mainnet-beta.solana.com "HTTP/1.1 200 OK"
2025-08-21 13:50:25,251 [INFO] HTTP Request: POST https://api.mainnet-beta.solana.com "HTTP/1.1 429 Too Many Requests"
2025-08-21 13:50:25,252 [ERROR] Attempt 1 failed for wallet AQXPaNNWWGScNgdnjRvrEw5ht3ko1G4rft4zwAZHxJJk: SolanaRpcException - 
2025-08-21 13:50:28,227 [INFO] HTTP Request: POST https://api.mainnet-beta.solana.com "HTTP/1.1 429 Too Many Requests"
2025-08-21 13:50:28,228 [ERROR] Attempt 2 failed for wallet AQXPaNNWWGScNgdnjRvrEw5ht3ko1G4rft4zwAZHxJJk: SolanaRpcException - 
2025-08-21 13:50:31,215 [INFO] HTTP Request: POST https://api.mainnet-beta.solana.com "HTTP/1.1 429 Too Many Requests"
2025-08-21 13:50:31,216 [ERROR] Attempt 3 failed for wallet AQXPaNNWWGScNgdnjRvrEw5ht3ko1G4rft4zwAZHxJJk: SolanaRpcException - 
2025-08-21 13:50:44,255 [INFO] HTTP Request: POST https://api.mainnet-beta.solana.com "HTTP/1.1 200 OK"
2025-08-21 13:50:45,229 [INFO] HTTP Request: POST https://api.mainnet-beta.solana.com "HTTP/1.1 200 OK"
2025-08-21 13:50:56,222 [INFO] HTTP Request: POST https://api.mainnet-beta.solana.com "HTTP/1.1 200 OK"
2025-08-21 13:50:57,256 [INFO] HTTP Request: POST https://api.mainnet-beta.solana.com "HTTP/1.1 429 Too Many Requests"
2025-08-21 13:50:57,257 [ERROR] Attempt 1 failed for wallet AQXPaNNWWGScNgdnjRvrEw5ht3ko1G4rft4zwAZHxJJk: SolanaRpcException - 
2025-08-21 13:51:00,265 [INFO] HTTP Request: POST https://api.mainnet-beta.solana.com "HTTP/1.1 429 Too Many Requests"
2025-08-21 13:51:00,266 [ERROR] Attempt 2 failed for wallet AQXPaNNWWGScNgdnjRvrEw5ht3ko1G4rft4zwAZHxJJk: SolanaRpcException - 
2025-08-21 13:51:03,237 [INFO] HTTP Request: POST https://api.mainnet-beta.solana.com "HTTP/1.1 429 Too Many Requests"
2025-08-21 13:51:03,238 [ERROR] Attempt 3 failed for wallet AQXPaNNWWGScNgdnjRvrEw5ht3ko1G4rft4zwAZHxJJk: SolanaRpcException - 
2025-08-21 13:51:16,359 [INFO] HTTP Request: POST https://api.mainnet-beta.solana.com "HTTP/1.1 200 OK"
2025-08-21 13:51:17,366 [INFO] HTTP Request: POST https://api.mainnet-beta.solana.com "HTTP/1.1 200 OK"
2025-08-21 13:51:28,362 [INFO] HTTP Request: POST https://api.mainnet-beta.solana.com "HTTP/1.1 200 OK"
2025-08-21 13:51:29,329 [INFO] HTTP Request: POST https://api.mainnet-beta.solana.com "HTTP/1.1 429 Too Many Requests"
2025-08-21 13:51:29,330 [ERROR] Attempt 1 failed for wallet AQXPaNNWWGScNgdnjRvrEw5ht3ko1G4rft4zwAZHxJJk: SolanaRpcException - 
2025-08-21 13:51:32,348 [INFO] HTTP Request: POST https://api.mainnet-beta.solana.com "HTTP/1.1 429 Too Many Requests"
2025-08-21 13:51:32,349 [ERROR] Attempt 2 failed for wallet AQXPaNNWWGScNgdnjRvrEw5ht3ko1G4rft4zwAZHxJJk: SolanaRpcException - 
2025-08-21 13:51:35,346 [INFO] HTTP Request: POST https://api.mainnet-beta.solana.com "HTTP/1.1 429 Too Many Requests"
2025-08-21 13:51:35,347 [ERROR] Attempt 3 failed for wallet AQXPaNNWWGScNgdnjRvrEw5ht3ko1G4rft4zwAZHxJJk: SolanaRpcException - 
2025-08-21 13:51:48,407 [INFO] HTTP Request: POST https://api.mainnet-beta.solana.com "HTTP/1.1 200 OK"
2025-08-21 13:51:49,425 [INFO] HTTP Request: POST https://api.mainnet-beta.solana.com "HTTP/1.1 200 OK"
2025-08-21 13:52:00,442 [INFO] HTTP Request: POST https://api.mainnet-beta.solana.com "HTTP/1.1 200 OK"
2025-08-21 13:52:01,430 [INFO] HTTP Request: POST https://api.mainnet-beta.solana.com "HTTP/1.1 429 Too Many Requests"
2025-08-21 13:52:01,431 [ERROR] Attempt 1 failed for wallet AQXPaNNWWGScNgdnjRvrEw5ht3ko1G4rft4zwAZHxJJk: SolanaRpcException - 
2025-08-21 13:52:04,433 [INFO] HTTP Request: POST https://api.mainnet-beta.solana.com "HTTP/1.1 429 Too Many Requests"
2025-08-21 13:52:04,434 [ERROR] Attempt 2 failed for wallet AQXPaNNWWGScNgdnjRvrEw5ht3ko1G4rft4zwAZHxJJk: SolanaRpcException - 
2025-08-21 13:52:07,414 [INFO] HTTP Request: POST https://api.mainnet-beta.solana.com "HTTP/1.1 429 Too Many Requests"
2025-08-21 13:52:07,415 [ERROR] Attempt 3 failed for wallet AQXPaNNWWGScNgdnjRvrEw5ht3ko1G4rft4zwAZHxJJk: SolanaRpcException - 
2025-08-21 13:52:20,459 [INFO] HTTP Request: POST https://api.mainnet-beta.solana.com "HTTP/1.1 200 OK"
2025-08-21 13:52:21,443 [INFO] HTTP Request: POST https://api.mainnet-beta.solana.com "HTTP/1.1 200 OK"
2025-08-21 13:52:32,422 [INFO] HTTP Request: POST https://api.mainnet-beta.solana.com "HTTP/1.1 200 OK"
2025-08-21 13:52:33,410 [INFO] HTTP Request: POST https://api.mainnet-beta.solana.com "HTTP/1.1 429 Too Many Requests"
2025-08-21 13:52:33,411 [ERROR] Attempt 1 failed for wallet AQXPaNNWWGScNgdnjRvrEw5ht3ko1G4rft4zwAZHxJJk: SolanaRpcException - 
2025-08-21 13:52:36,402 [INFO] HTTP Request: POST https://api.mainnet-beta.solana.com "HTTP/1.1 429 Too Many Requests"
2025-08-21 13:52:36,403 [ERROR] Attempt 2 failed for wallet AQXPaNNWWGScNgdnjRvrEw5ht3ko1G4rft4zwAZHxJJk: SolanaRpcException - 
2025-08-21 13:52:39,368 [INFO] HTTP Request: POST https://api.mainnet-beta.solana.com "HTTP/1.1 429 Too Many Requests"
2025-08-21 13:52:39,370 [ERROR] Attempt 3 failed for wallet AQXPaNNWWGScNgdnjRvrEw5ht3ko1G4rft4zwAZHxJJk: SolanaRpcException - 
2025-08-21 13:52:52,455 [INFO] HTTP Request: POST https://api.mainnet-beta.solana.com "HTTP/1.1 200 OK"
2025-08-21 13:52:53,453 [INFO] HTTP Request: POST https://api.mainnet-beta.solana.com "HTTP/1.1 200 OK"
2025-08-21 13:53:04,435 [INFO] HTTP Request: POST https://api.mainnet-beta.solana.com "HTTP/1.1 200 OK"
2025-08-21 13:53:05,423 [INFO] HTTP Request: POST https://api.mainnet-beta.solana.com "HTTP/1.1 429 Too Many Requests"
2025-08-21 13:53:05,424 [ERROR] Attempt 1 failed for wallet AQXPaNNWWGScNgdnjRvrEw5ht3ko1G4rft4zwAZHxJJk: SolanaRpcException - 
2025-08-21 13:53:08,413 [INFO] HTTP Request: POST https://api.mainnet-beta.solana.com "HTTP/1.1 429 Too Many Requests"
2025-08-21 13:53:08,414 [ERROR] Attempt 2 failed for wallet AQXPaNNWWGScNgdnjRvrEw5ht3ko1G4rft4zwAZHxJJk: SolanaRpcException - 
2025-08-21 13:53:11,423 [INFO] HTTP Request: POST https://api.mainnet-beta.solana.com "HTTP/1.1 429 Too Many Requests"
2025-08-21 13:53:11,424 [ERROR] Attempt 3 failed for wallet AQXPaNNWWGScNgdnjRvrEw5ht3ko1G4rft4zwAZHxJJk: SolanaRpcException - 
2025-08-21 13:53:24,520 [INFO] HTTP Request: POST https://api.mainnet-beta.solana.com "HTTP/1.1 200 OK"
2025-08-21 13:53:25,498 [INFO] HTTP Request: POST https://api.mainnet-beta.solana.com "HTTP/1.1 200 OK"
2025-08-21 13:53:36,465 [INFO] HTTP Request: POST https://api.mainnet-beta.solana.com "HTTP/1.1 200 OK"
2025-08-21 13:53:37,455 [INFO] HTTP Request: POST https://api.mainnet-beta.solana.com "HTTP/1.1 429 Too Many Requests"
2025-08-21 13:53:37,457 [ERROR] Attempt 1 failed for wallet AQXPaNNWWGScNgdnjRvrEw5ht3ko1G4rft4zwAZHxJJk: SolanaRpcException - 
2025-08-21 13:53:40,428 [INFO] HTTP Request: POST https://api.mainnet-beta.solana.com "HTTP/1.1 429 Too Many Requests"
2025-08-21 13:53:40,429 [ERROR] Attempt 2 failed for wallet AQXPaNNWWGScNgdnjRvrEw5ht3ko1G4rft4zwAZHxJJk: SolanaRpcException - 
2025-08-21 13:53:43,419 [INFO] HTTP Request: POST https://api.mainnet-beta.solana.com "HTTP/1.1 429 Too Many Requests"
2025-08-21 13:53:43,420 [ERROR] Attempt 3 failed for wallet AQXPaNNWWGScNgdnjRvrEw5ht3ko1G4rft4zwAZHxJJk: SolanaRpcException - 
2025-08-21 13:53:56,459 [INFO] HTTP Request: POST https://api.mainnet-beta.solana.com "HTTP/1.1 200 OK"
2025-08-21 13:53:57,466 [INFO] HTTP Request: POST https://api.mainnet-beta.solana.com "HTTP/1.1 200 OK"
2025-08-21 13:54:08,472 [INFO] HTTP Request: POST https://api.mainnet-beta.solana.com "HTTP/1.1 200 OK"
2025-08-21 13:54:09,449 [INFO] HTTP Request: POST https://api.mainnet-beta.solana.com "HTTP/1.1 429 Too Many Requests"
2025-08-21 13:54:09,450 [ERROR] Attempt 1 failed for wallet AQXPaNNWWGScNgdnjRvrEw5ht3ko1G4rft4zwAZHxJJk: SolanaRpcException - 
2025-08-21 13:54:12,445 [INFO] HTTP Request: POST https://api.mainnet-beta.solana.com "HTTP/1.1 429 Too Many Requests"
2025-08-21 13:54:12,447 [ERROR] Attempt 2 failed for wallet AQXPaNNWWGScNgdnjRvrEw5ht3ko1G4rft4zwAZHxJJk: SolanaRpcException - 
2025-08-21 13:54:15,429 [INFO] HTTP Request: POST https://api.mainnet-beta.solana.com "HTTP/1.1 429 Too Many Requests"
2025-08-21 13:54:15,430 [ERROR] Attempt 3 failed for wallet AQXPaNNWWGScNgdnjRvrEw5ht3ko1G4rft4zwAZHxJJk: SolanaRpcException - 
2025-08-21 13:54:28,549 [INFO] HTTP Request: POST https://api.mainnet-beta.solana.com "HTTP/1.1 200 OK"
2025-08-21 13:54:29,525 [INFO] HTTP Request: POST https://api.mainnet-beta.solana.com "HTTP/1.1 200 OK"
2025-08-21 13:54:40,526 [INFO] HTTP Request: POST https://api.mainnet-beta.solana.com "HTTP/1.1 200 OK"
2025-08-21 13:54:41,513 [INFO] HTTP Request: POST https://api.mainnet-beta.solana.com "HTTP/1.1 429 Too Many Requests"
2025-08-21 13:54:41,514 [ERROR] Attempt 1 failed for wallet AQXPaNNWWGScNgdnjRvrEw5ht3ko1G4rft4zwAZHxJJk: SolanaRpcException - 
2025-08-21 13:54:44,501 [INFO] HTTP Request: POST https://api.mainnet-beta.solana.com "HTTP/1.1 429 Too Many Requests"
2025-08-21 13:54:44,502 [ERROR] Attempt 2 failed for wallet AQXPaNNWWGScNgdnjRvrEw5ht3ko1G4rft4zwAZHxJJk: SolanaRpcException - 
2025-08-21 13:54:47,493 [INFO] HTTP Request: POST https://api.mainnet-beta.solana.com "HTTP/1.1 429 Too Many Requests"
2025-08-21 13:54:47,494 [ERROR] Attempt 3 failed for wallet AQXPaNNWWGScNgdnjRvrEw5ht3ko1G4rft4zwAZHxJJk: SolanaRpcException - 
2025-08-21 13:55:00,601 [INFO] HTTP Request: POST https://api.mainnet-beta.solana.com "HTTP/1.1 200 OK"
2025-08-21 13:55:01,573 [INFO] HTTP Request: POST https://api.mainnet-beta.solana.com "HTTP/1.1 200 OK"
2025-08-21 13:55:12,592 [INFO] HTTP Request: POST https://api.mainnet-beta.solana.com "HTTP/1.1 200 OK"
2025-08-21 13:55:13,624 [INFO] HTTP Request: POST https://api.mainnet-beta.solana.com "HTTP/1.1 429 Too Many Requests"
2025-08-21 13:55:13,625 [ERROR] Attempt 1 failed for wallet AQXPaNNWWGScNgdnjRvrEw5ht3ko1G4rft4zwAZHxJJk: SolanaRpcException - 
2025-08-21 13:55:16,689 [INFO] HTTP Request: POST https://api.mainnet-beta.solana.com "HTTP/1.1 429 Too Many Requests"
2025-08-21 13:55:16,691 [ERROR] Attempt 2 failed for wallet AQXPaNNWWGScNgdnjRvrEw5ht3ko1G4rft4zwAZHxJJk: SolanaRpcException - 
2025-08-21 13:55:19,701 [INFO] HTTP Request: POST https://api.mainnet-beta.solana.com "HTTP/1.1 429 Too Many Requests"
2025-08-21 13:55:19,702 [ERROR] Attempt 3 failed for wallet AQXPaNNWWGScNgdnjRvrEw5ht3ko1G4rft4zwAZHxJJk: SolanaRpcException - 
2025-08-21 13:55:32,873 [INFO] HTTP Request: POST https://api.mainnet-beta.solana.com "HTTP/1.1 200 OK"
2025-08-21 13:55:33,874 [INFO] HTTP Request: POST https://api.mainnet-beta.solana.com "HTTP/1.1 200 OK"
2025-08-21 13:55:44,837 [INFO] HTTP Request: POST https://api.mainnet-beta.solana.com "HTTP/1.1 200 OK"
2025-08-21 13:55:45,806 [INFO] HTTP Request: POST https://api.mainnet-beta.solana.com "HTTP/1.1 429 Too Many Requests"
2025-08-21 13:55:45,807 [ERROR] Attempt 1 failed for wallet AQXPaNNWWGScNgdnjRvrEw5ht3ko1G4rft4zwAZHxJJk: SolanaRpcException - 
2025-08-21 13:55:48,773 [INFO] HTTP Request: POST https://api.mainnet-beta.solana.com "HTTP/1.1 429 Too Many Requests"
2025-08-21 13:55:48,775 [ERROR] Attempt 2 failed for wallet AQXPaNNWWGScNgdnjRvrEw5ht3ko1G4rft4zwAZHxJJk: SolanaRpcException - 
2025-08-21 13:55:51,761 [INFO] HTTP Request: POST https://api.mainnet-beta.solana.com "HTTP/1.1 429 Too Many Requests"
2025-08-21 13:55:51,762 [ERROR] Attempt 3 failed for wallet AQXPaNNWWGScNgdnjRvrEw5ht3ko1G4rft4zwAZHxJJk: SolanaRpcException - 
2025-08-21 13:56:04,852 [INFO] HTTP Request: POST https://api.mainnet-beta.solana.com "HTTP/1.1 200 OK"
2025-08-21 13:56:05,833 [INFO] HTTP Request: POST https://api.mainnet-beta.solana.com "HTTP/1.1 200 OK"
2025-08-21 13:56:16,813 [INFO] HTTP Request: POST https://api.mainnet-beta.solana.com "HTTP/1.1 200 OK"
2025-08-21 13:56:17,824 [INFO] HTTP Request: POST https://api.mainnet-beta.solana.com "HTTP/1.1 429 Too Many Requests"
2025-08-21 13:56:17,825 [ERROR] Attempt 1 failed for wallet AQXPaNNWWGScNgdnjRvrEw5ht3ko1G4rft4zwAZHxJJk: SolanaRpcException - 
2025-08-21 13:56:20,833 [INFO] HTTP Request: POST https://api.mainnet-beta.solana.com "HTTP/1.1 429 Too Many Requests"
2025-08-21 13:56:20,834 [ERROR] Attempt 2 failed for wallet AQXPaNNWWGScNgdnjRvrEw5ht3ko1G4rft4zwAZHxJJk: SolanaRpcException - 
2025-08-21 13:56:23,808 [INFO] HTTP Request: POST https://api.mainnet-beta.solana.com "HTTP/1.1 429 Too Many Requests"
2025-08-21 13:56:23,809 [ERROR] Attempt 3 failed for wallet AQXPaNNWWGScNgdnjRvrEw5ht3ko1G4rft4zwAZHxJJk: SolanaRpcException - 
2025-08-21 13:56:36,891 [INFO] HTTP Request: POST https://api.mainnet-beta.solana.com "HTTP/1.1 200 OK"
2025-08-21 13:56:37,908 [INFO] HTTP Request: POST https://api.mainnet-beta.solana.com "HTTP/1.1 200 OK"
2025-08-21 13:56:48,964 [INFO] HTTP Request: POST https://api.mainnet-beta.solana.com "HTTP/1.1 200 OK"
2025-08-21 13:56:49,935 [INFO] HTTP Request: POST https://api.mainnet-beta.solana.com "HTTP/1.1 429 Too Many Requests"
2025-08-21 13:56:49,936 [ERROR] Attempt 1 failed for wallet AQXPaNNWWGScNgdnjRvrEw5ht3ko1G4rft4zwAZHxJJk: SolanaRpcException - 
2025-08-21 13:56:52,913 [INFO] HTTP Request: POST https://api.mainnet-beta.solana.com "HTTP/1.1 429 Too Many Requests"
2025-08-21 13:56:52,914 [ERROR] Attempt 2 failed for wallet AQXPaNNWWGScNgdnjRvrEw5ht3ko1G4rft4zwAZHxJJk: SolanaRpcException - 
2025-08-21 13:56:55,902 [INFO] HTTP Request: POST https://api.mainnet-beta.solana.com "HTTP/1.1 429 Too Many Requests"
2025-08-21 13:56:55,903 [ERROR] Attempt 3 failed for wallet AQXPaNNWWGScNgdnjRvrEw5ht3ko1G4rft4zwAZHxJJk: SolanaRpcException - 
2025-08-21 13:57:08,971 [INFO] HTTP Request: POST https://api.mainnet-beta.solana.com "HTTP/1.1 200 OK"
2025-08-21 13:57:09,938 [INFO] HTTP Request: POST https://api.mainnet-beta.solana.com "HTTP/1.1 200 OK"
2025-08-21 13:57:20,922 [INFO] HTTP Request: POST https://api.mainnet-beta.solana.com "HTTP/1.1 200 OK"
2025-08-21 13:57:21,903 [INFO] HTTP Request: POST https://api.mainnet-beta.solana.com "HTTP/1.1 429 Too Many Requests"
2025-08-21 13:57:21,904 [ERROR] Attempt 1 failed for wallet AQXPaNNWWGScNgdnjRvrEw5ht3ko1G4rft4zwAZHxJJk: SolanaRpcException - 
2025-08-21 13:57:24,902 [INFO] HTTP Request: POST https://api.mainnet-beta.solana.com "HTTP/1.1 429 Too Many Requests"
2025-08-21 13:57:24,903 [ERROR] Attempt 2 failed for wallet AQXPaNNWWGScNgdnjRvrEw5ht3ko1G4rft4zwAZHxJJk: SolanaRpcException - 
2025-08-21 13:57:27,899 [INFO] HTTP Request: POST https://api.mainnet-beta.solana.com "HTTP/1.1 429 Too Many Requests"
2025-08-21 13:57:27,900 [ERROR] Attempt 3 failed for wallet AQXPaNNWWGScNgdnjRvrEw5ht3ko1G4rft4zwAZHxJJk: SolanaRpcException - 
2025-08-21 13:57:40,981 [INFO] HTTP Request: POST https://api.mainnet-beta.solana.com "HTTP/1.1 200 OK"
2025-08-21 13:57:42,013 [INFO] HTTP Request: POST https://api.mainnet-beta.solana.com "HTTP/1.1 200 OK"
2025-08-21 13:57:52,976 [INFO] HTTP Request: POST https://api.mainnet-beta.solana.com "HTTP/1.1 200 OK"
2025-08-21 13:57:53,999 [INFO] HTTP Request: POST https://api.mainnet-beta.solana.com "HTTP/1.1 429 Too Many Requests"
2025-08-21 13:57:54,000 [ERROR] Attempt 1 failed for wallet AQXPaNNWWGScNgdnjRvrEw5ht3ko1G4rft4zwAZHxJJk: SolanaRpcException - 
2025-08-21 13:57:56,981 [INFO] HTTP Request: POST https://api.mainnet-beta.solana.com "HTTP/1.1 429 Too Many Requests"
2025-08-21 13:57:56,982 [ERROR] Attempt 2 failed for wallet AQXPaNNWWGScNgdnjRvrEw5ht3ko1G4rft4zwAZHxJJk: SolanaRpcException - 
2025-08-21 13:57:59,957 [INFO] HTTP Request: POST https://api.mainnet-beta.solana.com "HTTP/1.1 429 Too Many Requests"
2025-08-21 13:57:59,958 [ERROR] Attempt 3 failed for wallet AQXPaNNWWGScNgdnjRvrEw5ht3ko1G4rft4zwAZHxJJk: SolanaRpcException - 
2025-08-21 13:58:14,063 [INFO] HTTP Request: POST https://api.mainnet-beta.solana.com "HTTP/1.1 200 OK"
2025-08-21 13:58:15,034 [INFO] HTTP Request: POST https://api.mainnet-beta.solana.com "HTTP/1.1 200 OK"
2025-08-21 13:58:26,013 [INFO] HTTP Request: POST https://api.mainnet-beta.solana.com "HTTP/1.1 200 OK"
2025-08-21 13:58:27,002 [INFO] HTTP Request: POST https://api.mainnet-beta.solana.com "HTTP/1.1 429 Too Many Requests"
2025-08-21 13:58:27,003 [ERROR] Attempt 1 failed for wallet AQXPaNNWWGScNgdnjRvrEw5ht3ko1G4rft4zwAZHxJJk: SolanaRpcException - 
2025-08-21 13:58:29,993 [INFO] HTTP Request: POST https://api.mainnet-beta.solana.com "HTTP/1.1 429 Too Many Requests"
2025-08-21 13:58:29,994 [ERROR] Attempt 2 failed for wallet AQXPaNNWWGScNgdnjRvrEw5ht3ko1G4rft4zwAZHxJJk: SolanaRpcException - 
2025-08-21 13:58:32,977 [INFO] HTTP Request: POST https://api.mainnet-beta.solana.com "HTTP/1.1 429 Too Many Requests"
2025-08-21 13:58:32,979 [ERROR] Attempt 3 failed for wallet AQXPaNNWWGScNgdnjRvrEw5ht3ko1G4rft4zwAZHxJJk: SolanaRpcException - 
2025-08-21 13:58:46,064 [INFO] HTTP Request: POST https://api.mainnet-beta.solana.com "HTTP/1.1 200 OK"
2025-08-21 13:58:47,041 [INFO] HTTP Request: POST https://api.mainnet-beta.solana.com "HTTP/1.1 200 OK"
2025-08-21 13:58:58,041 [INFO] HTTP Request: POST https://api.mainnet-beta.solana.com "HTTP/1.1 200 OK"
2025-08-21 13:58:59,002 [INFO] HTTP Request: POST https://api.mainnet-beta.solana.com "HTTP/1.1 429 Too Many Requests"
2025-08-21 13:58:59,004 [ERROR] Attempt 1 failed for wallet AQXPaNNWWGScNgdnjRvrEw5ht3ko1G4rft4zwAZHxJJk: SolanaRpcException - 
2025-08-21 13:59:01,981 [INFO] HTTP Request: POST https://api.mainnet-beta.solana.com "HTTP/1.1 429 Too Many Requests"
2025-08-21 13:59:01,982 [ERROR] Attempt 2 failed for wallet AQXPaNNWWGScNgdnjRvrEw5ht3ko1G4rft4zwAZHxJJk: SolanaRpcException - 
2025-08-21 13:59:04,939 [INFO] HTTP Request: POST https://api.mainnet-beta.solana.com "HTTP/1.1 429 Too Many Requests"
2025-08-21 13:59:04,940 [ERROR] Attempt 3 failed for wallet AQXPaNNWWGScNgdnjRvrEw5ht3ko1G4rft4zwAZHxJJk: SolanaRpcException - 
2025-08-21 13:59:18,039 [INFO] HTTP Request: POST https://api.mainnet-beta.solana.com "HTTP/1.1 200 OK"
2025-08-21 13:59:19,026 [INFO] HTTP Request: POST https://api.mainnet-beta.solana.com "HTTP/1.1 200 OK"
2025-08-21 13:59:30,016 [INFO] HTTP Request: POST https://api.mainnet-beta.solana.com "HTTP/1.1 200 OK"
2025-08-21 13:59:31,000 [INFO] HTTP Request: POST https://api.mainnet-beta.solana.com "HTTP/1.1 429 Too Many Requests"
2025-08-21 13:59:31,001 [ERROR] Attempt 1 failed for wallet AQXPaNNWWGScNgdnjRvrEw5ht3ko1G4rft4zwAZHxJJk: SolanaRpcException - 
2025-08-21 13:59:33,965 [INFO] HTTP Request: POST https://api.mainnet-beta.solana.com "HTTP/1.1 429 Too Many Requests"
2025-08-21 13:59:33,966 [ERROR] Attempt 2 failed for wallet AQXPaNNWWGScNgdnjRvrEw5ht3ko1G4rft4zwAZHxJJk: SolanaRpcException - 
2025-08-21 13:59:36,952 [INFO] HTTP Request: POST https://api.mainnet-beta.solana.com "HTTP/1.1 429 Too Many Requests"
2025-08-21 13:59:36,954 [ERROR] Attempt 3 failed for wallet AQXPaNNWWGScNgdnjRvrEw5ht3ko1G4rft4zwAZHxJJk: SolanaRpcException - 
2025-08-21 13:59:50,027 [INFO] HTTP Request: POST https://api.mainnet-beta.solana.com "HTTP/1.1 200 OK"
2025-08-21 13:59:51,009 [INFO] HTTP Request: POST https://api.mainnet-beta.solana.com "HTTP/1.1 200 OK"
2025-08-21 14:00:02,005 [INFO] HTTP Request: POST https://api.mainnet-beta.solana.com "HTTP/1.1 200 OK"
2025-08-21 14:00:03,018 [INFO] HTTP Request: POST https://api.mainnet-beta.solana.com "HTTP/1.1 429 Too Many Requests"
2025-08-21 14:00:03,019 [ERROR] Attempt 1 failed for wallet AQXPaNNWWGScNgdnjRvrEw5ht3ko1G4rft4zwAZHxJJk: SolanaRpcException - 
2025-08-21 14:00:06,023 [INFO] HTTP Request: POST https://api.mainnet-beta.solana.com "HTTP/1.1 429 Too Many Requests"
2025-08-21 14:00:06,025 [ERROR] Attempt 2 failed for wallet AQXPaNNWWGScNgdnjRvrEw5ht3ko1G4rft4zwAZHxJJk: SolanaRpcException - 
2025-08-21 14:00:09,005 [INFO] HTTP Request: POST https://api.mainnet-beta.solana.com "HTTP/1.1 429 Too Many Requests"
2025-08-21 14:00:09,006 [ERROR] Attempt 3 failed for wallet AQXPaNNWWGScNgdnjRvrEw5ht3ko1G4rft4zwAZHxJJk: SolanaRpcException - 
2025-08-21 14:00:22,315 [INFO] HTTP Request: POST https://api.mainnet-beta.solana.com "HTTP/1.1 200 OK"
2025-08-21 14:00:23,620 [INFO] HTTP Request: POST https://api.mainnet-beta.solana.com "HTTP/1.1 200 OK"
2025-08-21 14:00:34,880 [INFO] HTTP Request: POST https://api.mainnet-beta.solana.com "HTTP/1.1 200 OK"
2025-08-21 14:00:37,134 [INFO] HTTP Request: POST https://api.mainnet-beta.solana.com "HTTP/1.1 429 Too Many Requests"
2025-08-21 14:00:37,135 [ERROR] Attempt 1 failed for wallet AQXPaNNWWGScNgdnjRvrEw5ht3ko1G4rft4zwAZHxJJk: SolanaRpcException - 
2025-08-21 14:00:40,401 [INFO] HTTP Request: POST https://api.mainnet-beta.solana.com "HTTP/1.1 429 Too Many Requests"
2025-08-21 14:00:40,402 [ERROR] Attempt 2 failed for wallet AQXPaNNWWGScNgdnjRvrEw5ht3ko1G4rft4zwAZHxJJk: SolanaRpcException - 
2025-08-21 14:00:43,615 [INFO] HTTP Request: POST https://api.mainnet-beta.solana.com "HTTP/1.1 429 Too Many Requests"
2025-08-21 14:00:43,616 [ERROR] Attempt 3 failed for wallet AQXPaNNWWGScNgdnjRvrEw5ht3ko1G4rft4zwAZHxJJk: SolanaRpcException - 
2025-08-21 14:00:56,654 [INFO] HTTP Request: POST https://api.mainnet-beta.solana.com "HTTP/1.1 200 OK"
2025-08-21 14:00:57,682 [INFO] HTTP Request: POST https://api.mainnet-beta.solana.com "HTTP/1.1 200 OK"
2025-08-21 14:01:08,669 [INFO] HTTP Request: POST https://api.mainnet-beta.solana.com "HTTP/1.1 200 OK"
2025-08-21 14:01:09,645 [INFO] HTTP Request: POST https://api.mainnet-beta.solana.com "HTTP/1.1 429 Too Many Requests"
2025-08-21 14:01:09,647 [ERROR] Attempt 1 failed for wallet AQXPaNNWWGScNgdnjRvrEw5ht3ko1G4rft4zwAZHxJJk: SolanaRpcException - 
2025-08-21 14:01:12,621 [INFO] HTTP Request: POST https://api.mainnet-beta.solana.com "HTTP/1.1 429 Too Many Requests"
2025-08-21 14:01:12,622 [ERROR] Attempt 2 failed for wallet AQXPaNNWWGScNgdnjRvrEw5ht3ko1G4rft4zwAZHxJJk: SolanaRpcException - 
2025-08-21 14:01:15,607 [INFO] HTTP Request: POST https://api.mainnet-beta.solana.com "HTTP/1.1 429 Too Many Requests"
2025-08-21 14:01:15,608 [ERROR] Attempt 3 failed for wallet AQXPaNNWWGScNgdnjRvrEw5ht3ko1G4rft4zwAZHxJJk: SolanaRpcException - 
2025-08-21 14:01:28,748 [INFO] HTTP Request: POST https://api.mainnet-beta.solana.com "HTTP/1.1 200 OK"
2025-08-21 14:01:29,725 [INFO] HTTP Request: POST https://api.mainnet-beta.solana.com "HTTP/1.1 200 OK"
2025-08-21 14:01:40,703 [INFO] HTTP Request: POST https://api.mainnet-beta.solana.com "HTTP/1.1 200 OK"
2025-08-21 14:01:41,682 [INFO] HTTP Request: POST https://api.mainnet-beta.solana.com "HTTP/1.1 429 Too Many Requests"
2025-08-21 14:01:41,683 [ERROR] Attempt 1 failed for wallet AQXPaNNWWGScNgdnjRvrEw5ht3ko1G4rft4zwAZHxJJk: SolanaRpcException - 
2025-08-21 14:01:44,695 [INFO] HTTP Request: POST https://api.mainnet-beta.solana.com "HTTP/1.1 429 Too Many Requests"
2025-08-21 14:01:44,696 [ERROR] Attempt 2 failed for wallet AQXPaNNWWGScNgdnjRvrEw5ht3ko1G4rft4zwAZHxJJk: SolanaRpcException - 
2025-08-21 14:01:47,729 [INFO] HTTP Request: POST https://api.mainnet-beta.solana.com "HTTP/1.1 429 Too Many Requests"
2025-08-21 14:01:47,730 [ERROR] Attempt 3 failed for wallet AQXPaNNWWGScNgdnjRvrEw5ht3ko1G4rft4zwAZHxJJk: SolanaRpcException - 
2025-08-21 14:02:01,000 [INFO] HTTP Request: POST https://api.mainnet-beta.solana.com "HTTP/1.1 200 OK"
2025-08-21 14:02:02,001 [INFO] HTTP Request: POST https://api.mainnet-beta.solana.com "HTTP/1.1 200 OK"
2025-08-21 14:02:12,993 [INFO] HTTP Request: POST https://api.mainnet-beta.solana.com "HTTP/1.1 200 OK"
2025-08-21 14:02:13,993 [INFO] HTTP Request: POST https://api.mainnet-beta.solana.com "HTTP/1.1 429 Too Many Requests"
2025-08-21 14:02:13,994 [ERROR] Attempt 1 failed for wallet AQXPaNNWWGScNgdnjRvrEw5ht3ko1G4rft4zwAZHxJJk: SolanaRpcException - 
2025-08-21 14:02:16,991 [INFO] HTTP Request: POST https://api.mainnet-beta.solana.com "HTTP/1.1 429 Too Many Requests"
2025-08-21 14:02:16,992 [ERROR] Attempt 2 failed for wallet AQXPaNNWWGScNgdnjRvrEw5ht3ko1G4rft4zwAZHxJJk: SolanaRpcException - 
2025-08-21 14:02:19,987 [INFO] HTTP Request: POST https://api.mainnet-beta.solana.com "HTTP/1.1 429 Too Many Requests"
2025-08-21 14:02:19,988 [ERROR] Attempt 3 failed for wallet AQXPaNNWWGScNgdnjRvrEw5ht3ko1G4rft4zwAZHxJJk: SolanaRpcException - 
2025-08-21 14:02:33,171 [INFO] HTTP Request: POST https://api.mainnet-beta.solana.com "HTTP/1.1 200 OK"
2025-08-21 14:02:34,173 [INFO] HTTP Request: POST https://api.mainnet-beta.solana.com "HTTP/1.1 200 OK"
2025-08-21 14:02:45,163 [INFO] HTTP Request: POST https://api.mainnet-beta.solana.com "HTTP/1.1 200 OK"
2025-08-21 14:02:46,188 [INFO] HTTP Request: POST https://api.mainnet-beta.solana.com "HTTP/1.1 429 Too Many Requests"
2025-08-21 14:02:46,190 [ERROR] Attempt 1 failed for wallet AQXPaNNWWGScNgdnjRvrEw5ht3ko1G4rft4zwAZHxJJk: SolanaRpcException - 
2025-08-21 14:02:49,180 [INFO] HTTP Request: POST https://api.mainnet-beta.solana.com "HTTP/1.1 429 Too Many Requests"
2025-08-21 14:02:49,181 [ERROR] Attempt 2 failed for wallet AQXPaNNWWGScNgdnjRvrEw5ht3ko1G4rft4zwAZHxJJk: SolanaRpcException - 
2025-08-21 14:02:52,180 [INFO] HTTP Request: POST https://api.mainnet-beta.solana.com "HTTP/1.1 429 Too Many Requests"
2025-08-21 14:02:52,181 [ERROR] Attempt 3 failed for wallet AQXPaNNWWGScNgdnjRvrEw5ht3ko1G4rft4zwAZHxJJk: SolanaRpcException - 
2025-08-21 14:03:05,302 [INFO] HTTP Request: POST https://api.mainnet-beta.solana.com "HTTP/1.1 200 OK"
2025-08-21 14:03:06,290 [INFO] HTTP Request: POST https://api.mainnet-beta.solana.com "HTTP/1.1 200 OK"
2025-08-21 14:03:17,280 [INFO] HTTP Request: POST https://api.mainnet-beta.solana.com "HTTP/1.1 200 OK"
2025-08-21 14:03:18,261 [INFO] HTTP Request: POST https://api.mainnet-beta.solana.com "HTTP/1.1 429 Too Many Requests"
2025-08-21 14:03:18,262 [ERROR] Attempt 1 failed for wallet AQXPaNNWWGScNgdnjRvrEw5ht3ko1G4rft4zwAZHxJJk: SolanaRpcException - 
2025-08-21 14:03:21,246 [INFO] HTTP Request: POST https://api.mainnet-beta.solana.com "HTTP/1.1 429 Too Many Requests"
2025-08-21 14:03:21,247 [ERROR] Attempt 2 failed for wallet AQXPaNNWWGScNgdnjRvrEw5ht3ko1G4rft4zwAZHxJJk: SolanaRpcException - 
2025-08-21 14:03:24,244 [INFO] HTTP Request: POST https://api.mainnet-beta.solana.com "HTTP/1.1 429 Too Many Requests"
2025-08-21 14:03:24,245 [ERROR] Attempt 3 failed for wallet AQXPaNNWWGScNgdnjRvrEw5ht3ko1G4rft4zwAZHxJJk: SolanaRpcException - 
2025-08-21 14:03:37,357 [INFO] HTTP Request: POST https://api.mainnet-beta.solana.com "HTTP/1.1 200 OK"
2025-08-21 14:03:38,373 [INFO] HTTP Request: POST https://api.mainnet-beta.solana.com "HTTP/1.1 200 OK"
2025-08-21 14:03:49,364 [INFO] HTTP Request: POST https://api.mainnet-beta.solana.com "HTTP/1.1 200 OK"
2025-08-21 14:03:50,349 [INFO] HTTP Request: POST https://api.mainnet-beta.solana.com "HTTP/1.1 429 Too Many Requests"
2025-08-21 14:03:50,350 [ERROR] Attempt 1 failed for wallet AQXPaNNWWGScNgdnjRvrEw5ht3ko1G4rft4zwAZHxJJk: SolanaRpcException - 
2025-08-21 14:03:53,371 [INFO] HTTP Request: POST https://api.mainnet-beta.solana.com "HTTP/1.1 429 Too Many Requests"
2025-08-21 14:03:53,372 [ERROR] Attempt 2 failed for wallet AQXPaNNWWGScNgdnjRvrEw5ht3ko1G4rft4zwAZHxJJk: SolanaRpcException - 
2025-08-21 14:03:56,370 [INFO] HTTP Request: POST https://api.mainnet-beta.solana.com "HTTP/1.1 429 Too Many Requests"
2025-08-21 14:03:56,372 [ERROR] Attempt 3 failed for wallet AQXPaNNWWGScNgdnjRvrEw5ht3ko1G4rft4zwAZHxJJk: SolanaRpcException - 
2025-08-21 14:04:09,475 [INFO] HTTP Request: POST https://api.mainnet-beta.solana.com "HTTP/1.1 200 OK"
2025-08-21 14:04:10,450 [INFO] HTTP Request: POST https://api.mainnet-beta.solana.com "HTTP/1.1 200 OK"
2025-08-21 14:04:21,449 [INFO] HTTP Request: POST https://api.mainnet-beta.solana.com "HTTP/1.1 200 OK"
2025-08-21 14:04:22,414 [INFO] HTTP Request: POST https://api.mainnet-beta.solana.com "HTTP/1.1 429 Too Many Requests"
2025-08-21 14:04:22,415 [ERROR] Attempt 1 failed for wallet AQXPaNNWWGScNgdnjRvrEw5ht3ko1G4rft4zwAZHxJJk: SolanaRpcException - 
2025-08-21 14:04:25,398 [INFO] HTTP Request: POST https://api.mainnet-beta.solana.com "HTTP/1.1 429 Too Many Requests"
2025-08-21 14:04:25,399 [ERROR] Attempt 2 failed for wallet AQXPaNNWWGScNgdnjRvrEw5ht3ko1G4rft4zwAZHxJJk: SolanaRpcException - 
2025-08-21 14:04:28,369 [INFO] HTTP Request: POST https://api.mainnet-beta.solana.com "HTTP/1.1 429 Too Many Requests"
2025-08-21 14:04:28,370 [ERROR] Attempt 3 failed for wallet AQXPaNNWWGScNgdnjRvrEw5ht3ko1G4rft4zwAZHxJJk: SolanaRpcException - 
2025-08-21 14:04:41,508 [INFO] HTTP Request: POST https://api.mainnet-beta.solana.com "HTTP/1.1 200 OK"
2025-08-21 14:04:42,534 [INFO] HTTP Request: POST https://api.mainnet-beta.solana.com "HTTP/1.1 200 OK"
2025-08-21 14:04:53,557 [INFO] HTTP Request: POST https://api.mainnet-beta.solana.com "HTTP/1.1 200 OK"
2025-08-21 14:04:54,560 [INFO] HTTP Request: POST https://api.mainnet-beta.solana.com "HTTP/1.1 429 Too Many Requests"
2025-08-21 14:04:54,561 [ERROR] Attempt 1 failed for wallet AQXPaNNWWGScNgdnjRvrEw5ht3ko1G4rft4zwAZHxJJk: SolanaRpcException - 
2025-08-21 14:04:57,558 [INFO] HTTP Request: POST https://api.mainnet-beta.solana.com "HTTP/1.1 429 Too Many Requests"
2025-08-21 14:04:57,560 [ERROR] Attempt 2 failed for wallet AQXPaNNWWGScNgdnjRvrEw5ht3ko1G4rft4zwAZHxJJk: SolanaRpcException - 
2025-08-21 14:05:00,743 [INFO] HTTP Request: POST https://api.mainnet-beta.solana.com "HTTP/1.1 429 Too Many Requests"
2025-08-21 14:05:00,745 [ERROR] Attempt 3 failed for wallet AQXPaNNWWGScNgdnjRvrEw5ht3ko1G4rft4zwAZHxJJk: SolanaRpcException - 
2025-08-21 14:05:13,779 [INFO] HTTP Request: POST https://api.mainnet-beta.solana.com "HTTP/1.1 200 OK"
2025-08-21 14:05:14,760 [INFO] HTTP Request: POST https://api.mainnet-beta.solana.com "HTTP/1.1 200 OK"
2025-08-21 14:05:25,723 [INFO] HTTP Request: POST https://api.mainnet-beta.solana.com "HTTP/1.1 200 OK"
2025-08-21 14:05:26,696 [INFO] HTTP Request: POST https://api.mainnet-beta.solana.com "HTTP/1.1 429 Too Many Requests"
2025-08-21 14:05:26,697 [ERROR] Attempt 1 failed for wallet AQXPaNNWWGScNgdnjRvrEw5ht3ko1G4rft4zwAZHxJJk: SolanaRpcException - 
2025-08-21 14:05:29,680 [INFO] HTTP Request: POST https://api.mainnet-beta.solana.com "HTTP/1.1 429 Too Many Requests"
2025-08-21 14:05:29,681 [ERROR] Attempt 2 failed for wallet AQXPaNNWWGScNgdnjRvrEw5ht3ko1G4rft4zwAZHxJJk: SolanaRpcException - 
2025-08-21 14:05:32,687 [INFO] HTTP Request: POST https://api.mainnet-beta.solana.com "HTTP/1.1 429 Too Many Requests"
2025-08-21 14:05:32,689 [ERROR] Attempt 3 failed for wallet AQXPaNNWWGScNgdnjRvrEw5ht3ko1G4rft4zwAZHxJJk: SolanaRpcException - 
2025-08-21 14:05:45,800 [INFO] HTTP Request: POST https://api.mainnet-beta.solana.com "HTTP/1.1 200 OK"
2025-08-21 14:05:46,810 [INFO] HTTP Request: POST https://api.mainnet-beta.solana.com "HTTP/1.1 200 OK"
2025-08-21 14:05:57,801 [INFO] HTTP Request: POST https://api.mainnet-beta.solana.com "HTTP/1.1 200 OK"
2025-08-21 14:05:58,768 [INFO] HTTP Request: POST https://api.mainnet-beta.solana.com "HTTP/1.1 429 Too Many Requests"
2025-08-21 14:05:58,769 [ERROR] Attempt 1 failed for wallet AQXPaNNWWGScNgdnjRvrEw5ht3ko1G4rft4zwAZHxJJk: SolanaRpcException - 
2025-08-21 14:06:01,740 [INFO] HTTP Request: POST https://api.mainnet-beta.solana.com "HTTP/1.1 429 Too Many Requests"
2025-08-21 14:06:01,741 [ERROR] Attempt 2 failed for wallet AQXPaNNWWGScNgdnjRvrEw5ht3ko1G4rft4zwAZHxJJk: SolanaRpcException - 
2025-08-21 14:06:04,709 [INFO] HTTP Request: POST https://api.mainnet-beta.solana.com "HTTP/1.1 429 Too Many Requests"
2025-08-21 14:06:04,710 [ERROR] Attempt 3 failed for wallet AQXPaNNWWGScNgdnjRvrEw5ht3ko1G4rft4zwAZHxJJk: SolanaRpcException - 
2025-08-21 14:06:17,818 [INFO] HTTP Request: POST https://api.mainnet-beta.solana.com "HTTP/1.1 200 OK"
2025-08-21 14:06:18,800 [INFO] HTTP Request: POST https://api.mainnet-beta.solana.com "HTTP/1.1 200 OK"
2025-08-21 14:06:29,774 [INFO] HTTP Request: POST https://api.mainnet-beta.solana.com "HTTP/1.1 200 OK"
2025-08-21 14:06:30,746 [INFO] HTTP Request: POST https://api.mainnet-beta.solana.com "HTTP/1.1 429 Too Many Requests"
2025-08-21 14:06:30,747 [ERROR] Attempt 1 failed for wallet AQXPaNNWWGScNgdnjRvrEw5ht3ko1G4rft4zwAZHxJJk: SolanaRpcException - 
2025-08-21 14:06:33,729 [INFO] HTTP Request: POST https://api.mainnet-beta.solana.com "HTTP/1.1 429 Too Many Requests"
2025-08-21 14:06:33,731 [ERROR] Attempt 2 failed for wallet AQXPaNNWWGScNgdnjRvrEw5ht3ko1G4rft4zwAZHxJJk: SolanaRpcException - 
2025-08-21 14:06:36,722 [INFO] HTTP Request: POST https://api.mainnet-beta.solana.com "HTTP/1.1 429 Too Many Requests"
2025-08-21 14:06:36,724 [ERROR] Attempt 3 failed for wallet AQXPaNNWWGScNgdnjRvrEw5ht3ko1G4rft4zwAZHxJJk: SolanaRpcException - 
2025-08-21 14:06:50,067 [INFO] HTTP Request: POST https://api.mainnet-beta.solana.com "HTTP/1.1 200 OK"
2025-08-21 14:06:51,059 [INFO] HTTP Request: POST https://api.mainnet-beta.solana.com "HTTP/1.1 200 OK"
2025-08-21 14:07:02,049 [INFO] HTTP Request: POST https://api.mainnet-beta.solana.com "HTTP/1.1 200 OK"
2025-08-21 14:07:03,018 [INFO] HTTP Request: POST https://api.mainnet-beta.solana.com "HTTP/1.1 429 Too Many Requests"
2025-08-21 14:07:03,019 [ERROR] Attempt 1 failed for wallet AQXPaNNWWGScNgdnjRvrEw5ht3ko1G4rft4zwAZHxJJk: SolanaRpcException - 
2025-08-21 14:07:05,997 [INFO] HTTP Request: POST https://api.mainnet-beta.solana.com "HTTP/1.1 429 Too Many Requests"
2025-08-21 14:07:05,998 [ERROR] Attempt 2 failed for wallet AQXPaNNWWGScNgdnjRvrEw5ht3ko1G4rft4zwAZHxJJk: SolanaRpcException - 
2025-08-21 14:07:08,978 [INFO] HTTP Request: POST https://api.mainnet-beta.solana.com "HTTP/1.1 429 Too Many Requests"
2025-08-21 14:07:08,979 [ERROR] Attempt 3 failed for wallet AQXPaNNWWGScNgdnjRvrEw5ht3ko1G4rft4zwAZHxJJk: SolanaRpcException - 
2025-08-21 14:07:22,065 [INFO] HTTP Request: POST https://api.mainnet-beta.solana.com "HTTP/1.1 200 OK"
2025-08-21 14:07:23,040 [INFO] HTTP Request: POST https://api.mainnet-beta.solana.com "HTTP/1.1 200 OK"
2025-08-21 14:07:34,005 [INFO] HTTP Request: POST https://api.mainnet-beta.solana.com "HTTP/1.1 200 OK"
2025-08-21 14:07:34,990 [INFO] HTTP Request: POST https://api.mainnet-beta.solana.com "HTTP/1.1 429 Too Many Requests"
2025-08-21 14:07:34,991 [ERROR] Attempt 1 failed for wallet AQXPaNNWWGScNgdnjRvrEw5ht3ko1G4rft4zwAZHxJJk: SolanaRpcException - 
2025-08-21 14:07:37,981 [INFO] HTTP Request: POST https://api.mainnet-beta.solana.com "HTTP/1.1 429 Too Many Requests"
2025-08-21 14:07:37,982 [ERROR] Attempt 2 failed for wallet AQXPaNNWWGScNgdnjRvrEw5ht3ko1G4rft4zwAZHxJJk: SolanaRpcException - 
2025-08-21 14:07:40,952 [INFO] HTTP Request: POST https://api.mainnet-beta.solana.com "HTTP/1.1 429 Too Many Requests"
2025-08-21 14:07:40,953 [ERROR] Attempt 3 failed for wallet AQXPaNNWWGScNgdnjRvrEw5ht3ko1G4rft4zwAZHxJJk: SolanaRpcException - 
2025-08-21 14:07:54,020 [INFO] HTTP Request: POST https://api.mainnet-beta.solana.com "HTTP/1.1 200 OK"
2025-08-21 14:07:55,008 [INFO] HTTP Request: POST https://api.mainnet-beta.solana.com "HTTP/1.1 200 OK"
2025-08-21 14:08:06,012 [INFO] HTTP Request: POST https://api.mainnet-beta.solana.com "HTTP/1.1 200 OK"
2025-08-21 14:08:07,033 [INFO] HTTP Request: POST https://api.mainnet-beta.solana.com "HTTP/1.1 429 Too Many Requests"
2025-08-21 14:08:07,035 [ERROR] Attempt 1 failed for wallet AQXPaNNWWGScNgdnjRvrEw5ht3ko1G4rft4zwAZHxJJk: SolanaRpcException - 
2025-08-21 14:08:10,026 [INFO] HTTP Request: POST https://api.mainnet-beta.solana.com "HTTP/1.1 429 Too Many Requests"
2025-08-21 14:08:10,027 [ERROR] Attempt 2 failed for wallet AQXPaNNWWGScNgdnjRvrEw5ht3ko1G4rft4zwAZHxJJk: SolanaRpcException - 
2025-08-21 14:08:13,007 [INFO] HTTP Request: POST https://api.mainnet-beta.solana.com "HTTP/1.1 429 Too Many Requests"
2025-08-21 14:08:13,009 [ERROR] Attempt 3 failed for wallet AQXPaNNWWGScNgdnjRvrEw5ht3ko1G4rft4zwAZHxJJk: SolanaRpcException - 
2025-08-21 14:08:26,092 [INFO] HTTP Request: POST https://api.mainnet-beta.solana.com "HTTP/1.1 200 OK"
2025-08-21 14:08:27,078 [INFO] HTTP Request: POST https://api.mainnet-beta.solana.com "HTTP/1.1 200 OK"
2025-08-21 14:08:38,082 [INFO] HTTP Request: POST https://api.mainnet-beta.solana.com "HTTP/1.1 200 OK"
2025-08-21 14:08:39,055 [INFO] HTTP Request: POST https://api.mainnet-beta.solana.com "HTTP/1.1 429 Too Many Requests"
2025-08-21 14:08:39,056 [ERROR] Attempt 1 failed for wallet AQXPaNNWWGScNgdnjRvrEw5ht3ko1G4rft4zwAZHxJJk: SolanaRpcException - 
2025-08-21 14:08:42,040 [INFO] HTTP Request: POST https://api.mainnet-beta.solana.com "HTTP/1.1 429 Too Many Requests"
2025-08-21 14:08:42,042 [ERROR] Attempt 2 failed for wallet AQXPaNNWWGScNgdnjRvrEw5ht3ko1G4rft4zwAZHxJJk: SolanaRpcException - 
2025-08-21 14:08:45,003 [INFO] HTTP Request: POST https://api.mainnet-beta.solana.com "HTTP/1.1 429 Too Many Requests"
2025-08-21 14:08:45,004 [ERROR] Attempt 3 failed for wallet AQXPaNNWWGScNgdnjRvrEw5ht3ko1G4rft4zwAZHxJJk: SolanaRpcException - 
2025-08-21 14:08:58,051 [INFO] HTTP Request: POST https://api.mainnet-beta.solana.com "HTTP/1.1 200 OK"
2025-08-21 14:08:59,035 [INFO] HTTP Request: POST https://api.mainnet-beta.solana.com "HTTP/1.1 200 OK"
2025-08-21 14:09:09,985 [INFO] HTTP Request: POST https://api.mainnet-beta.solana.com "HTTP/1.1 200 OK"
2025-08-21 14:09:10,965 [INFO] HTTP Request: POST https://api.mainnet-beta.solana.com "HTTP/1.1 429 Too Many Requests"
2025-08-21 14:09:10,966 [ERROR] Attempt 1 failed for wallet AQXPaNNWWGScNgdnjRvrEw5ht3ko1G4rft4zwAZHxJJk: SolanaRpcException - 
2025-08-21 14:09:13,975 [INFO] HTTP Request: POST https://api.mainnet-beta.solana.com "HTTP/1.1 429 Too Many Requests"
2025-08-21 14:09:13,976 [ERROR] Attempt 2 failed for wallet AQXPaNNWWGScNgdnjRvrEw5ht3ko1G4rft4zwAZHxJJk: SolanaRpcException - 
2025-08-21 14:09:16,957 [INFO] HTTP Request: POST https://api.mainnet-beta.solana.com "HTTP/1.1 429 Too Many Requests"
2025-08-21 14:09:16,958 [ERROR] Attempt 3 failed for wallet AQXPaNNWWGScNgdnjRvrEw5ht3ko1G4rft4zwAZHxJJk: SolanaRpcException - 
2025-08-21 14:09:29,987 [INFO] HTTP Request: POST https://api.mainnet-beta.solana.com "HTTP/1.1 200 OK"
2025-08-21 14:09:30,964 [INFO] HTTP Request: POST https://api.mainnet-beta.solana.com "HTTP/1.1 200 OK"
2025-08-21 14:09:41,931 [INFO] HTTP Request: POST https://api.mainnet-beta.solana.com "HTTP/1.1 200 OK"
2025-08-21 14:09:42,933 [INFO] HTTP Request: POST https://api.mainnet-beta.solana.com "HTTP/1.1 429 Too Many Requests"
2025-08-21 14:09:42,934 [ERROR] Attempt 1 failed for wallet AQXPaNNWWGScNgdnjRvrEw5ht3ko1G4rft4zwAZHxJJk: SolanaRpcException - 
2025-08-21 14:09:46,480 [INFO] HTTP Request: POST https://api.mainnet-beta.solana.com "HTTP/1.1 429 Too Many Requests"
2025-08-21 14:09:46,481 [ERROR] Attempt 2 failed for wallet AQXPaNNWWGScNgdnjRvrEw5ht3ko1G4rft4zwAZHxJJk: SolanaRpcException - 
2025-08-21 14:09:49,462 [INFO] HTTP Request: POST https://api.mainnet-beta.solana.com "HTTP/1.1 429 Too Many Requests"
2025-08-21 14:09:49,463 [ERROR] Attempt 3 failed for wallet AQXPaNNWWGScNgdnjRvrEw5ht3ko1G4rft4zwAZHxJJk: SolanaRpcException - 
2025-08-21 14:10:02,529 [INFO] HTTP Request: POST https://api.mainnet-beta.solana.com "HTTP/1.1 200 OK"
2025-08-21 14:10:03,526 [INFO] HTTP Request: POST https://api.mainnet-beta.solana.com "HTTP/1.1 200 OK"
2025-08-21 14:10:14,516 [INFO] HTTP Request: POST https://api.mainnet-beta.solana.com "HTTP/1.1 200 OK"
2025-08-21 14:10:15,487 [INFO] HTTP Request: POST https://api.mainnet-beta.solana.com "HTTP/1.1 429 Too Many Requests"
2025-08-21 14:10:15,488 [ERROR] Attempt 1 failed for wallet AQXPaNNWWGScNgdnjRvrEw5ht3ko1G4rft4zwAZHxJJk: SolanaRpcException - 
2025-08-21 14:10:18,478 [INFO] HTTP Request: POST https://api.mainnet-beta.solana.com "HTTP/1.1 429 Too Many Requests"
2025-08-21 14:10:18,479 [ERROR] Attempt 2 failed for wallet AQXPaNNWWGScNgdnjRvrEw5ht3ko1G4rft4zwAZHxJJk: SolanaRpcException - 
2025-08-21 14:10:21,496 [INFO] HTTP Request: POST https://api.mainnet-beta.solana.com "HTTP/1.1 429 Too Many Requests"
2025-08-21 14:10:21,497 [ERROR] Attempt 3 failed for wallet AQXPaNNWWGScNgdnjRvrEw5ht3ko1G4rft4zwAZHxJJk: SolanaRpcException - 
2025-08-21 14:10:34,537 [INFO] HTTP Request: POST https://api.mainnet-beta.solana.com "HTTP/1.1 200 OK"
2025-08-21 14:10:35,536 [INFO] HTTP Request: POST https://api.mainnet-beta.solana.com "HTTP/1.1 200 OK"
2025-08-21 14:10:46,524 [INFO] HTTP Request: POST https://api.mainnet-beta.solana.com "HTTP/1.1 200 OK"
2025-08-21 14:10:47,509 [INFO] HTTP Request: POST https://api.mainnet-beta.solana.com "HTTP/1.1 429 Too Many Requests"
2025-08-21 14:10:47,510 [ERROR] Attempt 1 failed for wallet AQXPaNNWWGScNgdnjRvrEw5ht3ko1G4rft4zwAZHxJJk: SolanaRpcException - 
2025-08-21 14:10:50,500 [INFO] HTTP Request: POST https://api.mainnet-beta.solana.com "HTTP/1.1 429 Too Many Requests"
2025-08-21 14:10:50,502 [ERROR] Attempt 2 failed for wallet AQXPaNNWWGScNgdnjRvrEw5ht3ko1G4rft4zwAZHxJJk: SolanaRpcException - 
2025-08-21 14:10:53,489 [INFO] HTTP Request: POST https://api.mainnet-beta.solana.com "HTTP/1.1 429 Too Many Requests"
2025-08-21 14:10:53,490 [ERROR] Attempt 3 failed for wallet AQXPaNNWWGScNgdnjRvrEw5ht3ko1G4rft4zwAZHxJJk: SolanaRpcException - 
2025-08-21 14:11:06,551 [INFO] HTTP Request: POST https://api.mainnet-beta.solana.com "HTTP/1.1 200 OK"
2025-08-21 14:11:07,540 [INFO] HTTP Request: POST https://api.mainnet-beta.solana.com "HTTP/1.1 200 OK"
2025-08-21 14:11:18,538 [INFO] HTTP Request: POST https://api.mainnet-beta.solana.com "HTTP/1.1 200 OK"
2025-08-21 14:11:19,514 [INFO] HTTP Request: POST https://api.mainnet-beta.solana.com "HTTP/1.1 429 Too Many Requests"
2025-08-21 14:11:19,516 [ERROR] Attempt 1 failed for wallet AQXPaNNWWGScNgdnjRvrEw5ht3ko1G4rft4zwAZHxJJk: SolanaRpcException - 
2025-08-21 14:11:22,493 [INFO] HTTP Request: POST https://api.mainnet-beta.solana.com "HTTP/1.1 429 Too Many Requests"
2025-08-21 14:11:22,494 [ERROR] Attempt 2 failed for wallet AQXPaNNWWGScNgdnjRvrEw5ht3ko1G4rft4zwAZHxJJk: SolanaRpcException - 
2025-08-21 14:11:25,466 [INFO] HTTP Request: POST https://api.mainnet-beta.solana.com "HTTP/1.1 429 Too Many Requests"
2025-08-21 14:11:25,467 [ERROR] Attempt 3 failed for wallet AQXPaNNWWGScNgdnjRvrEw5ht3ko1G4rft4zwAZHxJJk: SolanaRpcException - 
2025-08-21 14:11:38,549 [INFO] HTTP Request: POST https://api.mainnet-beta.solana.com "HTTP/1.1 200 OK"
2025-08-21 14:11:39,528 [INFO] HTTP Request: POST https://api.mainnet-beta.solana.com "HTTP/1.1 200 OK"
2025-08-21 14:11:50,523 [INFO] HTTP Request: POST https://api.mainnet-beta.solana.com "HTTP/1.1 200 OK"
2025-08-21 14:11:51,514 [INFO] HTTP Request: POST https://api.mainnet-beta.solana.com "HTTP/1.1 429 Too Many Requests"
2025-08-21 14:11:51,515 [ERROR] Attempt 1 failed for wallet AQXPaNNWWGScNgdnjRvrEw5ht3ko1G4rft4zwAZHxJJk: SolanaRpcException - 
2025-08-21 14:11:54,503 [INFO] HTTP Request: POST https://api.mainnet-beta.solana.com "HTTP/1.1 429 Too Many Requests"
2025-08-21 14:11:54,504 [ERROR] Attempt 2 failed for wallet AQXPaNNWWGScNgdnjRvrEw5ht3ko1G4rft4zwAZHxJJk: SolanaRpcException - 
2025-08-21 14:11:57,483 [INFO] HTTP Request: POST https://api.mainnet-beta.solana.com "HTTP/1.1 429 Too Many Requests"
2025-08-21 14:11:57,484 [ERROR] Attempt 3 failed for wallet AQXPaNNWWGScNgdnjRvrEw5ht3ko1G4rft4zwAZHxJJk: SolanaRpcException - 
2025-08-21 14:12:10,694 [INFO] HTTP Request: POST https://api.mainnet-beta.solana.com "HTTP/1.1 200 OK"
2025-08-21 14:12:11,684 [INFO] HTTP Request: POST https://api.mainnet-beta.solana.com "HTTP/1.1 200 OK"
2025-08-21 14:12:22,673 [INFO] HTTP Request: POST https://api.mainnet-beta.solana.com "HTTP/1.1 200 OK"
2025-08-21 14:12:23,674 [INFO] HTTP Request: POST https://api.mainnet-beta.solana.com "HTTP/1.1 429 Too Many Requests"
2025-08-21 14:12:23,675 [ERROR] Attempt 1 failed for wallet AQXPaNNWWGScNgdnjRvrEw5ht3ko1G4rft4zwAZHxJJk: SolanaRpcException - 
2025-08-21 14:12:27,014 [INFO] HTTP Request: POST https://api.mainnet-beta.solana.com "HTTP/1.1 429 Too Many Requests"
2025-08-21 14:12:27,015 [ERROR] Attempt 2 failed for wallet AQXPaNNWWGScNgdnjRvrEw5ht3ko1G4rft4zwAZHxJJk: SolanaRpcException - 
2025-08-21 14:12:29,980 [INFO] HTTP Request: POST https://api.mainnet-beta.solana.com "HTTP/1.1 429 Too Many Requests"
2025-08-21 14:12:29,981 [ERROR] Attempt 3 failed for wallet AQXPaNNWWGScNgdnjRvrEw5ht3ko1G4rft4zwAZHxJJk: SolanaRpcException - 
2025-08-21 14:12:43,108 [INFO] HTTP Request: POST https://api.mainnet-beta.solana.com "HTTP/1.1 200 OK"
2025-08-21 14:12:44,132 [INFO] HTTP Request: POST https://api.mainnet-beta.solana.com "HTTP/1.1 200 OK"
2025-08-21 14:12:55,129 [INFO] HTTP Request: POST https://api.mainnet-beta.solana.com "HTTP/1.1 200 OK"
2025-08-21 14:12:56,101 [INFO] HTTP Request: POST https://api.mainnet-beta.solana.com "HTTP/1.1 429 Too Many Requests"
2025-08-21 14:12:56,103 [ERROR] Attempt 1 failed for wallet AQXPaNNWWGScNgdnjRvrEw5ht3ko1G4rft4zwAZHxJJk: SolanaRpcException - 
2025-08-21 14:12:59,087 [INFO] HTTP Request: POST https://api.mainnet-beta.solana.com "HTTP/1.1 429 Too Many Requests"
2025-08-21 14:12:59,088 [ERROR] Attempt 2 failed for wallet AQXPaNNWWGScNgdnjRvrEw5ht3ko1G4rft4zwAZHxJJk: SolanaRpcException - 
2025-08-21 14:13:02,073 [INFO] HTTP Request: POST https://api.mainnet-beta.solana.com "HTTP/1.1 429 Too Many Requests"
2025-08-21 14:13:02,074 [ERROR] Attempt 3 failed for wallet AQXPaNNWWGScNgdnjRvrEw5ht3ko1G4rft4zwAZHxJJk: SolanaRpcException - 
2025-08-21 14:13:15,155 [INFO] HTTP Request: POST https://api.mainnet-beta.solana.com "HTTP/1.1 200 OK"
2025-08-21 14:13:16,135 [INFO] HTTP Request: POST https://api.mainnet-beta.solana.com "HTTP/1.1 200 OK"
2025-08-21 14:13:27,111 [INFO] HTTP Request: POST https://api.mainnet-beta.solana.com "HTTP/1.1 200 OK"
2025-08-21 14:13:28,079 [INFO] HTTP Request: POST https://api.mainnet-beta.solana.com "HTTP/1.1 429 Too Many Requests"
2025-08-21 14:13:28,080 [ERROR] Attempt 1 failed for wallet AQXPaNNWWGScNgdnjRvrEw5ht3ko1G4rft4zwAZHxJJk: SolanaRpcException - 
2025-08-21 14:13:31,052 [INFO] HTTP Request: POST https://api.mainnet-beta.solana.com "HTTP/1.1 429 Too Many Requests"
2025-08-21 14:13:31,053 [ERROR] Attempt 2 failed for wallet AQXPaNNWWGScNgdnjRvrEw5ht3ko1G4rft4zwAZHxJJk: SolanaRpcException - 
2025-08-21 14:13:34,041 [INFO] HTTP Request: POST https://api.mainnet-beta.solana.com "HTTP/1.1 429 Too Many Requests"
2025-08-21 14:13:34,043 [ERROR] Attempt 3 failed for wallet AQXPaNNWWGScNgdnjRvrEw5ht3ko1G4rft4zwAZHxJJk: SolanaRpcException - 
2025-08-21 14:13:47,127 [INFO] HTTP Request: POST https://api.mainnet-beta.solana.com "HTTP/1.1 200 OK"
2025-08-21 14:13:48,085 [INFO] HTTP Request: POST https://api.mainnet-beta.solana.com "HTTP/1.1 200 OK"
2025-08-21 14:13:59,112 [INFO] HTTP Request: POST https://api.mainnet-beta.solana.com "HTTP/1.1 200 OK"
2025-08-21 14:14:00,109 [INFO] HTTP Request: POST https://api.mainnet-beta.solana.com "HTTP/1.1 429 Too Many Requests"
2025-08-21 14:14:00,110 [ERROR] Attempt 1 failed for wallet AQXPaNNWWGScNgdnjRvrEw5ht3ko1G4rft4zwAZHxJJk: SolanaRpcException - 
2025-08-21 14:14:03,078 [INFO] HTTP Request: POST https://api.mainnet-beta.solana.com "HTTP/1.1 429 Too Many Requests"
2025-08-21 14:14:03,079 [ERROR] Attempt 2 failed for wallet AQXPaNNWWGScNgdnjRvrEw5ht3ko1G4rft4zwAZHxJJk: SolanaRpcException - 
2025-08-21 14:14:06,084 [INFO] HTTP Request: POST https://api.mainnet-beta.solana.com "HTTP/1.1 429 Too Many Requests"
2025-08-21 14:14:06,086 [ERROR] Attempt 3 failed for wallet AQXPaNNWWGScNgdnjRvrEw5ht3ko1G4rft4zwAZHxJJk: SolanaRpcException - 
2025-08-21 14:14:19,139 [INFO] HTTP Request: POST https://api.mainnet-beta.solana.com "HTTP/1.1 200 OK"
2025-08-21 14:14:20,143 [INFO] HTTP Request: POST https://api.mainnet-beta.solana.com "HTTP/1.1 200 OK"
2025-08-21 14:14:31,141 [INFO] HTTP Request: POST https://api.mainnet-beta.solana.com "HTTP/1.1 200 OK"
2025-08-21 14:14:32,137 [INFO] HTTP Request: POST https://api.mainnet-beta.solana.com "HTTP/1.1 429 Too Many Requests"
2025-08-21 14:14:32,138 [ERROR] Attempt 1 failed for wallet AQXPaNNWWGScNgdnjRvrEw5ht3ko1G4rft4zwAZHxJJk: SolanaRpcException - 
2025-08-21 14:14:35,117 [INFO] HTTP Request: POST https://api.mainnet-beta.solana.com "HTTP/1.1 429 Too Many Requests"
2025-08-21 14:14:35,118 [ERROR] Attempt 2 failed for wallet AQXPaNNWWGScNgdnjRvrEw5ht3ko1G4rft4zwAZHxJJk: SolanaRpcException - 
2025-08-21 14:14:38,137 [INFO] HTTP Request: POST https://api.mainnet-beta.solana.com "HTTP/1.1 429 Too Many Requests"
2025-08-21 14:14:38,138 [ERROR] Attempt 3 failed for wallet AQXPaNNWWGScNgdnjRvrEw5ht3ko1G4rft4zwAZHxJJk: SolanaRpcException - 
2025-08-21 14:14:51,229 [INFO] HTTP Request: POST https://api.mainnet-beta.solana.com "HTTP/1.1 200 OK"
2025-08-21 14:14:52,200 [INFO] HTTP Request: POST https://api.mainnet-beta.solana.com "HTTP/1.1 200 OK"
2025-08-21 14:15:03,176 [INFO] HTTP Request: POST https://api.mainnet-beta.solana.com "HTTP/1.1 200 OK"
2025-08-21 14:15:04,211 [INFO] HTTP Request: POST https://api.mainnet-beta.solana.com "HTTP/1.1 429 Too Many Requests"
2025-08-21 14:15:04,212 [ERROR] Attempt 1 failed for wallet AQXPaNNWWGScNgdnjRvrEw5ht3ko1G4rft4zwAZHxJJk: SolanaRpcException - 
2025-08-21 14:15:07,211 [INFO] HTTP Request: POST https://api.mainnet-beta.solana.com "HTTP/1.1 429 Too Many Requests"
2025-08-21 14:15:07,213 [ERROR] Attempt 2 failed for wallet AQXPaNNWWGScNgdnjRvrEw5ht3ko1G4rft4zwAZHxJJk: SolanaRpcException - 
2025-08-21 14:15:10,189 [INFO] HTTP Request: POST https://api.mainnet-beta.solana.com "HTTP/1.1 429 Too Many Requests"
2025-08-21 14:15:10,191 [ERROR] Attempt 3 failed for wallet AQXPaNNWWGScNgdnjRvrEw5ht3ko1G4rft4zwAZHxJJk: SolanaRpcException - 
2025-08-21 14:15:23,231 [INFO] HTTP Request: POST https://api.mainnet-beta.solana.com "HTTP/1.1 200 OK"
2025-08-21 14:15:24,225 [INFO] HTTP Request: POST https://api.mainnet-beta.solana.com "HTTP/1.1 200 OK"
2025-08-21 14:15:35,207 [INFO] HTTP Request: POST https://api.mainnet-beta.solana.com "HTTP/1.1 200 OK"
2025-08-21 14:15:36,188 [INFO] HTTP Request: POST https://api.mainnet-beta.solana.com "HTTP/1.1 429 Too Many Requests"
2025-08-21 14:15:36,189 [ERROR] Attempt 1 failed for wallet AQXPaNNWWGScNgdnjRvrEw5ht3ko1G4rft4zwAZHxJJk: SolanaRpcException - 
2025-08-21 14:15:39,207 [INFO] HTTP Request: POST https://api.mainnet-beta.solana.com "HTTP/1.1 429 Too Many Requests"
2025-08-21 14:15:39,209 [ERROR] Attempt 2 failed for wallet AQXPaNNWWGScNgdnjRvrEw5ht3ko1G4rft4zwAZHxJJk: SolanaRpcException - 
2025-08-21 14:15:42,230 [INFO] HTTP Request: POST https://api.mainnet-beta.solana.com "HTTP/1.1 429 Too Many Requests"
2025-08-21 14:15:42,231 [ERROR] Attempt 3 failed for wallet AQXPaNNWWGScNgdnjRvrEw5ht3ko1G4rft4zwAZHxJJk: SolanaRpcException - 
2025-08-21 14:15:55,298 [INFO] HTTP Request: POST https://api.mainnet-beta.solana.com "HTTP/1.1 200 OK"
2025-08-21 14:15:56,701 [INFO] HTTP Request: POST https://api.mainnet-beta.solana.com "HTTP/1.1 200 OK"
2025-08-21 14:16:07,684 [INFO] HTTP Request: POST https://api.mainnet-beta.solana.com "HTTP/1.1 200 OK"
2025-08-21 14:16:08,686 [INFO] HTTP Request: POST https://api.mainnet-beta.solana.com "HTTP/1.1 429 Too Many Requests"
2025-08-21 14:16:08,688 [ERROR] Attempt 1 failed for wallet AQXPaNNWWGScNgdnjRvrEw5ht3ko1G4rft4zwAZHxJJk: SolanaRpcException - 
2025-08-21 14:16:11,700 [INFO] HTTP Request: POST https://api.mainnet-beta.solana.com "HTTP/1.1 429 Too Many Requests"
2025-08-21 14:16:11,701 [ERROR] Attempt 2 failed for wallet AQXPaNNWWGScNgdnjRvrEw5ht3ko1G4rft4zwAZHxJJk: SolanaRpcException - 
2025-08-21 14:16:14,691 [INFO] HTTP Request: POST https://api.mainnet-beta.solana.com "HTTP/1.1 429 Too Many Requests"
2025-08-21 14:16:14,692 [ERROR] Attempt 3 failed for wallet AQXPaNNWWGScNgdnjRvrEw5ht3ko1G4rft4zwAZHxJJk: SolanaRpcException - 
2025-08-21 14:16:27,727 [INFO] HTTP Request: POST https://api.mainnet-beta.solana.com "HTTP/1.1 200 OK"
2025-08-21 14:16:28,731 [INFO] HTTP Request: POST https://api.mainnet-beta.solana.com "HTTP/1.1 200 OK"
2025-08-21 14:16:39,710 [INFO] HTTP Request: POST https://api.mainnet-beta.solana.com "HTTP/1.1 200 OK"
2025-08-21 14:16:40,696 [INFO] HTTP Request: POST https://api.mainnet-beta.solana.com "HTTP/1.1 429 Too Many Requests"
2025-08-21 14:16:40,697 [ERROR] Attempt 1 failed for wallet AQXPaNNWWGScNgdnjRvrEw5ht3ko1G4rft4zwAZHxJJk: SolanaRpcException - 
2025-08-21 14:16:43,686 [INFO] HTTP Request: POST https://api.mainnet-beta.solana.com "HTTP/1.1 429 Too Many Requests"
2025-08-21 14:16:43,687 [ERROR] Attempt 2 failed for wallet AQXPaNNWWGScNgdnjRvrEw5ht3ko1G4rft4zwAZHxJJk: SolanaRpcException - 
2025-08-21 14:16:46,673 [INFO] HTTP Request: POST https://api.mainnet-beta.solana.com "HTTP/1.1 429 Too Many Requests"
2025-08-21 14:16:46,675 [ERROR] Attempt 3 failed for wallet AQXPaNNWWGScNgdnjRvrEw5ht3ko1G4rft4zwAZHxJJk: SolanaRpcException - 
2025-08-21 14:16:59,778 [INFO] HTTP Request: POST https://api.mainnet-beta.solana.com "HTTP/1.1 200 OK"
2025-08-21 14:17:00,784 [INFO] HTTP Request: POST https://api.mainnet-beta.solana.com "HTTP/1.1 200 OK"
2025-08-21 14:17:11,748 [INFO] HTTP Request: POST https://api.mainnet-beta.solana.com "HTTP/1.1 200 OK"
2025-08-21 14:17:12,728 [INFO] HTTP Request: POST https://api.mainnet-beta.solana.com "HTTP/1.1 429 Too Many Requests"
2025-08-21 14:17:12,729 [ERROR] Attempt 1 failed for wallet AQXPaNNWWGScNgdnjRvrEw5ht3ko1G4rft4zwAZHxJJk: SolanaRpcException - 
2025-08-21 14:17:15,702 [INFO] HTTP Request: POST https://api.mainnet-beta.solana.com "HTTP/1.1 429 Too Many Requests"
2025-08-21 14:17:15,703 [ERROR] Attempt 2 failed for wallet AQXPaNNWWGScNgdnjRvrEw5ht3ko1G4rft4zwAZHxJJk: SolanaRpcException - 
2025-08-21 14:17:18,749 [INFO] HTTP Request: POST https://api.mainnet-beta.solana.com "HTTP/1.1 429 Too Many Requests"
2025-08-21 14:17:18,750 [ERROR] Attempt 3 failed for wallet AQXPaNNWWGScNgdnjRvrEw5ht3ko1G4rft4zwAZHxJJk: SolanaRpcException - 
2025-08-21 14:17:31,836 [INFO] HTTP Request: POST https://api.mainnet-beta.solana.com "HTTP/1.1 200 OK"
2025-08-21 14:17:32,822 [INFO] HTTP Request: POST https://api.mainnet-beta.solana.com "HTTP/1.1 200 OK"
2025-08-21 14:17:43,801 [INFO] HTTP Request: POST https://api.mainnet-beta.solana.com "HTTP/1.1 200 OK"
2025-08-21 14:17:44,849 [INFO] HTTP Request: POST https://api.mainnet-beta.solana.com "HTTP/1.1 429 Too Many Requests"
2025-08-21 14:17:44,850 [ERROR] Attempt 1 failed for wallet AQXPaNNWWGScNgdnjRvrEw5ht3ko1G4rft4zwAZHxJJk: SolanaRpcException - 
2025-08-21 14:17:47,896 [INFO] HTTP Request: POST https://api.mainnet-beta.solana.com "HTTP/1.1 429 Too Many Requests"
2025-08-21 14:17:47,897 [ERROR] Attempt 2 failed for wallet AQXPaNNWWGScNgdnjRvrEw5ht3ko1G4rft4zwAZHxJJk: SolanaRpcException - 
2025-08-21 14:17:50,896 [INFO] HTTP Request: POST https://api.mainnet-beta.solana.com "HTTP/1.1 429 Too Many Requests"
2025-08-21 14:17:50,898 [ERROR] Attempt 3 failed for wallet AQXPaNNWWGScNgdnjRvrEw5ht3ko1G4rft4zwAZHxJJk: SolanaRpcException - 
2025-08-21 14:18:03,971 [INFO] HTTP Request: POST https://api.mainnet-beta.solana.com "HTTP/1.1 200 OK"
2025-08-21 14:18:04,969 [INFO] HTTP Request: POST https://api.mainnet-beta.solana.com "HTTP/1.1 200 OK"
2025-08-21 14:18:15,930 [INFO] HTTP Request: POST https://api.mainnet-beta.solana.com "HTTP/1.1 200 OK"
2025-08-21 14:18:16,918 [INFO] HTTP Request: POST https://api.mainnet-beta.solana.com "HTTP/1.1 429 Too Many Requests"
2025-08-21 14:18:16,919 [ERROR] Attempt 1 failed for wallet AQXPaNNWWGScNgdnjRvrEw5ht3ko1G4rft4zwAZHxJJk: SolanaRpcException - 
2025-08-21 14:18:19,912 [INFO] HTTP Request: POST https://api.mainnet-beta.solana.com "HTTP/1.1 429 Too Many Requests"
2025-08-21 14:18:19,913 [ERROR] Attempt 2 failed for wallet AQXPaNNWWGScNgdnjRvrEw5ht3ko1G4rft4zwAZHxJJk: SolanaRpcException - 
2025-08-21 14:18:22,879 [INFO] HTTP Request: POST https://api.mainnet-beta.solana.com "HTTP/1.1 429 Too Many Requests"
2025-08-21 14:18:22,880 [ERROR] Attempt 3 failed for wallet AQXPaNNWWGScNgdnjRvrEw5ht3ko1G4rft4zwAZHxJJk: SolanaRpcException - 
2025-08-21 14:18:35,997 [INFO] HTTP Request: POST https://api.mainnet-beta.solana.com "HTTP/1.1 200 OK"
2025-08-21 14:18:36,971 [INFO] HTTP Request: POST https://api.mainnet-beta.solana.com "HTTP/1.1 200 OK"
2025-08-21 14:18:47,940 [INFO] HTTP Request: POST https://api.mainnet-beta.solana.com "HTTP/1.1 200 OK"
2025-08-21 14:18:48,910 [INFO] HTTP Request: POST https://api.mainnet-beta.solana.com "HTTP/1.1 429 Too Many Requests"
2025-08-21 14:18:48,912 [ERROR] Attempt 1 failed for wallet AQXPaNNWWGScNgdnjRvrEw5ht3ko1G4rft4zwAZHxJJk: SolanaRpcException - 
2025-08-21 14:18:51,897 [INFO] HTTP Request: POST https://api.mainnet-beta.solana.com "HTTP/1.1 429 Too Many Requests"
2025-08-21 14:18:51,898 [ERROR] Attempt 2 failed for wallet AQXPaNNWWGScNgdnjRvrEw5ht3ko1G4rft4zwAZHxJJk: SolanaRpcException - 
2025-08-21 14:18:54,862 [INFO] HTTP Request: POST https://api.mainnet-beta.solana.com "HTTP/1.1 429 Too Many Requests"
2025-08-21 14:18:54,863 [ERROR] Attempt 3 failed for wallet AQXPaNNWWGScNgdnjRvrEw5ht3ko1G4rft4zwAZHxJJk: SolanaRpcException - 
2025-08-21 14:19:07,929 [INFO] HTTP Request: POST https://api.mainnet-beta.solana.com "HTTP/1.1 200 OK"
2025-08-21 14:19:08,894 [INFO] HTTP Request: POST https://api.mainnet-beta.solana.com "HTTP/1.1 200 OK"
2025-08-21 14:19:19,877 [INFO] HTTP Request: POST https://api.mainnet-beta.solana.com "HTTP/1.1 200 OK"
2025-08-21 14:19:20,854 [INFO] HTTP Request: POST https://api.mainnet-beta.solana.com "HTTP/1.1 429 Too Many Requests"
2025-08-21 14:19:20,855 [ERROR] Attempt 1 failed for wallet AQXPaNNWWGScNgdnjRvrEw5ht3ko1G4rft4zwAZHxJJk: SolanaRpcException - 
2025-08-21 14:19:23,830 [INFO] HTTP Request: POST https://api.mainnet-beta.solana.com "HTTP/1.1 429 Too Many Requests"
2025-08-21 14:19:23,831 [ERROR] Attempt 2 failed for wallet AQXPaNNWWGScNgdnjRvrEw5ht3ko1G4rft4zwAZHxJJk: SolanaRpcException - 
2025-08-21 14:19:26,791 [INFO] HTTP Request: POST https://api.mainnet-beta.solana.com "HTTP/1.1 429 Too Many Requests"
2025-08-21 14:19:26,792 [ERROR] Attempt 3 failed for wallet AQXPaNNWWGScNgdnjRvrEw5ht3ko1G4rft4zwAZHxJJk: SolanaRpcException - 
2025-08-21 14:19:39,868 [INFO] HTTP Request: POST https://api.mainnet-beta.solana.com "HTTP/1.1 200 OK"
2025-08-21 14:19:40,867 [INFO] HTTP Request: POST https://api.mainnet-beta.solana.com "HTTP/1.1 200 OK"
2025-08-21 14:19:51,855 [INFO] HTTP Request: POST https://api.mainnet-beta.solana.com "HTTP/1.1 200 OK"
2025-08-21 14:19:52,830 [INFO] HTTP Request: POST https://api.mainnet-beta.solana.com "HTTP/1.1 429 Too Many Requests"
2025-08-21 14:19:52,831 [ERROR] Attempt 1 failed for wallet AQXPaNNWWGScNgdnjRvrEw5ht3ko1G4rft4zwAZHxJJk: SolanaRpcException - 
2025-08-21 14:19:55,807 [INFO] HTTP Request: POST https://api.mainnet-beta.solana.com "HTTP/1.1 429 Too Many Requests"
2025-08-21 14:19:55,808 [ERROR] Attempt 2 failed for wallet AQXPaNNWWGScNgdnjRvrEw5ht3ko1G4rft4zwAZHxJJk: SolanaRpcException - 
2025-08-21 14:19:58,814 [INFO] HTTP Request: POST https://api.mainnet-beta.solana.com "HTTP/1.1 429 Too Many Requests"
2025-08-21 14:19:58,815 [ERROR] Attempt 3 failed for wallet AQXPaNNWWGScNgdnjRvrEw5ht3ko1G4rft4zwAZHxJJk: SolanaRpcException - 
2025-08-21 14:20:11,951 [INFO] HTTP Request: POST https://api.mainnet-beta.solana.com "HTTP/1.1 200 OK"
2025-08-21 14:20:12,939 [INFO] HTTP Request: POST https://api.mainnet-beta.solana.com "HTTP/1.1 200 OK"
2025-08-21 14:20:23,914 [INFO] HTTP Request: POST https://api.mainnet-beta.solana.com "HTTP/1.1 200 OK"
2025-08-21 14:20:24,893 [INFO] HTTP Request: POST https://api.mainnet-beta.solana.com "HTTP/1.1 429 Too Many Requests"
2025-08-21 14:20:24,894 [ERROR] Attempt 1 failed for wallet AQXPaNNWWGScNgdnjRvrEw5ht3ko1G4rft4zwAZHxJJk: SolanaRpcException - 
2025-08-21 14:20:27,869 [INFO] HTTP Request: POST https://api.mainnet-beta.solana.com "HTTP/1.1 429 Too Many Requests"
2025-08-21 14:20:27,870 [ERROR] Attempt 2 failed for wallet AQXPaNNWWGScNgdnjRvrEw5ht3ko1G4rft4zwAZHxJJk: SolanaRpcException - 
2025-08-21 14:20:30,847 [INFO] HTTP Request: POST https://api.mainnet-beta.solana.com "HTTP/1.1 429 Too Many Requests"
2025-08-21 14:20:30,848 [ERROR] Attempt 3 failed for wallet AQXPaNNWWGScNgdnjRvrEw5ht3ko1G4rft4zwAZHxJJk: SolanaRpcException - 
2025-08-21 14:20:43,961 [INFO] HTTP Request: POST https://api.mainnet-beta.solana.com "HTTP/1.1 200 OK"
2025-08-21 14:20:44,937 [INFO] HTTP Request: POST https://api.mainnet-beta.solana.com "HTTP/1.1 200 OK"
2025-08-21 14:20:55,951 [INFO] HTTP Request: POST https://api.mainnet-beta.solana.com "HTTP/1.1 200 OK"
2025-08-21 14:20:56,919 [INFO] HTTP Request: POST https://api.mainnet-beta.solana.com "HTTP/1.1 429 Too Many Requests"
2025-08-21 14:20:56,920 [ERROR] Attempt 1 failed for wallet AQXPaNNWWGScNgdnjRvrEw5ht3ko1G4rft4zwAZHxJJk: SolanaRpcException - 
2025-08-21 14:20:59,975 [INFO] HTTP Request: POST https://api.mainnet-beta.solana.com "HTTP/1.1 429 Too Many Requests"
2025-08-21 14:20:59,976 [ERROR] Attempt 2 failed for wallet AQXPaNNWWGScNgdnjRvrEw5ht3ko1G4rft4zwAZHxJJk: SolanaRpcException - 
2025-08-21 14:21:02,964 [INFO] HTTP Request: POST https://api.mainnet-beta.solana.com "HTTP/1.1 429 Too Many Requests"
2025-08-21 14:21:02,965 [ERROR] Attempt 3 failed for wallet AQXPaNNWWGScNgdnjRvrEw5ht3ko1G4rft4zwAZHxJJk: SolanaRpcException - 
2025-08-21 14:21:16,046 [INFO] HTTP Request: POST https://api.mainnet-beta.solana.com "HTTP/1.1 200 OK"
2025-08-21 14:21:17,017 [INFO] HTTP Request: POST https://api.mainnet-beta.solana.com "HTTP/1.1 200 OK"
2025-08-21 14:21:27,982 [INFO] HTTP Request: POST https://api.mainnet-beta.solana.com "HTTP/1.1 200 OK"
2025-08-21 14:21:28,956 [INFO] HTTP Request: POST https://api.mainnet-beta.solana.com "HTTP/1.1 429 Too Many Requests"
2025-08-21 14:21:28,957 [ERROR] Attempt 1 failed for wallet AQXPaNNWWGScNgdnjRvrEw5ht3ko1G4rft4zwAZHxJJk: SolanaRpcException - 
2025-08-21 14:21:31,921 [INFO] HTTP Request: POST https://api.mainnet-beta.solana.com "HTTP/1.1 429 Too Many Requests"
2025-08-21 14:21:31,922 [ERROR] Attempt 2 failed for wallet AQXPaNNWWGScNgdnjRvrEw5ht3ko1G4rft4zwAZHxJJk: SolanaRpcException - 
2025-08-21 14:21:34,878 [INFO] HTTP Request: POST https://api.mainnet-beta.solana.com "HTTP/1.1 429 Too Many Requests"
2025-08-21 14:21:34,881 [ERROR] Attempt 3 failed for wallet AQXPaNNWWGScNgdnjRvrEw5ht3ko1G4rft4zwAZHxJJk: SolanaRpcException - 
2025-08-21 14:21:47,975 [INFO] HTTP Request: POST https://api.mainnet-beta.solana.com "HTTP/1.1 200 OK"
2025-08-21 14:21:48,968 [INFO] HTTP Request: POST https://api.mainnet-beta.solana.com "HTTP/1.1 200 OK"
2025-08-21 14:21:59,944 [INFO] HTTP Request: POST https://api.mainnet-beta.solana.com "HTTP/1.1 200 OK"
2025-08-21 14:22:00,968 [INFO] HTTP Request: POST https://api.mainnet-beta.solana.com "HTTP/1.1 429 Too Many Requests"
2025-08-21 14:22:00,969 [ERROR] Attempt 1 failed for wallet AQXPaNNWWGScNgdnjRvrEw5ht3ko1G4rft4zwAZHxJJk: SolanaRpcException - 
2025-08-21 14:22:03,946 [INFO] HTTP Request: POST https://api.mainnet-beta.solana.com "HTTP/1.1 429 Too Many Requests"
2025-08-21 14:22:03,947 [ERROR] Attempt 2 failed for wallet AQXPaNNWWGScNgdnjRvrEw5ht3ko1G4rft4zwAZHxJJk: SolanaRpcException - 
2025-08-21 14:22:06,910 [INFO] HTTP Request: POST https://api.mainnet-beta.solana.com "HTTP/1.1 429 Too Many Requests"
2025-08-21 14:22:06,911 [ERROR] Attempt 3 failed for wallet AQXPaNNWWGScNgdnjRvrEw5ht3ko1G4rft4zwAZHxJJk: SolanaRpcException - 
2025-08-21 14:22:19,897 [INFO] HTTP Request: POST https://api.mainnet-beta.solana.com "HTTP/1.1 200 OK"
2025-08-21 14:22:20,933 [INFO] HTTP Request: POST https://api.mainnet-beta.solana.com "HTTP/1.1 200 OK"
2025-08-21 14:22:31,898 [INFO] HTTP Request: POST https://api.mainnet-beta.solana.com "HTTP/1.1 200 OK"
2025-08-21 14:22:32,886 [INFO] HTTP Request: POST https://api.mainnet-beta.solana.com "HTTP/1.1 429 Too Many Requests"
2025-08-21 14:22:32,887 [ERROR] Attempt 1 failed for wallet AQXPaNNWWGScNgdnjRvrEw5ht3ko1G4rft4zwAZHxJJk: SolanaRpcException - 
2025-08-21 14:22:35,874 [INFO] HTTP Request: POST https://api.mainnet-beta.solana.com "HTTP/1.1 429 Too Many Requests"
2025-08-21 14:22:35,875 [ERROR] Attempt 2 failed for wallet AQXPaNNWWGScNgdnjRvrEw5ht3ko1G4rft4zwAZHxJJk: SolanaRpcException - 
2025-08-21 14:22:38,850 [INFO] HTTP Request: POST https://api.mainnet-beta.solana.com "HTTP/1.1 429 Too Many Requests"
2025-08-21 14:22:38,851 [ERROR] Attempt 3 failed for wallet AQXPaNNWWGScNgdnjRvrEw5ht3ko1G4rft4zwAZHxJJk: SolanaRpcException - 
2025-08-21 14:22:51,967 [INFO] HTTP Request: POST https://api.mainnet-beta.solana.com "HTTP/1.1 200 OK"
2025-08-21 14:22:52,940 [INFO] HTTP Request: POST https://api.mainnet-beta.solana.com "HTTP/1.1 200 OK"
2025-08-21 14:23:04,921 [INFO] HTTP Request: POST https://api.mainnet-beta.solana.com "HTTP/1.1 200 OK"
2025-08-21 14:23:05,918 [INFO] HTTP Request: POST https://api.mainnet-beta.solana.com "HTTP/1.1 429 Too Many Requests"
2025-08-21 14:23:05,918 [ERROR] Attempt 1 failed for wallet AQXPaNNWWGScNgdnjRvrEw5ht3ko1G4rft4zwAZHxJJk: SolanaRpcException - 
2025-08-21 14:23:08,908 [INFO] HTTP Request: POST https://api.mainnet-beta.solana.com "HTTP/1.1 429 Too Many Requests"
2025-08-21 14:23:08,909 [ERROR] Attempt 2 failed for wallet AQXPaNNWWGScNgdnjRvrEw5ht3ko1G4rft4zwAZHxJJk: SolanaRpcException - 
2025-08-21 14:23:11,897 [INFO] HTTP Request: POST https://api.mainnet-beta.solana.com "HTTP/1.1 429 Too Many Requests"
2025-08-21 14:23:11,898 [ERROR] Attempt 3 failed for wallet AQXPaNNWWGScNgdnjRvrEw5ht3ko1G4rft4zwAZHxJJk: SolanaRpcException - 
2025-08-21 14:23:25,006 [INFO] HTTP Request: POST https://api.mainnet-beta.solana.com "HTTP/1.1 200 OK"
2025-08-21 14:23:25,978 [INFO] HTTP Request: POST https://api.mainnet-beta.solana.com "HTTP/1.1 200 OK"
2025-08-21 14:23:36,947 [INFO] HTTP Request: POST https://api.mainnet-beta.solana.com "HTTP/1.1 200 OK"
2025-08-21 14:23:37,938 [INFO] HTTP Request: POST https://api.mainnet-beta.solana.com "HTTP/1.1 429 Too Many Requests"
2025-08-21 14:23:37,939 [ERROR] Attempt 1 failed for wallet AQXPaNNWWGScNgdnjRvrEw5ht3ko1G4rft4zwAZHxJJk: SolanaRpcException - 
2025-08-21 14:23:40,905 [INFO] HTTP Request: POST https://api.mainnet-beta.solana.com "HTTP/1.1 429 Too Many Requests"
2025-08-21 14:23:40,906 [ERROR] Attempt 2 failed for wallet AQXPaNNWWGScNgdnjRvrEw5ht3ko1G4rft4zwAZHxJJk: SolanaRpcException - 
2025-08-21 14:23:43,876 [INFO] HTTP Request: POST https://api.mainnet-beta.solana.com "HTTP/1.1 429 Too Many Requests"
2025-08-21 14:23:43,877 [ERROR] Attempt 3 failed for wallet AQXPaNNWWGScNgdnjRvrEw5ht3ko1G4rft4zwAZHxJJk: SolanaRpcException - 
2025-08-21 14:23:56,953 [INFO] HTTP Request: POST https://api.mainnet-beta.solana.com "HTTP/1.1 200 OK"
2025-08-21 14:23:57,929 [INFO] HTTP Request: POST https://api.mainnet-beta.solana.com "HTTP/1.1 200 OK"
2025-08-21 14:24:08,905 [INFO] HTTP Request: POST https://api.mainnet-beta.solana.com "HTTP/1.1 200 OK"
2025-08-21 14:24:09,882 [INFO] HTTP Request: POST https://api.mainnet-beta.solana.com "HTTP/1.1 429 Too Many Requests"
2025-08-21 14:24:09,883 [ERROR] Attempt 1 failed for wallet AQXPaNNWWGScNgdnjRvrEw5ht3ko1G4rft4zwAZHxJJk: SolanaRpcException - 
2025-08-21 14:24:12,861 [INFO] HTTP Request: POST https://api.mainnet-beta.solana.com "HTTP/1.1 429 Too Many Requests"
2025-08-21 14:24:12,862 [ERROR] Attempt 2 failed for wallet AQXPaNNWWGScNgdnjRvrEw5ht3ko1G4rft4zwAZHxJJk: SolanaRpcException - 
2025-08-21 14:24:15,857 [INFO] HTTP Request: POST https://api.mainnet-beta.solana.com "HTTP/1.1 429 Too Many Requests"
2025-08-21 14:24:15,859 [ERROR] Attempt 3 failed for wallet AQXPaNNWWGScNgdnjRvrEw5ht3ko1G4rft4zwAZHxJJk: SolanaRpcException - 
2025-08-21 14:24:28,951 [INFO] HTTP Request: POST https://api.mainnet-beta.solana.com "HTTP/1.1 200 OK"
2025-08-21 14:24:29,924 [INFO] HTTP Request: POST https://api.mainnet-beta.solana.com "HTTP/1.1 200 OK"
2025-08-21 14:24:40,891 [INFO] HTTP Request: POST https://api.mainnet-beta.solana.com "HTTP/1.1 200 OK"
2025-08-21 14:24:41,875 [INFO] HTTP Request: POST https://api.mainnet-beta.solana.com "HTTP/1.1 429 Too Many Requests"
2025-08-21 14:24:41,876 [ERROR] Attempt 1 failed for wallet AQXPaNNWWGScNgdnjRvrEw5ht3ko1G4rft4zwAZHxJJk: SolanaRpcException - 
2025-08-21 14:24:44,857 [INFO] HTTP Request: POST https://api.mainnet-beta.solana.com "HTTP/1.1 429 Too Many Requests"
2025-08-21 14:24:44,858 [ERROR] Attempt 2 failed for wallet AQXPaNNWWGScNgdnjRvrEw5ht3ko1G4rft4zwAZHxJJk: SolanaRpcException - 
2025-08-21 14:24:47,832 [INFO] HTTP Request: POST https://api.mainnet-beta.solana.com "HTTP/1.1 429 Too Many Requests"
2025-08-21 14:24:47,833 [ERROR] Attempt 3 failed for wallet AQXPaNNWWGScNgdnjRvrEw5ht3ko1G4rft4zwAZHxJJk: SolanaRpcException - 
2025-08-21 14:25:00,999 [INFO] HTTP Request: POST https://api.mainnet-beta.solana.com "HTTP/1.1 200 OK"
2025-08-21 14:25:01,996 [INFO] HTTP Request: POST https://api.mainnet-beta.solana.com "HTTP/1.1 200 OK"
2025-08-21 14:25:12,991 [INFO] HTTP Request: POST https://api.mainnet-beta.solana.com "HTTP/1.1 200 OK"
2025-08-21 14:25:13,956 [INFO] HTTP Request: POST https://api.mainnet-beta.solana.com "HTTP/1.1 429 Too Many Requests"
2025-08-21 14:25:13,957 [ERROR] Attempt 1 failed for wallet AQXPaNNWWGScNgdnjRvrEw5ht3ko1G4rft4zwAZHxJJk: SolanaRpcException - 
2025-08-21 14:25:16,939 [INFO] HTTP Request: POST https://api.mainnet-beta.solana.com "HTTP/1.1 429 Too Many Requests"
2025-08-21 14:25:16,940 [ERROR] Attempt 2 failed for wallet AQXPaNNWWGScNgdnjRvrEw5ht3ko1G4rft4zwAZHxJJk: SolanaRpcException - 
2025-08-21 14:25:19,908 [INFO] HTTP Request: POST https://api.mainnet-beta.solana.com "HTTP/1.1 429 Too Many Requests"
2025-08-21 14:25:19,910 [ERROR] Attempt 3 failed for wallet AQXPaNNWWGScNgdnjRvrEw5ht3ko1G4rft4zwAZHxJJk: SolanaRpcException - 
2025-08-21 14:25:33,052 [INFO] HTTP Request: POST https://api.mainnet-beta.solana.com "HTTP/1.1 200 OK"
2025-08-21 14:25:34,022 [INFO] HTTP Request: POST https://api.mainnet-beta.solana.com "HTTP/1.1 200 OK"
2025-08-21 14:25:44,994 [INFO] HTTP Request: POST https://api.mainnet-beta.solana.com "HTTP/1.1 200 OK"
2025-08-21 14:25:45,991 [INFO] HTTP Request: POST https://api.mainnet-beta.solana.com "HTTP/1.1 429 Too Many Requests"
2025-08-21 14:25:45,992 [ERROR] Attempt 1 failed for wallet AQXPaNNWWGScNgdnjRvrEw5ht3ko1G4rft4zwAZHxJJk: SolanaRpcException - 
2025-08-21 14:25:48,971 [INFO] HTTP Request: POST https://api.mainnet-beta.solana.com "HTTP/1.1 429 Too Many Requests"
2025-08-21 14:25:48,972 [ERROR] Attempt 2 failed for wallet AQXPaNNWWGScNgdnjRvrEw5ht3ko1G4rft4zwAZHxJJk: SolanaRpcException - 
2025-08-21 14:25:51,963 [INFO] HTTP Request: POST https://api.mainnet-beta.solana.com "HTTP/1.1 429 Too Many Requests"
2025-08-21 14:25:51,966 [ERROR] Attempt 3 failed for wallet AQXPaNNWWGScNgdnjRvrEw5ht3ko1G4rft4zwAZHxJJk: SolanaRpcException - 
2025-08-21 14:26:05,068 [INFO] HTTP Request: POST https://api.mainnet-beta.solana.com "HTTP/1.1 200 OK"
2025-08-21 14:26:06,066 [INFO] HTTP Request: POST https://api.mainnet-beta.solana.com "HTTP/1.1 200 OK"
2025-08-21 14:26:17,062 [INFO] HTTP Request: POST https://api.mainnet-beta.solana.com "HTTP/1.1 200 OK"
2025-08-21 14:26:18,106 [INFO] HTTP Request: POST https://api.mainnet-beta.solana.com "HTTP/1.1 429 Too Many Requests"
2025-08-21 14:26:18,108 [ERROR] Attempt 1 failed for wallet AQXPaNNWWGScNgdnjRvrEw5ht3ko1G4rft4zwAZHxJJk: SolanaRpcException - 
2025-08-21 14:26:21,091 [INFO] HTTP Request: POST https://api.mainnet-beta.solana.com "HTTP/1.1 429 Too Many Requests"
2025-08-21 14:26:21,092 [ERROR] Attempt 2 failed for wallet AQXPaNNWWGScNgdnjRvrEw5ht3ko1G4rft4zwAZHxJJk: SolanaRpcException - 
2025-08-21 14:26:24,067 [INFO] HTTP Request: POST https://api.mainnet-beta.solana.com "HTTP/1.1 429 Too Many Requests"
2025-08-21 14:26:24,068 [ERROR] Attempt 3 failed for wallet AQXPaNNWWGScNgdnjRvrEw5ht3ko1G4rft4zwAZHxJJk: SolanaRpcException - 
2025-08-21 14:26:37,176 [INFO] HTTP Request: POST https://api.mainnet-beta.solana.com "HTTP/1.1 200 OK"
2025-08-21 14:26:38,193 [INFO] HTTP Request: POST https://api.mainnet-beta.solana.com "HTTP/1.1 200 OK"
2025-08-21 14:26:49,170 [INFO] HTTP Request: POST https://api.mainnet-beta.solana.com "HTTP/1.1 200 OK"
2025-08-21 14:26:50,143 [INFO] HTTP Request: POST https://api.mainnet-beta.solana.com "HTTP/1.1 429 Too Many Requests"
2025-08-21 14:26:50,144 [ERROR] Attempt 1 failed for wallet AQXPaNNWWGScNgdnjRvrEw5ht3ko1G4rft4zwAZHxJJk: SolanaRpcException - 
2025-08-21 14:26:53,130 [INFO] HTTP Request: POST https://api.mainnet-beta.solana.com "HTTP/1.1 429 Too Many Requests"
2025-08-21 14:26:53,131 [ERROR] Attempt 2 failed for wallet AQXPaNNWWGScNgdnjRvrEw5ht3ko1G4rft4zwAZHxJJk: SolanaRpcException - 
2025-08-21 14:26:56,099 [INFO] HTTP Request: POST https://api.mainnet-beta.solana.com "HTTP/1.1 429 Too Many Requests"
2025-08-21 14:26:56,100 [ERROR] Attempt 3 failed for wallet AQXPaNNWWGScNgdnjRvrEw5ht3ko1G4rft4zwAZHxJJk: SolanaRpcException - 
2025-08-21 14:27:09,239 [INFO] HTTP Request: POST https://api.mainnet-beta.solana.com "HTTP/1.1 200 OK"
2025-08-21 14:27:10,206 [INFO] HTTP Request: POST https://api.mainnet-beta.solana.com "HTTP/1.1 200 OK"
2025-08-21 14:27:21,205 [INFO] HTTP Request: POST https://api.mainnet-beta.solana.com "HTTP/1.1 200 OK"
2025-08-21 14:27:22,193 [INFO] HTTP Request: POST https://api.mainnet-beta.solana.com "HTTP/1.1 429 Too Many Requests"
2025-08-21 14:27:22,195 [ERROR] Attempt 1 failed for wallet AQXPaNNWWGScNgdnjRvrEw5ht3ko1G4rft4zwAZHxJJk: SolanaRpcException - 
2025-08-21 14:27:25,193 [INFO] HTTP Request: POST https://api.mainnet-beta.solana.com "HTTP/1.1 429 Too Many Requests"
2025-08-21 14:27:25,194 [ERROR] Attempt 2 failed for wallet AQXPaNNWWGScNgdnjRvrEw5ht3ko1G4rft4zwAZHxJJk: SolanaRpcException - 
2025-08-21 14:27:28,176 [INFO] HTTP Request: POST https://api.mainnet-beta.solana.com "HTTP/1.1 429 Too Many Requests"
2025-08-21 14:27:28,177 [ERROR] Attempt 3 failed for wallet AQXPaNNWWGScNgdnjRvrEw5ht3ko1G4rft4zwAZHxJJk: SolanaRpcException - 
2025-08-21 14:27:41,248 [INFO] HTTP Request: POST https://api.mainnet-beta.solana.com "HTTP/1.1 200 OK"
2025-08-21 14:27:42,263 [INFO] HTTP Request: POST https://api.mainnet-beta.solana.com "HTTP/1.1 200 OK"
2025-08-21 14:27:53,268 [INFO] HTTP Request: POST https://api.mainnet-beta.solana.com "HTTP/1.1 200 OK"
2025-08-21 14:27:54,228 [INFO] HTTP Request: POST https://api.mainnet-beta.solana.com "HTTP/1.1 429 Too Many Requests"
2025-08-21 14:27:54,229 [ERROR] Attempt 1 failed for wallet AQXPaNNWWGScNgdnjRvrEw5ht3ko1G4rft4zwAZHxJJk: SolanaRpcException - 
2025-08-21 14:27:57,214 [INFO] HTTP Request: POST https://api.mainnet-beta.solana.com "HTTP/1.1 429 Too Many Requests"
2025-08-21 14:27:57,215 [ERROR] Attempt 2 failed for wallet AQXPaNNWWGScNgdnjRvrEw5ht3ko1G4rft4zwAZHxJJk: SolanaRpcException - 
2025-08-21 14:28:00,196 [INFO] HTTP Request: POST https://api.mainnet-beta.solana.com "HTTP/1.1 429 Too Many Requests"
2025-08-21 14:28:00,197 [ERROR] Attempt 3 failed for wallet AQXPaNNWWGScNgdnjRvrEw5ht3ko1G4rft4zwAZHxJJk: SolanaRpcException - 
2025-08-21 14:28:13,249 [INFO] HTTP Request: POST https://api.mainnet-beta.solana.com "HTTP/1.1 200 OK"
2025-08-21 14:28:14,243 [INFO] HTTP Request: POST https://api.mainnet-beta.solana.com "HTTP/1.1 200 OK"
2025-08-21 14:28:25,211 [INFO] HTTP Request: POST https://api.mainnet-beta.solana.com "HTTP/1.1 200 OK"
2025-08-21 14:28:26,158 [INFO] HTTP Request: POST https://api.mainnet-beta.solana.com "HTTP/1.1 429 Too Many Requests"
2025-08-21 14:28:26,158 [ERROR] Attempt 1 failed for wallet AQXPaNNWWGScNgdnjRvrEw5ht3ko1G4rft4zwAZHxJJk: SolanaRpcException - 
2025-08-21 14:28:29,156 [INFO] HTTP Request: POST https://api.mainnet-beta.solana.com "HTTP/1.1 429 Too Many Requests"
2025-08-21 14:28:29,157 [ERROR] Attempt 2 failed for wallet AQXPaNNWWGScNgdnjRvrEw5ht3ko1G4rft4zwAZHxJJk: SolanaRpcException - 
2025-08-21 14:28:32,143 [INFO] HTTP Request: POST https://api.mainnet-beta.solana.com "HTTP/1.1 429 Too Many Requests"
2025-08-21 14:28:32,144 [ERROR] Attempt 3 failed for wallet AQXPaNNWWGScNgdnjRvrEw5ht3ko1G4rft4zwAZHxJJk: SolanaRpcException - 
2025-08-21 14:28:45,187 [INFO] HTTP Request: POST https://api.mainnet-beta.solana.com "HTTP/1.1 200 OK"
2025-08-21 14:28:46,168 [INFO] HTTP Request: POST https://api.mainnet-beta.solana.com "HTTP/1.1 200 OK"
2025-08-21 14:28:57,146 [INFO] HTTP Request: POST https://api.mainnet-beta.solana.com "HTTP/1.1 200 OK"
2025-08-21 14:28:58,145 [INFO] HTTP Request: POST https://api.mainnet-beta.solana.com "HTTP/1.1 429 Too Many Requests"
2025-08-21 14:28:58,146 [ERROR] Attempt 1 failed for wallet AQXPaNNWWGScNgdnjRvrEw5ht3ko1G4rft4zwAZHxJJk: SolanaRpcException - 
2025-08-21 14:29:01,122 [INFO] HTTP Request: POST https://api.mainnet-beta.solana.com "HTTP/1.1 429 Too Many Requests"
2025-08-21 14:29:01,123 [ERROR] Attempt 2 failed for wallet AQXPaNNWWGScNgdnjRvrEw5ht3ko1G4rft4zwAZHxJJk: SolanaRpcException - 
2025-08-21 14:29:04,110 [INFO] HTTP Request: POST https://api.mainnet-beta.solana.com "HTTP/1.1 429 Too Many Requests"
2025-08-21 14:29:04,112 [ERROR] Attempt 3 failed for wallet AQXPaNNWWGScNgdnjRvrEw5ht3ko1G4rft4zwAZHxJJk: SolanaRpcException - 
2025-08-21 14:29:17,159 [INFO] HTTP Request: POST https://api.mainnet-beta.solana.com "HTTP/1.1 200 OK"
2025-08-21 14:29:18,140 [INFO] HTTP Request: POST https://api.mainnet-beta.solana.com "HTTP/1.1 200 OK"
2025-08-21 14:29:29,149 [INFO] HTTP Request: POST https://api.mainnet-beta.solana.com "HTTP/1.1 200 OK"
2025-08-21 14:29:30,137 [INFO] HTTP Request: POST https://api.mainnet-beta.solana.com "HTTP/1.1 429 Too Many Requests"
2025-08-21 14:29:30,138 [ERROR] Attempt 1 failed for wallet AQXPaNNWWGScNgdnjRvrEw5ht3ko1G4rft4zwAZHxJJk: SolanaRpcException - 
2025-08-21 14:29:33,134 [INFO] HTTP Request: POST https://api.mainnet-beta.solana.com "HTTP/1.1 429 Too Many Requests"
2025-08-21 14:29:33,135 [ERROR] Attempt 2 failed for wallet AQXPaNNWWGScNgdnjRvrEw5ht3ko1G4rft4zwAZHxJJk: SolanaRpcException - 
2025-08-21 14:29:36,130 [INFO] HTTP Request: POST https://api.mainnet-beta.solana.com "HTTP/1.1 429 Too Many Requests"
2025-08-21 14:29:36,132 [ERROR] Attempt 3 failed for wallet AQXPaNNWWGScNgdnjRvrEw5ht3ko1G4rft4zwAZHxJJk: SolanaRpcException - 
2025-08-21 14:29:49,197 [INFO] HTTP Request: POST https://api.mainnet-beta.solana.com "HTTP/1.1 200 OK"
2025-08-21 14:29:50,184 [INFO] HTTP Request: POST https://api.mainnet-beta.solana.com "HTTP/1.1 200 OK"
2025-08-21 14:30:01,154 [INFO] HTTP Request: POST https://api.mainnet-beta.solana.com "HTTP/1.1 200 OK"
2025-08-21 14:30:02,143 [INFO] HTTP Request: POST https://api.mainnet-beta.solana.com "HTTP/1.1 429 Too Many Requests"
2025-08-21 14:30:02,144 [ERROR] Attempt 1 failed for wallet AQXPaNNWWGScNgdnjRvrEw5ht3ko1G4rft4zwAZHxJJk: SolanaRpcException - 
2025-08-21 14:30:05,197 [INFO] HTTP Request: POST https://api.mainnet-beta.solana.com "HTTP/1.1 429 Too Many Requests"
2025-08-21 14:30:05,198 [ERROR] Attempt 2 failed for wallet AQXPaNNWWGScNgdnjRvrEw5ht3ko1G4rft4zwAZHxJJk: SolanaRpcException - 
2025-08-21 14:30:08,160 [INFO] HTTP Request: POST https://api.mainnet-beta.solana.com "HTTP/1.1 429 Too Many Requests"
2025-08-21 14:30:08,161 [ERROR] Attempt 3 failed for wallet AQXPaNNWWGScNgdnjRvrEw5ht3ko1G4rft4zwAZHxJJk: SolanaRpcException - 
2025-08-21 14:30:21,155 [INFO] HTTP Request: POST https://api.mainnet-beta.solana.com "HTTP/1.1 200 OK"
2025-08-21 14:30:22,157 [INFO] HTTP Request: POST https://api.mainnet-beta.solana.com "HTTP/1.1 200 OK"
2025-08-21 14:30:33,143 [INFO] HTTP Request: POST https://api.mainnet-beta.solana.com "HTTP/1.1 200 OK"
2025-08-21 14:30:34,106 [INFO] HTTP Request: POST https://api.mainnet-beta.solana.com "HTTP/1.1 429 Too Many Requests"
2025-08-21 14:30:34,107 [ERROR] Attempt 1 failed for wallet AQXPaNNWWGScNgdnjRvrEw5ht3ko1G4rft4zwAZHxJJk: SolanaRpcException - 
2025-08-21 14:30:37,071 [INFO] HTTP Request: POST https://api.mainnet-beta.solana.com "HTTP/1.1 429 Too Many Requests"
2025-08-21 14:30:37,071 [ERROR] Attempt 2 failed for wallet AQXPaNNWWGScNgdnjRvrEw5ht3ko1G4rft4zwAZHxJJk: SolanaRpcException - 
2025-08-21 14:30:40,025 [INFO] HTTP Request: POST https://api.mainnet-beta.solana.com "HTTP/1.1 429 Too Many Requests"
2025-08-21 14:30:40,025 [ERROR] Attempt 3 failed for wallet AQXPaNNWWGScNgdnjRvrEw5ht3ko1G4rft4zwAZHxJJk: SolanaRpcException - 
2025-08-21 14:30:53,069 [INFO] HTTP Request: POST https://api.mainnet-beta.solana.com "HTTP/1.1 200 OK"
2025-08-21 14:30:54,071 [INFO] HTTP Request: POST https://api.mainnet-beta.solana.com "HTTP/1.1 200 OK"
2025-08-21 14:31:05,042 [INFO] HTTP Request: POST https://api.mainnet-beta.solana.com "HTTP/1.1 200 OK"
2025-08-21 14:31:06,014 [INFO] HTTP Request: POST https://api.mainnet-beta.solana.com "HTTP/1.1 429 Too Many Requests"
2025-08-21 14:31:06,015 [ERROR] Attempt 1 failed for wallet AQXPaNNWWGScNgdnjRvrEw5ht3ko1G4rft4zwAZHxJJk: SolanaRpcException - 
2025-08-21 14:31:09,009 [INFO] HTTP Request: POST https://api.mainnet-beta.solana.com "HTTP/1.1 429 Too Many Requests"
2025-08-21 14:31:09,011 [ERROR] Attempt 2 failed for wallet AQXPaNNWWGScNgdnjRvrEw5ht3ko1G4rft4zwAZHxJJk: SolanaRpcException - 
2025-08-21 14:31:12,005 [INFO] HTTP Request: POST https://api.mainnet-beta.solana.com "HTTP/1.1 429 Too Many Requests"
2025-08-21 14:31:12,006 [ERROR] Attempt 3 failed for wallet AQXPaNNWWGScNgdnjRvrEw5ht3ko1G4rft4zwAZHxJJk: SolanaRpcException - 
2025-08-21 14:31:25,066 [INFO] HTTP Request: POST https://api.mainnet-beta.solana.com "HTTP/1.1 200 OK"
2025-08-21 14:31:26,062 [INFO] HTTP Request: POST https://api.mainnet-beta.solana.com "HTTP/1.1 200 OK"
2025-08-21 14:31:37,025 [INFO] HTTP Request: POST https://api.mainnet-beta.solana.com "HTTP/1.1 200 OK"
2025-08-21 14:31:38,022 [INFO] HTTP Request: POST https://api.mainnet-beta.solana.com "HTTP/1.1 429 Too Many Requests"
2025-08-21 14:31:38,024 [ERROR] Attempt 1 failed for wallet AQXPaNNWWGScNgdnjRvrEw5ht3ko1G4rft4zwAZHxJJk: SolanaRpcException - 
2025-08-21 14:31:41,009 [INFO] HTTP Request: POST https://api.mainnet-beta.solana.com "HTTP/1.1 429 Too Many Requests"
2025-08-21 14:31:41,010 [ERROR] Attempt 2 failed for wallet AQXPaNNWWGScNgdnjRvrEw5ht3ko1G4rft4zwAZHxJJk: SolanaRpcException - 
2025-08-21 14:31:43,985 [INFO] HTTP Request: POST https://api.mainnet-beta.solana.com "HTTP/1.1 429 Too Many Requests"
2025-08-21 14:31:43,986 [ERROR] Attempt 3 failed for wallet AQXPaNNWWGScNgdnjRvrEw5ht3ko1G4rft4zwAZHxJJk: SolanaRpcException - 
2025-08-21 14:31:57,129 [INFO] HTTP Request: POST https://api.mainnet-beta.solana.com "HTTP/1.1 200 OK"
2025-08-21 14:31:58,101 [INFO] HTTP Request: POST https://api.mainnet-beta.solana.com "HTTP/1.1 200 OK"
2025-08-21 14:32:09,070 [INFO] HTTP Request: POST https://api.mainnet-beta.solana.com "HTTP/1.1 200 OK"
2025-08-21 14:32:10,052 [INFO] HTTP Request: POST https://api.mainnet-beta.solana.com "HTTP/1.1 429 Too Many Requests"
2025-08-21 14:32:10,053 [ERROR] Attempt 1 failed for wallet AQXPaNNWWGScNgdnjRvrEw5ht3ko1G4rft4zwAZHxJJk: SolanaRpcException - 
2025-08-21 14:32:13,027 [INFO] HTTP Request: POST https://api.mainnet-beta.solana.com "HTTP/1.1 429 Too Many Requests"
2025-08-21 14:32:13,028 [ERROR] Attempt 2 failed for wallet AQXPaNNWWGScNgdnjRvrEw5ht3ko1G4rft4zwAZHxJJk: SolanaRpcException - 
2025-08-21 14:32:16,033 [INFO] HTTP Request: POST https://api.mainnet-beta.solana.com "HTTP/1.1 429 Too Many Requests"
2025-08-21 14:32:16,034 [ERROR] Attempt 3 failed for wallet AQXPaNNWWGScNgdnjRvrEw5ht3ko1G4rft4zwAZHxJJk: SolanaRpcException - 
2025-08-21 14:32:29,145 [INFO] HTTP Request: POST https://api.mainnet-beta.solana.com "HTTP/1.1 200 OK"
2025-08-21 14:32:30,132 [INFO] HTTP Request: POST https://api.mainnet-beta.solana.com "HTTP/1.1 200 OK"
2025-08-21 14:32:41,122 [INFO] HTTP Request: POST https://api.mainnet-beta.solana.com "HTTP/1.1 200 OK"
2025-08-21 14:32:42,096 [INFO] HTTP Request: POST https://api.mainnet-beta.solana.com "HTTP/1.1 429 Too Many Requests"
2025-08-21 14:32:42,097 [ERROR] Attempt 1 failed for wallet AQXPaNNWWGScNgdnjRvrEw5ht3ko1G4rft4zwAZHxJJk: SolanaRpcException - 
2025-08-21 14:32:45,073 [INFO] HTTP Request: POST https://api.mainnet-beta.solana.com "HTTP/1.1 429 Too Many Requests"
2025-08-21 14:32:45,074 [ERROR] Attempt 2 failed for wallet AQXPaNNWWGScNgdnjRvrEw5ht3ko1G4rft4zwAZHxJJk: SolanaRpcException - 
2025-08-21 14:32:48,074 [INFO] HTTP Request: POST https://api.mainnet-beta.solana.com "HTTP/1.1 429 Too Many Requests"
2025-08-21 14:32:48,075 [ERROR] Attempt 3 failed for wallet AQXPaNNWWGScNgdnjRvrEw5ht3ko1G4rft4zwAZHxJJk: SolanaRpcException - 
2025-08-21 14:33:01,182 [INFO] HTTP Request: POST https://api.mainnet-beta.solana.com "HTTP/1.1 200 OK"
2025-08-21 14:33:02,157 [INFO] HTTP Request: POST https://api.mainnet-beta.solana.com "HTTP/1.1 200 OK"
2025-08-21 14:33:13,153 [INFO] HTTP Request: POST https://api.mainnet-beta.solana.com "HTTP/1.1 200 OK"
2025-08-21 14:33:14,138 [INFO] HTTP Request: POST https://api.mainnet-beta.solana.com "HTTP/1.1 429 Too Many Requests"
2025-08-21 14:33:14,139 [ERROR] Attempt 1 failed for wallet AQXPaNNWWGScNgdnjRvrEw5ht3ko1G4rft4zwAZHxJJk: SolanaRpcException - 
2025-08-21 14:33:17,116 [INFO] HTTP Request: POST https://api.mainnet-beta.solana.com "HTTP/1.1 429 Too Many Requests"
2025-08-21 14:33:17,118 [ERROR] Attempt 2 failed for wallet AQXPaNNWWGScNgdnjRvrEw5ht3ko1G4rft4zwAZHxJJk: SolanaRpcException - 
2025-08-21 14:33:20,085 [INFO] HTTP Request: POST https://api.mainnet-beta.solana.com "HTTP/1.1 429 Too Many Requests"
2025-08-21 14:33:20,086 [ERROR] Attempt 3 failed for wallet AQXPaNNWWGScNgdnjRvrEw5ht3ko1G4rft4zwAZHxJJk: SolanaRpcException - 
2025-08-21 14:33:33,202 [INFO] HTTP Request: POST https://api.mainnet-beta.solana.com "HTTP/1.1 200 OK"
2025-08-21 14:33:34,220 [INFO] HTTP Request: POST https://api.mainnet-beta.solana.com "HTTP/1.1 200 OK"
2025-08-21 14:33:45,199 [INFO] HTTP Request: POST https://api.mainnet-beta.solana.com "HTTP/1.1 200 OK"
2025-08-21 14:33:46,190 [INFO] HTTP Request: POST https://api.mainnet-beta.solana.com "HTTP/1.1 429 Too Many Requests"
2025-08-21 14:33:46,191 [ERROR] Attempt 1 failed for wallet AQXPaNNWWGScNgdnjRvrEw5ht3ko1G4rft4zwAZHxJJk: SolanaRpcException - 
2025-08-21 14:33:49,201 [INFO] HTTP Request: POST https://api.mainnet-beta.solana.com "HTTP/1.1 429 Too Many Requests"
2025-08-21 14:33:49,202 [ERROR] Attempt 2 failed for wallet AQXPaNNWWGScNgdnjRvrEw5ht3ko1G4rft4zwAZHxJJk: SolanaRpcException - 
2025-08-21 14:33:52,167 [INFO] HTTP Request: POST https://api.mainnet-beta.solana.com "HTTP/1.1 429 Too Many Requests"
2025-08-21 14:33:52,168 [ERROR] Attempt 3 failed for wallet AQXPaNNWWGScNgdnjRvrEw5ht3ko1G4rft4zwAZHxJJk: SolanaRpcException - 
2025-08-21 14:34:05,253 [INFO] HTTP Request: POST https://api.mainnet-beta.solana.com "HTTP/1.1 200 OK"
2025-08-21 14:34:06,226 [INFO] HTTP Request: POST https://api.mainnet-beta.solana.com "HTTP/1.1 200 OK"
2025-08-21 14:34:17,224 [INFO] HTTP Request: POST https://api.mainnet-beta.solana.com "HTTP/1.1 200 OK"
2025-08-21 14:34:18,204 [INFO] HTTP Request: POST https://api.mainnet-beta.solana.com "HTTP/1.1 429 Too Many Requests"
2025-08-21 14:34:18,205 [ERROR] Attempt 1 failed for wallet AQXPaNNWWGScNgdnjRvrEw5ht3ko1G4rft4zwAZHxJJk: SolanaRpcException - 
2025-08-21 14:34:21,204 [INFO] HTTP Request: POST https://api.mainnet-beta.solana.com "HTTP/1.1 429 Too Many Requests"
2025-08-21 14:34:21,205 [ERROR] Attempt 2 failed for wallet AQXPaNNWWGScNgdnjRvrEw5ht3ko1G4rft4zwAZHxJJk: SolanaRpcException - 
2025-08-21 14:34:24,186 [INFO] HTTP Request: POST https://api.mainnet-beta.solana.com "HTTP/1.1 429 Too Many Requests"
2025-08-21 14:34:24,187 [ERROR] Attempt 3 failed for wallet AQXPaNNWWGScNgdnjRvrEw5ht3ko1G4rft4zwAZHxJJk: SolanaRpcException - 
2025-08-21 14:34:37,272 [INFO] HTTP Request: POST https://api.mainnet-beta.solana.com "HTTP/1.1 200 OK"
2025-08-21 14:34:38,254 [INFO] HTTP Request: POST https://api.mainnet-beta.solana.com "HTTP/1.1 200 OK"
2025-08-21 14:34:49,254 [INFO] HTTP Request: POST https://api.mainnet-beta.solana.com "HTTP/1.1 200 OK"
2025-08-21 14:34:50,245 [INFO] HTTP Request: POST https://api.mainnet-beta.solana.com "HTTP/1.1 429 Too Many Requests"
2025-08-21 14:34:50,246 [ERROR] Attempt 1 failed for wallet AQXPaNNWWGScNgdnjRvrEw5ht3ko1G4rft4zwAZHxJJk: SolanaRpcException - 
2025-08-21 14:34:53,215 [INFO] HTTP Request: POST https://api.mainnet-beta.solana.com "HTTP/1.1 429 Too Many Requests"
2025-08-21 14:34:53,216 [ERROR] Attempt 2 failed for wallet AQXPaNNWWGScNgdnjRvrEw5ht3ko1G4rft4zwAZHxJJk: SolanaRpcException - 
2025-08-21 14:34:56,194 [INFO] HTTP Request: POST https://api.mainnet-beta.solana.com "HTTP/1.1 429 Too Many Requests"
2025-08-21 14:34:56,196 [ERROR] Attempt 3 failed for wallet AQXPaNNWWGScNgdnjRvrEw5ht3ko1G4rft4zwAZHxJJk: SolanaRpcException - 
2025-08-21 14:35:09,292 [INFO] HTTP Request: POST https://api.mainnet-beta.solana.com "HTTP/1.1 200 OK"
2025-08-21 14:35:10,263 [INFO] HTTP Request: POST https://api.mainnet-beta.solana.com "HTTP/1.1 200 OK"
2025-08-21 14:35:21,247 [INFO] HTTP Request: POST https://api.mainnet-beta.solana.com "HTTP/1.1 200 OK"
2025-08-21 14:35:22,217 [INFO] HTTP Request: POST https://api.mainnet-beta.solana.com "HTTP/1.1 429 Too Many Requests"
2025-08-21 14:35:22,218 [ERROR] Attempt 1 failed for wallet AQXPaNNWWGScNgdnjRvrEw5ht3ko1G4rft4zwAZHxJJk: SolanaRpcException - 
2025-08-21 14:35:25,190 [INFO] HTTP Request: POST https://api.mainnet-beta.solana.com "HTTP/1.1 429 Too Many Requests"
2025-08-21 14:35:25,192 [ERROR] Attempt 2 failed for wallet AQXPaNNWWGScNgdnjRvrEw5ht3ko1G4rft4zwAZHxJJk: SolanaRpcException - 
2025-08-21 14:35:28,170 [INFO] HTTP Request: POST https://api.mainnet-beta.solana.com "HTTP/1.1 429 Too Many Requests"
2025-08-21 14:35:28,171 [ERROR] Attempt 3 failed for wallet AQXPaNNWWGScNgdnjRvrEw5ht3ko1G4rft4zwAZHxJJk: SolanaRpcException - 
2025-08-21 14:35:41,281 [INFO] HTTP Request: POST https://api.mainnet-beta.solana.com "HTTP/1.1 200 OK"
2025-08-21 14:35:42,248 [INFO] HTTP Request: POST https://api.mainnet-beta.solana.com "HTTP/1.1 200 OK"
2025-08-21 14:35:53,218 [INFO] HTTP Request: POST https://api.mainnet-beta.solana.com "HTTP/1.1 200 OK"
2025-08-21 14:35:54,246 [INFO] HTTP Request: POST https://api.mainnet-beta.solana.com "HTTP/1.1 429 Too Many Requests"
2025-08-21 14:35:54,247 [ERROR] Attempt 1 failed for wallet AQXPaNNWWGScNgdnjRvrEw5ht3ko1G4rft4zwAZHxJJk: SolanaRpcException - 
2025-08-21 14:35:57,239 [INFO] HTTP Request: POST https://api.mainnet-beta.solana.com "HTTP/1.1 429 Too Many Requests"
2025-08-21 14:35:57,240 [ERROR] Attempt 2 failed for wallet AQXPaNNWWGScNgdnjRvrEw5ht3ko1G4rft4zwAZHxJJk: SolanaRpcException - 
2025-08-21 14:36:00,242 [INFO] HTTP Request: POST https://api.mainnet-beta.solana.com "HTTP/1.1 429 Too Many Requests"
2025-08-21 14:36:00,243 [ERROR] Attempt 3 failed for wallet AQXPaNNWWGScNgdnjRvrEw5ht3ko1G4rft4zwAZHxJJk: SolanaRpcException - 
2025-08-21 14:36:13,341 [INFO] HTTP Request: POST https://api.mainnet-beta.solana.com "HTTP/1.1 200 OK"
2025-08-21 14:36:14,334 [INFO] HTTP Request: POST https://api.mainnet-beta.solana.com "HTTP/1.1 200 OK"
2025-08-21 14:36:25,320 [INFO] HTTP Request: POST https://api.mainnet-beta.solana.com "HTTP/1.1 200 OK"
2025-08-21 14:36:26,289 [INFO] HTTP Request: POST https://api.mainnet-beta.solana.com "HTTP/1.1 429 Too Many Requests"
2025-08-21 14:36:26,290 [ERROR] Attempt 1 failed for wallet AQXPaNNWWGScNgdnjRvrEw5ht3ko1G4rft4zwAZHxJJk: SolanaRpcException - 
2025-08-21 14:36:29,259 [INFO] HTTP Request: POST https://api.mainnet-beta.solana.com "HTTP/1.1 429 Too Many Requests"
2025-08-21 14:36:29,260 [ERROR] Attempt 2 failed for wallet AQXPaNNWWGScNgdnjRvrEw5ht3ko1G4rft4zwAZHxJJk: SolanaRpcException - 
2025-08-21 14:36:32,235 [INFO] HTTP Request: POST https://api.mainnet-beta.solana.com "HTTP/1.1 429 Too Many Requests"
2025-08-21 14:36:32,236 [ERROR] Attempt 3 failed for wallet AQXPaNNWWGScNgdnjRvrEw5ht3ko1G4rft4zwAZHxJJk: SolanaRpcException - 
2025-08-21 14:36:45,436 [INFO] HTTP Request: POST https://api.mainnet-beta.solana.com "HTTP/1.1 200 OK"
2025-08-21 14:36:46,430 [INFO] HTTP Request: POST https://api.mainnet-beta.solana.com "HTTP/1.1 200 OK"
2025-08-21 14:36:57,407 [INFO] HTTP Request: POST https://api.mainnet-beta.solana.com "HTTP/1.1 200 OK"
2025-08-21 14:36:58,387 [INFO] HTTP Request: POST https://api.mainnet-beta.solana.com "HTTP/1.1 429 Too Many Requests"
2025-08-21 14:36:58,388 [ERROR] Attempt 1 failed for wallet AQXPaNNWWGScNgdnjRvrEw5ht3ko1G4rft4zwAZHxJJk: SolanaRpcException - 
2025-08-21 14:37:01,407 [INFO] HTTP Request: POST https://api.mainnet-beta.solana.com "HTTP/1.1 429 Too Many Requests"
2025-08-21 14:37:01,408 [ERROR] Attempt 2 failed for wallet AQXPaNNWWGScNgdnjRvrEw5ht3ko1G4rft4zwAZHxJJk: SolanaRpcException - 
2025-08-21 14:37:04,364 [INFO] HTTP Request: POST https://api.mainnet-beta.solana.com "HTTP/1.1 429 Too Many Requests"
2025-08-21 14:37:04,365 [ERROR] Attempt 3 failed for wallet AQXPaNNWWGScNgdnjRvrEw5ht3ko1G4rft4zwAZHxJJk: SolanaRpcException - 
2025-08-21 14:37:17,472 [INFO] HTTP Request: POST https://api.mainnet-beta.solana.com "HTTP/1.1 200 OK"
2025-08-21 14:37:18,481 [INFO] HTTP Request: POST https://api.mainnet-beta.solana.com "HTTP/1.1 200 OK"
2025-08-21 14:37:29,466 [INFO] HTTP Request: POST https://api.mainnet-beta.solana.com "HTTP/1.1 200 OK"
2025-08-21 14:37:30,458 [INFO] HTTP Request: POST https://api.mainnet-beta.solana.com "HTTP/1.1 429 Too Many Requests"
2025-08-21 14:37:30,460 [ERROR] Attempt 1 failed for wallet AQXPaNNWWGScNgdnjRvrEw5ht3ko1G4rft4zwAZHxJJk: SolanaRpcException - 
2025-08-21 14:37:33,452 [INFO] HTTP Request: POST https://api.mainnet-beta.solana.com "HTTP/1.1 429 Too Many Requests"
2025-08-21 14:37:33,452 [ERROR] Attempt 2 failed for wallet AQXPaNNWWGScNgdnjRvrEw5ht3ko1G4rft4zwAZHxJJk: SolanaRpcException - 
2025-08-21 14:37:36,440 [INFO] HTTP Request: POST https://api.mainnet-beta.solana.com "HTTP/1.1 429 Too Many Requests"
2025-08-21 14:37:36,442 [ERROR] Attempt 3 failed for wallet AQXPaNNWWGScNgdnjRvrEw5ht3ko1G4rft4zwAZHxJJk: SolanaRpcException - 
2025-08-21 14:37:49,506 [INFO] HTTP Request: POST https://api.mainnet-beta.solana.com "HTTP/1.1 200 OK"
2025-08-21 14:37:50,838 [INFO] HTTP Request: POST https://api.mainnet-beta.solana.com "HTTP/1.1 200 OK"
2025-08-21 14:38:01,838 [INFO] HTTP Request: POST https://api.mainnet-beta.solana.com "HTTP/1.1 200 OK"
2025-08-21 14:38:02,803 [INFO] HTTP Request: POST https://api.mainnet-beta.solana.com "HTTP/1.1 429 Too Many Requests"
2025-08-21 14:38:02,804 [ERROR] Attempt 1 failed for wallet AQXPaNNWWGScNgdnjRvrEw5ht3ko1G4rft4zwAZHxJJk: SolanaRpcException - 
2025-08-21 14:38:05,822 [INFO] HTTP Request: POST https://api.mainnet-beta.solana.com "HTTP/1.1 429 Too Many Requests"
2025-08-21 14:38:05,823 [ERROR] Attempt 2 failed for wallet AQXPaNNWWGScNgdnjRvrEw5ht3ko1G4rft4zwAZHxJJk: SolanaRpcException - 
2025-08-21 14:38:08,832 [INFO] HTTP Request: POST https://api.mainnet-beta.solana.com "HTTP/1.1 429 Too Many Requests"
2025-08-21 14:38:08,833 [ERROR] Attempt 3 failed for wallet AQXPaNNWWGScNgdnjRvrEw5ht3ko1G4rft4zwAZHxJJk: SolanaRpcException - 
2025-08-21 14:38:21,900 [INFO] HTTP Request: POST https://api.mainnet-beta.solana.com "HTTP/1.1 200 OK"
2025-08-21 14:38:22,889 [INFO] HTTP Request: POST https://api.mainnet-beta.solana.com "HTTP/1.1 200 OK"
2025-08-21 14:38:33,863 [INFO] HTTP Request: POST https://api.mainnet-beta.solana.com "HTTP/1.1 200 OK"
2025-08-21 14:38:34,866 [INFO] HTTP Request: POST https://api.mainnet-beta.solana.com "HTTP/1.1 429 Too Many Requests"
2025-08-21 14:38:34,867 [ERROR] Attempt 1 failed for wallet AQXPaNNWWGScNgdnjRvrEw5ht3ko1G4rft4zwAZHxJJk: SolanaRpcException - 
2025-08-21 14:38:37,903 [INFO] HTTP Request: POST https://api.mainnet-beta.solana.com "HTTP/1.1 429 Too Many Requests"
2025-08-21 14:38:37,905 [ERROR] Attempt 2 failed for wallet AQXPaNNWWGScNgdnjRvrEw5ht3ko1G4rft4zwAZHxJJk: SolanaRpcException - 
2025-08-21 14:38:40,922 [INFO] HTTP Request: POST https://api.mainnet-beta.solana.com "HTTP/1.1 429 Too Many Requests"
2025-08-21 14:38:40,923 [ERROR] Attempt 3 failed for wallet AQXPaNNWWGScNgdnjRvrEw5ht3ko1G4rft4zwAZHxJJk: SolanaRpcException - 
2025-08-21 14:38:53,978 [INFO] HTTP Request: POST https://api.mainnet-beta.solana.com "HTTP/1.1 200 OK"
2025-08-21 14:38:54,963 [INFO] HTTP Request: POST https://api.mainnet-beta.solana.com "HTTP/1.1 200 OK"
2025-08-21 14:39:05,947 [INFO] HTTP Request: POST https://api.mainnet-beta.solana.com "HTTP/1.1 200 OK"
2025-08-21 14:39:06,933 [INFO] HTTP Request: POST https://api.mainnet-beta.solana.com "HTTP/1.1 429 Too Many Requests"
2025-08-21 14:39:06,934 [ERROR] Attempt 1 failed for wallet AQXPaNNWWGScNgdnjRvrEw5ht3ko1G4rft4zwAZHxJJk: SolanaRpcException - 
2025-08-21 14:39:09,927 [INFO] HTTP Request: POST https://api.mainnet-beta.solana.com "HTTP/1.1 429 Too Many Requests"
2025-08-21 14:39:09,928 [ERROR] Attempt 2 failed for wallet AQXPaNNWWGScNgdnjRvrEw5ht3ko1G4rft4zwAZHxJJk: SolanaRpcException - 
2025-08-21 14:39:12,910 [INFO] HTTP Request: POST https://api.mainnet-beta.solana.com "HTTP/1.1 429 Too Many Requests"
2025-08-21 14:39:12,911 [ERROR] Attempt 3 failed for wallet AQXPaNNWWGScNgdnjRvrEw5ht3ko1G4rft4zwAZHxJJk: SolanaRpcException - 
2025-08-21 14:39:26,079 [INFO] HTTP Request: POST https://api.mainnet-beta.solana.com "HTTP/1.1 200 OK"
2025-08-21 14:39:27,070 [INFO] HTTP Request: POST https://api.mainnet-beta.solana.com "HTTP/1.1 200 OK"
2025-08-21 14:39:38,120 [INFO] HTTP Request: POST https://api.mainnet-beta.solana.com "HTTP/1.1 200 OK"
2025-08-21 14:39:39,106 [INFO] HTTP Request: POST https://api.mainnet-beta.solana.com "HTTP/1.1 429 Too Many Requests"
2025-08-21 14:39:39,107 [ERROR] Attempt 1 failed for wallet AQXPaNNWWGScNgdnjRvrEw5ht3ko1G4rft4zwAZHxJJk: SolanaRpcException - 
2025-08-21 14:39:42,063 [INFO] HTTP Request: POST https://api.mainnet-beta.solana.com "HTTP/1.1 429 Too Many Requests"
2025-08-21 14:39:42,064 [ERROR] Attempt 2 failed for wallet AQXPaNNWWGScNgdnjRvrEw5ht3ko1G4rft4zwAZHxJJk: SolanaRpcException - 
2025-08-21 14:39:45,064 [INFO] HTTP Request: POST https://api.mainnet-beta.solana.com "HTTP/1.1 429 Too Many Requests"
2025-08-21 14:39:45,065 [ERROR] Attempt 3 failed for wallet AQXPaNNWWGScNgdnjRvrEw5ht3ko1G4rft4zwAZHxJJk: SolanaRpcException - 
2025-08-21 14:39:58,130 [INFO] HTTP Request: POST https://api.mainnet-beta.solana.com "HTTP/1.1 200 OK"
2025-08-21 14:39:59,135 [INFO] HTTP Request: POST https://api.mainnet-beta.solana.com "HTTP/1.1 200 OK"
2025-08-21 14:40:10,141 [INFO] HTTP Request: POST https://api.mainnet-beta.solana.com "HTTP/1.1 200 OK"
2025-08-21 14:40:11,112 [INFO] HTTP Request: POST https://api.mainnet-beta.solana.com "HTTP/1.1 429 Too Many Requests"
2025-08-21 14:40:11,113 [ERROR] Attempt 1 failed for wallet AQXPaNNWWGScNgdnjRvrEw5ht3ko1G4rft4zwAZHxJJk: SolanaRpcException - 
2025-08-21 14:40:14,095 [INFO] HTTP Request: POST https://api.mainnet-beta.solana.com "HTTP/1.1 429 Too Many Requests"
2025-08-21 14:40:14,096 [ERROR] Attempt 2 failed for wallet AQXPaNNWWGScNgdnjRvrEw5ht3ko1G4rft4zwAZHxJJk: SolanaRpcException - 
2025-08-21 14:40:17,062 [INFO] HTTP Request: POST https://api.mainnet-beta.solana.com "HTTP/1.1 429 Too Many Requests"
2025-08-21 14:40:17,063 [ERROR] Attempt 3 failed for wallet AQXPaNNWWGScNgdnjRvrEw5ht3ko1G4rft4zwAZHxJJk: SolanaRpcException - 
2025-08-21 14:40:30,071 [INFO] HTTP Request: POST https://api.mainnet-beta.solana.com "HTTP/1.1 200 OK"
2025-08-21 14:40:31,075 [INFO] HTTP Request: POST https://api.mainnet-beta.solana.com "HTTP/1.1 200 OK"
2025-08-21 14:40:42,111 [INFO] HTTP Request: POST https://api.mainnet-beta.solana.com "HTTP/1.1 200 OK"
2025-08-21 14:40:43,097 [INFO] HTTP Request: POST https://api.mainnet-beta.solana.com "HTTP/1.1 429 Too Many Requests"
2025-08-21 14:40:43,098 [ERROR] Attempt 1 failed for wallet AQXPaNNWWGScNgdnjRvrEw5ht3ko1G4rft4zwAZHxJJk: SolanaRpcException - 
2025-08-21 14:40:46,102 [INFO] HTTP Request: POST https://api.mainnet-beta.solana.com "HTTP/1.1 429 Too Many Requests"
2025-08-21 14:40:46,103 [ERROR] Attempt 2 failed for wallet AQXPaNNWWGScNgdnjRvrEw5ht3ko1G4rft4zwAZHxJJk: SolanaRpcException - 
2025-08-21 14:40:49,097 [INFO] HTTP Request: POST https://api.mainnet-beta.solana.com "HTTP/1.1 429 Too Many Requests"
2025-08-21 14:40:49,098 [ERROR] Attempt 3 failed for wallet AQXPaNNWWGScNgdnjRvrEw5ht3ko1G4rft4zwAZHxJJk: SolanaRpcException - 
2025-08-21 14:41:02,493 [INFO] HTTP Request: POST https://api.mainnet-beta.solana.com "HTTP/1.1 200 OK"
2025-08-21 14:41:03,447 [INFO] HTTP Request: POST https://api.mainnet-beta.solana.com "HTTP/1.1 200 OK"
2025-08-21 14:41:14,417 [INFO] HTTP Request: POST https://api.mainnet-beta.solana.com "HTTP/1.1 200 OK"
2025-08-21 14:41:15,389 [INFO] HTTP Request: POST https://api.mainnet-beta.solana.com "HTTP/1.1 429 Too Many Requests"
2025-08-21 14:41:15,390 [ERROR] Attempt 1 failed for wallet AQXPaNNWWGScNgdnjRvrEw5ht3ko1G4rft4zwAZHxJJk: SolanaRpcException - 
2025-08-21 14:41:18,375 [INFO] HTTP Request: POST https://api.mainnet-beta.solana.com "HTTP/1.1 429 Too Many Requests"
2025-08-21 14:41:18,376 [ERROR] Attempt 2 failed for wallet AQXPaNNWWGScNgdnjRvrEw5ht3ko1G4rft4zwAZHxJJk: SolanaRpcException - 
2025-08-21 14:41:21,351 [INFO] HTTP Request: POST https://api.mainnet-beta.solana.com "HTTP/1.1 429 Too Many Requests"
2025-08-21 14:41:21,353 [ERROR] Attempt 3 failed for wallet AQXPaNNWWGScNgdnjRvrEw5ht3ko1G4rft4zwAZHxJJk: SolanaRpcException - 
2025-08-21 14:41:34,395 [INFO] HTTP Request: POST https://api.mainnet-beta.solana.com "HTTP/1.1 200 OK"
2025-08-21 14:41:35,378 [INFO] HTTP Request: POST https://api.mainnet-beta.solana.com "HTTP/1.1 200 OK"
2025-08-21 14:41:46,388 [INFO] HTTP Request: POST https://api.mainnet-beta.solana.com "HTTP/1.1 200 OK"
2025-08-21 14:41:47,365 [INFO] HTTP Request: POST https://api.mainnet-beta.solana.com "HTTP/1.1 429 Too Many Requests"
2025-08-21 14:41:47,366 [ERROR] Attempt 1 failed for wallet AQXPaNNWWGScNgdnjRvrEw5ht3ko1G4rft4zwAZHxJJk: SolanaRpcException - 
2025-08-21 14:41:50,441 [INFO] HTTP Request: POST https://api.mainnet-beta.solana.com "HTTP/1.1 429 Too Many Requests"
2025-08-21 14:41:50,442 [ERROR] Attempt 2 failed for wallet AQXPaNNWWGScNgdnjRvrEw5ht3ko1G4rft4zwAZHxJJk: SolanaRpcException - 
2025-08-21 14:41:53,498 [INFO] HTTP Request: POST https://api.mainnet-beta.solana.com "HTTP/1.1 429 Too Many Requests"
2025-08-21 14:41:53,499 [ERROR] Attempt 3 failed for wallet AQXPaNNWWGScNgdnjRvrEw5ht3ko1G4rft4zwAZHxJJk: SolanaRpcException - 
2025-08-21 14:42:07,635 [INFO] HTTP Request: POST https://api.mainnet-beta.solana.com "HTTP/1.1 200 OK"
2025-08-21 14:42:08,608 [INFO] HTTP Request: POST https://api.mainnet-beta.solana.com "HTTP/1.1 200 OK"
2025-08-21 14:42:19,585 [INFO] HTTP Request: POST https://api.mainnet-beta.solana.com "HTTP/1.1 200 OK"
2025-08-21 14:42:20,615 [INFO] HTTP Request: POST https://api.mainnet-beta.solana.com "HTTP/1.1 429 Too Many Requests"
2025-08-21 14:42:20,616 [ERROR] Attempt 1 failed for wallet AQXPaNNWWGScNgdnjRvrEw5ht3ko1G4rft4zwAZHxJJk: SolanaRpcException - 
2025-08-21 14:42:23,605 [INFO] HTTP Request: POST https://api.mainnet-beta.solana.com "HTTP/1.1 429 Too Many Requests"
2025-08-21 14:42:23,606 [ERROR] Attempt 2 failed for wallet AQXPaNNWWGScNgdnjRvrEw5ht3ko1G4rft4zwAZHxJJk: SolanaRpcException - 
2025-08-21 14:42:26,601 [INFO] HTTP Request: POST https://api.mainnet-beta.solana.com "HTTP/1.1 429 Too Many Requests"
2025-08-21 14:42:26,602 [ERROR] Attempt 3 failed for wallet AQXPaNNWWGScNgdnjRvrEw5ht3ko1G4rft4zwAZHxJJk: SolanaRpcException - 
2025-08-21 14:42:39,684 [INFO] HTTP Request: POST https://api.mainnet-beta.solana.com "HTTP/1.1 200 OK"
2025-08-21 14:42:40,661 [INFO] HTTP Request: POST https://api.mainnet-beta.solana.com "HTTP/1.1 200 OK"
2025-08-21 14:42:51,670 [INFO] HTTP Request: POST https://api.mainnet-beta.solana.com "HTTP/1.1 200 OK"
2025-08-21 14:42:52,743 [INFO] HTTP Request: POST https://api.mainnet-beta.solana.com "HTTP/1.1 429 Too Many Requests"
2025-08-21 14:42:52,744 [ERROR] Attempt 1 failed for wallet AQXPaNNWWGScNgdnjRvrEw5ht3ko1G4rft4zwAZHxJJk: SolanaRpcException - 
2025-08-21 14:42:55,752 [INFO] HTTP Request: POST https://api.mainnet-beta.solana.com "HTTP/1.1 429 Too Many Requests"
2025-08-21 14:42:55,753 [ERROR] Attempt 2 failed for wallet AQXPaNNWWGScNgdnjRvrEw5ht3ko1G4rft4zwAZHxJJk: SolanaRpcException - 
2025-08-21 14:42:58,747 [INFO] HTTP Request: POST https://api.mainnet-beta.solana.com "HTTP/1.1 429 Too Many Requests"
2025-08-21 14:42:58,749 [ERROR] Attempt 3 failed for wallet AQXPaNNWWGScNgdnjRvrEw5ht3ko1G4rft4zwAZHxJJk: SolanaRpcException - 
2025-08-21 14:43:11,834 [INFO] HTTP Request: POST https://api.mainnet-beta.solana.com "HTTP/1.1 200 OK"
2025-08-21 14:43:12,821 [INFO] HTTP Request: POST https://api.mainnet-beta.solana.com "HTTP/1.1 200 OK"
2025-08-21 14:43:23,792 [INFO] HTTP Request: POST https://api.mainnet-beta.solana.com "HTTP/1.1 200 OK"
2025-08-21 14:43:24,783 [INFO] HTTP Request: POST https://api.mainnet-beta.solana.com "HTTP/1.1 429 Too Many Requests"
2025-08-21 14:43:24,784 [ERROR] Attempt 1 failed for wallet AQXPaNNWWGScNgdnjRvrEw5ht3ko1G4rft4zwAZHxJJk: SolanaRpcException - 
2025-08-21 14:43:27,833 [INFO] HTTP Request: POST https://api.mainnet-beta.solana.com "HTTP/1.1 429 Too Many Requests"
2025-08-21 14:43:27,834 [ERROR] Attempt 2 failed for wallet AQXPaNNWWGScNgdnjRvrEw5ht3ko1G4rft4zwAZHxJJk: SolanaRpcException - 
2025-08-21 14:43:30,813 [INFO] HTTP Request: POST https://api.mainnet-beta.solana.com "HTTP/1.1 429 Too Many Requests"
2025-08-21 14:43:30,814 [ERROR] Attempt 3 failed for wallet AQXPaNNWWGScNgdnjRvrEw5ht3ko1G4rft4zwAZHxJJk: SolanaRpcException - 
2025-08-21 14:43:43,915 [INFO] HTTP Request: POST https://api.mainnet-beta.solana.com "HTTP/1.1 200 OK"
2025-08-21 14:43:44,911 [INFO] HTTP Request: POST https://api.mainnet-beta.solana.com "HTTP/1.1 200 OK"
2025-08-21 14:43:55,929 [INFO] HTTP Request: POST https://api.mainnet-beta.solana.com "HTTP/1.1 200 OK"
2025-08-21 14:43:56,942 [INFO] HTTP Request: POST https://api.mainnet-beta.solana.com "HTTP/1.1 429 Too Many Requests"
2025-08-21 14:43:56,943 [ERROR] Attempt 1 failed for wallet AQXPaNNWWGScNgdnjRvrEw5ht3ko1G4rft4zwAZHxJJk: SolanaRpcException - 
2025-08-21 14:43:59,970 [INFO] HTTP Request: POST https://api.mainnet-beta.solana.com "HTTP/1.1 429 Too Many Requests"
2025-08-21 14:43:59,971 [ERROR] Attempt 2 failed for wallet AQXPaNNWWGScNgdnjRvrEw5ht3ko1G4rft4zwAZHxJJk: SolanaRpcException - 
2025-08-21 14:44:02,935 [INFO] HTTP Request: POST https://api.mainnet-beta.solana.com "HTTP/1.1 429 Too Many Requests"
2025-08-21 14:44:02,936 [ERROR] Attempt 3 failed for wallet AQXPaNNWWGScNgdnjRvrEw5ht3ko1G4rft4zwAZHxJJk: SolanaRpcException - 
2025-08-21 14:44:15,985 [INFO] HTTP Request: POST https://api.mainnet-beta.solana.com "HTTP/1.1 200 OK"
2025-08-21 14:44:17,000 [INFO] HTTP Request: POST https://api.mainnet-beta.solana.com "HTTP/1.1 200 OK"
2025-08-21 14:44:28,060 [INFO] HTTP Request: POST https://api.mainnet-beta.solana.com "HTTP/1.1 200 OK"
2025-08-21 14:44:29,056 [INFO] HTTP Request: POST https://api.mainnet-beta.solana.com "HTTP/1.1 429 Too Many Requests"
2025-08-21 14:44:29,057 [ERROR] Attempt 1 failed for wallet AQXPaNNWWGScNgdnjRvrEw5ht3ko1G4rft4zwAZHxJJk: SolanaRpcException - 
2025-08-21 14:44:32,026 [INFO] HTTP Request: POST https://api.mainnet-beta.solana.com "HTTP/1.1 429 Too Many Requests"
2025-08-21 14:44:32,027 [ERROR] Attempt 2 failed for wallet AQXPaNNWWGScNgdnjRvrEw5ht3ko1G4rft4zwAZHxJJk: SolanaRpcException - 
2025-08-21 14:44:35,000 [INFO] HTTP Request: POST https://api.mainnet-beta.solana.com "HTTP/1.1 429 Too Many Requests"
2025-08-21 14:44:35,001 [ERROR] Attempt 3 failed for wallet AQXPaNNWWGScNgdnjRvrEw5ht3ko1G4rft4zwAZHxJJk: SolanaRpcException - 
2025-08-21 14:44:48,057 [INFO] HTTP Request: POST https://api.mainnet-beta.solana.com "HTTP/1.1 200 OK"
2025-08-21 14:44:49,028 [INFO] HTTP Request: POST https://api.mainnet-beta.solana.com "HTTP/1.1 200 OK"
2025-08-21 14:45:00,034 [INFO] HTTP Request: POST https://api.mainnet-beta.solana.com "HTTP/1.1 200 OK"
2025-08-21 14:45:01,009 [INFO] HTTP Request: POST https://api.mainnet-beta.solana.com "HTTP/1.1 429 Too Many Requests"
2025-08-21 14:45:01,010 [ERROR] Attempt 1 failed for wallet AQXPaNNWWGScNgdnjRvrEw5ht3ko1G4rft4zwAZHxJJk: SolanaRpcException - 
2025-08-21 14:45:04,096 [INFO] HTTP Request: POST https://api.mainnet-beta.solana.com "HTTP/1.1 429 Too Many Requests"
2025-08-21 14:45:04,097 [ERROR] Attempt 2 failed for wallet AQXPaNNWWGScNgdnjRvrEw5ht3ko1G4rft4zwAZHxJJk: SolanaRpcException - 
2025-08-21 14:45:07,114 [INFO] HTTP Request: POST https://api.mainnet-beta.solana.com "HTTP/1.1 429 Too Many Requests"
2025-08-21 14:45:07,115 [ERROR] Attempt 3 failed for wallet AQXPaNNWWGScNgdnjRvrEw5ht3ko1G4rft4zwAZHxJJk: SolanaRpcException - 
2025-08-21 14:45:20,157 [INFO] HTTP Request: POST https://api.mainnet-beta.solana.com "HTTP/1.1 200 OK"
2025-08-21 14:45:21,124 [INFO] HTTP Request: POST https://api.mainnet-beta.solana.com "HTTP/1.1 200 OK"
2025-08-21 14:45:32,096 [INFO] HTTP Request: POST https://api.mainnet-beta.solana.com "HTTP/1.1 200 OK"
2025-08-21 14:45:33,098 [INFO] HTTP Request: POST https://api.mainnet-beta.solana.com "HTTP/1.1 429 Too Many Requests"
2025-08-21 14:45:33,099 [ERROR] Attempt 1 failed for wallet AQXPaNNWWGScNgdnjRvrEw5ht3ko1G4rft4zwAZHxJJk: SolanaRpcException - 
2025-08-21 14:45:36,075 [INFO] HTTP Request: POST https://api.mainnet-beta.solana.com "HTTP/1.1 429 Too Many Requests"
2025-08-21 14:45:36,076 [ERROR] Attempt 2 failed for wallet AQXPaNNWWGScNgdnjRvrEw5ht3ko1G4rft4zwAZHxJJk: SolanaRpcException - 
2025-08-21 14:45:39,086 [INFO] HTTP Request: POST https://api.mainnet-beta.solana.com "HTTP/1.1 429 Too Many Requests"
2025-08-21 14:45:39,087 [ERROR] Attempt 3 failed for wallet AQXPaNNWWGScNgdnjRvrEw5ht3ko1G4rft4zwAZHxJJk: SolanaRpcException - 
2025-08-21 14:45:52,190 [INFO] HTTP Request: POST https://api.mainnet-beta.solana.com "HTTP/1.1 200 OK"
2025-08-21 14:45:53,171 [INFO] HTTP Request: POST https://api.mainnet-beta.solana.com "HTTP/1.1 200 OK"
2025-08-21 14:46:04,221 [INFO] HTTP Request: POST https://api.mainnet-beta.solana.com "HTTP/1.1 200 OK"
2025-08-21 14:46:05,266 [INFO] HTTP Request: POST https://api.mainnet-beta.solana.com "HTTP/1.1 429 Too Many Requests"
2025-08-21 14:46:05,267 [ERROR] Attempt 1 failed for wallet AQXPaNNWWGScNgdnjRvrEw5ht3ko1G4rft4zwAZHxJJk: SolanaRpcException - 
2025-08-21 14:46:08,384 [INFO] HTTP Request: POST https://api.mainnet-beta.solana.com "HTTP/1.1 429 Too Many Requests"
2025-08-21 14:46:08,385 [ERROR] Attempt 2 failed for wallet AQXPaNNWWGScNgdnjRvrEw5ht3ko1G4rft4zwAZHxJJk: SolanaRpcException - 
2025-08-21 14:46:11,392 [INFO] HTTP Request: POST https://api.mainnet-beta.solana.com "HTTP/1.1 429 Too Many Requests"
2025-08-21 14:46:11,394 [ERROR] Attempt 3 failed for wallet AQXPaNNWWGScNgdnjRvrEw5ht3ko1G4rft4zwAZHxJJk: SolanaRpcException - 
2025-08-21 14:46:24,525 [INFO] HTTP Request: POST https://api.mainnet-beta.solana.com "HTTP/1.1 200 OK"
2025-08-21 14:46:25,533 [INFO] HTTP Request: POST https://api.mainnet-beta.solana.com "HTTP/1.1 200 OK"
2025-08-21 14:46:36,527 [INFO] HTTP Request: POST https://api.mainnet-beta.solana.com "HTTP/1.1 200 OK"
2025-08-21 14:46:37,695 [INFO] HTTP Request: POST https://api.mainnet-beta.solana.com "HTTP/1.1 429 Too Many Requests"
2025-08-21 14:46:37,696 [ERROR] Attempt 1 failed for wallet AQXPaNNWWGScNgdnjRvrEw5ht3ko1G4rft4zwAZHxJJk: SolanaRpcException - 
2025-08-21 14:46:40,702 [INFO] HTTP Request: POST https://api.mainnet-beta.solana.com "HTTP/1.1 429 Too Many Requests"
2025-08-21 14:46:40,703 [ERROR] Attempt 2 failed for wallet AQXPaNNWWGScNgdnjRvrEw5ht3ko1G4rft4zwAZHxJJk: SolanaRpcException - 
2025-08-21 14:46:43,682 [INFO] HTTP Request: POST https://api.mainnet-beta.solana.com "HTTP/1.1 429 Too Many Requests"
2025-08-21 14:46:43,683 [ERROR] Attempt 3 failed for wallet AQXPaNNWWGScNgdnjRvrEw5ht3ko1G4rft4zwAZHxJJk: SolanaRpcException - 
2025-08-21 14:46:56,793 [INFO] HTTP Request: POST https://api.mainnet-beta.solana.com "HTTP/1.1 200 OK"
2025-08-21 14:46:57,795 [INFO] HTTP Request: POST https://api.mainnet-beta.solana.com "HTTP/1.1 200 OK"
2025-08-21 14:47:09,053 [INFO] HTTP Request: POST https://api.mainnet-beta.solana.com "HTTP/1.1 200 OK"
2025-08-21 14:47:10,489 [INFO] HTTP Request: POST https://api.mainnet-beta.solana.com "HTTP/1.1 429 Too Many Requests"
2025-08-21 14:47:10,490 [ERROR] Attempt 1 failed for wallet AQXPaNNWWGScNgdnjRvrEw5ht3ko1G4rft4zwAZHxJJk: SolanaRpcException - 
2025-08-21 14:47:13,471 [INFO] HTTP Request: POST https://api.mainnet-beta.solana.com "HTTP/1.1 429 Too Many Requests"
2025-08-21 14:47:13,472 [ERROR] Attempt 2 failed for wallet AQXPaNNWWGScNgdnjRvrEw5ht3ko1G4rft4zwAZHxJJk: SolanaRpcException - 
2025-08-21 14:47:16,471 [INFO] HTTP Request: POST https://api.mainnet-beta.solana.com "HTTP/1.1 429 Too Many Requests"
2025-08-21 14:47:16,472 [ERROR] Attempt 3 failed for wallet AQXPaNNWWGScNgdnjRvrEw5ht3ko1G4rft4zwAZHxJJk: SolanaRpcException - 
2025-08-21 14:47:29,521 [INFO] HTTP Request: POST https://api.mainnet-beta.solana.com "HTTP/1.1 200 OK"
2025-08-21 14:47:30,521 [INFO] HTTP Request: POST https://api.mainnet-beta.solana.com "HTTP/1.1 200 OK"
2025-08-21 14:47:41,500 [INFO] HTTP Request: POST https://api.mainnet-beta.solana.com "HTTP/1.1 200 OK"
2025-08-21 14:47:42,494 [INFO] HTTP Request: POST https://api.mainnet-beta.solana.com "HTTP/1.1 429 Too Many Requests"
2025-08-21 14:47:42,496 [ERROR] Attempt 1 failed for wallet AQXPaNNWWGScNgdnjRvrEw5ht3ko1G4rft4zwAZHxJJk: SolanaRpcException - 
2025-08-21 14:47:45,499 [INFO] HTTP Request: POST https://api.mainnet-beta.solana.com "HTTP/1.1 429 Too Many Requests"
2025-08-21 14:47:45,500 [ERROR] Attempt 2 failed for wallet AQXPaNNWWGScNgdnjRvrEw5ht3ko1G4rft4zwAZHxJJk: SolanaRpcException - 
2025-08-21 14:47:48,579 [INFO] HTTP Request: POST https://api.mainnet-beta.solana.com "HTTP/1.1 429 Too Many Requests"
2025-08-21 14:47:48,580 [ERROR] Attempt 3 failed for wallet AQXPaNNWWGScNgdnjRvrEw5ht3ko1G4rft4zwAZHxJJk: SolanaRpcException - 
2025-08-21 14:48:01,642 [INFO] HTTP Request: POST https://api.mainnet-beta.solana.com "HTTP/1.1 200 OK"
2025-08-21 14:48:02,631 [INFO] HTTP Request: POST https://api.mainnet-beta.solana.com "HTTP/1.1 200 OK"
2025-08-21 14:48:13,614 [INFO] HTTP Request: POST https://api.mainnet-beta.solana.com "HTTP/1.1 200 OK"
2025-08-21 14:48:14,589 [INFO] HTTP Request: POST https://api.mainnet-beta.solana.com "HTTP/1.1 429 Too Many Requests"
2025-08-21 14:48:14,590 [ERROR] Attempt 1 failed for wallet AQXPaNNWWGScNgdnjRvrEw5ht3ko1G4rft4zwAZHxJJk: SolanaRpcException - 
2025-08-21 14:48:17,569 [INFO] HTTP Request: POST https://api.mainnet-beta.solana.com "HTTP/1.1 429 Too Many Requests"
2025-08-21 14:48:17,570 [ERROR] Attempt 2 failed for wallet AQXPaNNWWGScNgdnjRvrEw5ht3ko1G4rft4zwAZHxJJk: SolanaRpcException - 
2025-08-21 14:48:20,570 [INFO] HTTP Request: POST https://api.mainnet-beta.solana.com "HTTP/1.1 429 Too Many Requests"
2025-08-21 14:48:20,571 [ERROR] Attempt 3 failed for wallet AQXPaNNWWGScNgdnjRvrEw5ht3ko1G4rft4zwAZHxJJk: SolanaRpcException - 
2025-08-21 14:48:33,959 [INFO] HTTP Request: POST https://api.mainnet-beta.solana.com "HTTP/1.1 200 OK"
2025-08-21 14:48:34,936 [INFO] HTTP Request: POST https://api.mainnet-beta.solana.com "HTTP/1.1 200 OK"
2025-08-21 14:48:45,939 [INFO] HTTP Request: POST https://api.mainnet-beta.solana.com "HTTP/1.1 200 OK"
2025-08-21 14:48:46,904 [INFO] HTTP Request: POST https://api.mainnet-beta.solana.com "HTTP/1.1 429 Too Many Requests"
2025-08-21 14:48:46,905 [ERROR] Attempt 1 failed for wallet AQXPaNNWWGScNgdnjRvrEw5ht3ko1G4rft4zwAZHxJJk: SolanaRpcException - 
2025-08-21 14:48:49,891 [INFO] HTTP Request: POST https://api.mainnet-beta.solana.com "HTTP/1.1 429 Too Many Requests"
2025-08-21 14:48:49,892 [ERROR] Attempt 2 failed for wallet AQXPaNNWWGScNgdnjRvrEw5ht3ko1G4rft4zwAZHxJJk: SolanaRpcException - 
2025-08-21 14:48:52,863 [INFO] HTTP Request: POST https://api.mainnet-beta.solana.com "HTTP/1.1 429 Too Many Requests"
2025-08-21 14:48:52,865 [ERROR] Attempt 3 failed for wallet AQXPaNNWWGScNgdnjRvrEw5ht3ko1G4rft4zwAZHxJJk: SolanaRpcException - 
2025-08-21 14:49:05,925 [INFO] HTTP Request: POST https://api.mainnet-beta.solana.com "HTTP/1.1 200 OK"
2025-08-21 14:49:06,912 [INFO] HTTP Request: POST https://api.mainnet-beta.solana.com "HTTP/1.1 200 OK"
2025-08-21 14:49:17,917 [INFO] HTTP Request: POST https://api.mainnet-beta.solana.com "HTTP/1.1 200 OK"
2025-08-21 14:49:18,948 [INFO] HTTP Request: POST https://api.mainnet-beta.solana.com "HTTP/1.1 429 Too Many Requests"
2025-08-21 14:49:18,949 [ERROR] Attempt 1 failed for wallet AQXPaNNWWGScNgdnjRvrEw5ht3ko1G4rft4zwAZHxJJk: SolanaRpcException - 
2025-08-21 14:49:21,912 [INFO] HTTP Request: POST https://api.mainnet-beta.solana.com "HTTP/1.1 429 Too Many Requests"
2025-08-21 14:49:21,927 [ERROR] Attempt 2 failed for wallet AQXPaNNWWGScNgdnjRvrEw5ht3ko1G4rft4zwAZHxJJk: SolanaRpcException - 
2025-08-21 14:49:24,926 [INFO] HTTP Request: POST https://api.mainnet-beta.solana.com "HTTP/1.1 429 Too Many Requests"
2025-08-21 14:49:24,927 [ERROR] Attempt 3 failed for wallet AQXPaNNWWGScNgdnjRvrEw5ht3ko1G4rft4zwAZHxJJk: SolanaRpcException - 
2025-08-21 14:49:37,970 [INFO] HTTP Request: POST https://api.mainnet-beta.solana.com "HTTP/1.1 200 OK"
2025-08-21 14:49:38,963 [INFO] HTTP Request: POST https://api.mainnet-beta.solana.com "HTTP/1.1 200 OK"
2025-08-21 14:49:49,945 [INFO] HTTP Request: POST https://api.mainnet-beta.solana.com "HTTP/1.1 200 OK"
2025-08-21 14:49:50,968 [INFO] HTTP Request: POST https://api.mainnet-beta.solana.com "HTTP/1.1 429 Too Many Requests"
2025-08-21 14:49:50,969 [ERROR] Attempt 1 failed for wallet AQXPaNNWWGScNgdnjRvrEw5ht3ko1G4rft4zwAZHxJJk: SolanaRpcException - 
2025-08-21 14:49:53,946 [INFO] HTTP Request: POST https://api.mainnet-beta.solana.com "HTTP/1.1 429 Too Many Requests"
2025-08-21 14:49:53,947 [ERROR] Attempt 2 failed for wallet AQXPaNNWWGScNgdnjRvrEw5ht3ko1G4rft4zwAZHxJJk: SolanaRpcException - 
2025-08-21 14:49:56,935 [INFO] HTTP Request: POST https://api.mainnet-beta.solana.com "HTTP/1.1 429 Too Many Requests"
2025-08-21 14:49:56,937 [ERROR] Attempt 3 failed for wallet AQXPaNNWWGScNgdnjRvrEw5ht3ko1G4rft4zwAZHxJJk: SolanaRpcException - 
2025-08-21 14:50:10,058 [INFO] HTTP Request: POST https://api.mainnet-beta.solana.com "HTTP/1.1 200 OK"
2025-08-21 14:50:11,057 [INFO] HTTP Request: POST https://api.mainnet-beta.solana.com "HTTP/1.1 200 OK"
2025-08-21 14:50:22,051 [INFO] HTTP Request: POST https://api.mainnet-beta.solana.com "HTTP/1.1 200 OK"
2025-08-21 14:50:23,029 [INFO] HTTP Request: POST https://api.mainnet-beta.solana.com "HTTP/1.1 429 Too Many Requests"
2025-08-21 14:50:23,030 [ERROR] Attempt 1 failed for wallet AQXPaNNWWGScNgdnjRvrEw5ht3ko1G4rft4zwAZHxJJk: SolanaRpcException - 
2025-08-21 14:50:26,032 [INFO] HTTP Request: POST https://api.mainnet-beta.solana.com "HTTP/1.1 429 Too Many Requests"
2025-08-21 14:50:26,033 [ERROR] Attempt 2 failed for wallet AQXPaNNWWGScNgdnjRvrEw5ht3ko1G4rft4zwAZHxJJk: SolanaRpcException - 
2025-08-21 14:50:29,003 [INFO] HTTP Request: POST https://api.mainnet-beta.solana.com "HTTP/1.1 429 Too Many Requests"
2025-08-21 14:50:29,004 [ERROR] Attempt 3 failed for wallet AQXPaNNWWGScNgdnjRvrEw5ht3ko1G4rft4zwAZHxJJk: SolanaRpcException - 
2025-08-21 14:50:42,114 [INFO] HTTP Request: POST https://api.mainnet-beta.solana.com "HTTP/1.1 200 OK"
2025-08-21 14:50:43,095 [INFO] HTTP Request: POST https://api.mainnet-beta.solana.com "HTTP/1.1 200 OK"
2025-08-21 14:50:54,086 [INFO] HTTP Request: POST https://api.mainnet-beta.solana.com "HTTP/1.1 200 OK"
2025-08-21 14:50:55,065 [INFO] HTTP Request: POST https://api.mainnet-beta.solana.com "HTTP/1.1 429 Too Many Requests"
2025-08-21 14:50:55,066 [ERROR] Attempt 1 failed for wallet AQXPaNNWWGScNgdnjRvrEw5ht3ko1G4rft4zwAZHxJJk: SolanaRpcException - 
2025-08-21 14:50:58,062 [INFO] HTTP Request: POST https://api.mainnet-beta.solana.com "HTTP/1.1 429 Too Many Requests"
2025-08-21 14:50:58,064 [ERROR] Attempt 2 failed for wallet AQXPaNNWWGScNgdnjRvrEw5ht3ko1G4rft4zwAZHxJJk: SolanaRpcException - 
2025-08-21 14:51:01,056 [INFO] HTTP Request: POST https://api.mainnet-beta.solana.com "HTTP/1.1 429 Too Many Requests"
2025-08-21 14:51:01,058 [ERROR] Attempt 3 failed for wallet AQXPaNNWWGScNgdnjRvrEw5ht3ko1G4rft4zwAZHxJJk: SolanaRpcException - 
2025-08-21 14:51:14,144 [INFO] HTTP Request: POST https://api.mainnet-beta.solana.com "HTTP/1.1 200 OK"
2025-08-21 14:51:15,126 [INFO] HTTP Request: POST https://api.mainnet-beta.solana.com "HTTP/1.1 200 OK"
2025-08-21 14:51:26,114 [INFO] HTTP Request: POST https://api.mainnet-beta.solana.com "HTTP/1.1 200 OK"
2025-08-21 14:51:27,085 [INFO] HTTP Request: POST https://api.mainnet-beta.solana.com "HTTP/1.1 429 Too Many Requests"
2025-08-21 14:51:27,086 [ERROR] Attempt 1 failed for wallet AQXPaNNWWGScNgdnjRvrEw5ht3ko1G4rft4zwAZHxJJk: SolanaRpcException - 
2025-08-21 14:51:30,057 [INFO] HTTP Request: POST https://api.mainnet-beta.solana.com "HTTP/1.1 429 Too Many Requests"
2025-08-21 14:51:30,058 [ERROR] Attempt 2 failed for wallet AQXPaNNWWGScNgdnjRvrEw5ht3ko1G4rft4zwAZHxJJk: SolanaRpcException - 
2025-08-21 14:51:33,030 [INFO] HTTP Request: POST https://api.mainnet-beta.solana.com "HTTP/1.1 429 Too Many Requests"
2025-08-21 14:51:33,031 [ERROR] Attempt 3 failed for wallet AQXPaNNWWGScNgdnjRvrEw5ht3ko1G4rft4zwAZHxJJk: SolanaRpcException - 
2025-08-21 14:51:46,086 [INFO] HTTP Request: POST https://api.mainnet-beta.solana.com "HTTP/1.1 200 OK"
2025-08-21 14:51:47,074 [INFO] HTTP Request: POST https://api.mainnet-beta.solana.com "HTTP/1.1 200 OK"
2025-08-21 14:51:58,040 [INFO] HTTP Request: POST https://api.mainnet-beta.solana.com "HTTP/1.1 200 OK"
2025-08-21 14:51:59,034 [INFO] HTTP Request: POST https://api.mainnet-beta.solana.com "HTTP/1.1 429 Too Many Requests"
2025-08-21 14:51:59,035 [ERROR] Attempt 1 failed for wallet AQXPaNNWWGScNgdnjRvrEw5ht3ko1G4rft4zwAZHxJJk: SolanaRpcException - 
2025-08-21 14:52:02,093 [INFO] HTTP Request: POST https://api.mainnet-beta.solana.com "HTTP/1.1 429 Too Many Requests"
2025-08-21 14:52:02,095 [ERROR] Attempt 2 failed for wallet AQXPaNNWWGScNgdnjRvrEw5ht3ko1G4rft4zwAZHxJJk: SolanaRpcException - 
2025-08-21 14:52:05,135 [INFO] HTTP Request: POST https://api.mainnet-beta.solana.com "HTTP/1.1 429 Too Many Requests"
2025-08-21 14:52:05,136 [ERROR] Attempt 3 failed for wallet AQXPaNNWWGScNgdnjRvrEw5ht3ko1G4rft4zwAZHxJJk: SolanaRpcException - 
2025-08-21 14:52:18,184 [INFO] HTTP Request: POST https://api.mainnet-beta.solana.com "HTTP/1.1 200 OK"
2025-08-21 14:52:19,186 [INFO] HTTP Request: POST https://api.mainnet-beta.solana.com "HTTP/1.1 200 OK"
2025-08-21 14:52:30,185 [INFO] HTTP Request: POST https://api.mainnet-beta.solana.com "HTTP/1.1 200 OK"
2025-08-21 14:52:31,157 [INFO] HTTP Request: POST https://api.mainnet-beta.solana.com "HTTP/1.1 429 Too Many Requests"
2025-08-21 14:52:31,159 [ERROR] Attempt 1 failed for wallet AQXPaNNWWGScNgdnjRvrEw5ht3ko1G4rft4zwAZHxJJk: SolanaRpcException - 
2025-08-21 14:52:34,136 [INFO] HTTP Request: POST https://api.mainnet-beta.solana.com "HTTP/1.1 429 Too Many Requests"
2025-08-21 14:52:34,137 [ERROR] Attempt 2 failed for wallet AQXPaNNWWGScNgdnjRvrEw5ht3ko1G4rft4zwAZHxJJk: SolanaRpcException - 
2025-08-21 14:52:37,127 [INFO] HTTP Request: POST https://api.mainnet-beta.solana.com "HTTP/1.1 429 Too Many Requests"
2025-08-21 14:52:37,129 [ERROR] Attempt 3 failed for wallet AQXPaNNWWGScNgdnjRvrEw5ht3ko1G4rft4zwAZHxJJk: SolanaRpcException - 
2025-08-21 14:52:50,265 [INFO] HTTP Request: POST https://api.mainnet-beta.solana.com "HTTP/1.1 200 OK"
2025-08-21 14:52:51,303 [INFO] HTTP Request: POST https://api.mainnet-beta.solana.com "HTTP/1.1 200 OK"
2025-08-21 14:53:02,317 [INFO] HTTP Request: POST https://api.mainnet-beta.solana.com "HTTP/1.1 200 OK"
2025-08-21 14:53:03,303 [INFO] HTTP Request: POST https://api.mainnet-beta.solana.com "HTTP/1.1 429 Too Many Requests"
2025-08-21 14:53:03,304 [ERROR] Attempt 1 failed for wallet AQXPaNNWWGScNgdnjRvrEw5ht3ko1G4rft4zwAZHxJJk: SolanaRpcException - 
2025-08-21 14:53:06,274 [INFO] HTTP Request: POST https://api.mainnet-beta.solana.com "HTTP/1.1 429 Too Many Requests"
2025-08-21 14:53:06,275 [ERROR] Attempt 2 failed for wallet AQXPaNNWWGScNgdnjRvrEw5ht3ko1G4rft4zwAZHxJJk: SolanaRpcException - 
2025-08-21 14:53:09,236 [INFO] HTTP Request: POST https://api.mainnet-beta.solana.com "HTTP/1.1 429 Too Many Requests"
2025-08-21 14:53:09,237 [ERROR] Attempt 3 failed for wallet AQXPaNNWWGScNgdnjRvrEw5ht3ko1G4rft4zwAZHxJJk: SolanaRpcException - 
2025-08-21 14:53:22,432 [INFO] HTTP Request: POST https://api.mainnet-beta.solana.com "HTTP/1.1 200 OK"
2025-08-21 14:53:23,444 [INFO] HTTP Request: POST https://api.mainnet-beta.solana.com "HTTP/1.1 200 OK"
2025-08-21 14:53:34,406 [INFO] HTTP Request: POST https://api.mainnet-beta.solana.com "HTTP/1.1 200 OK"
2025-08-21 14:53:35,403 [INFO] HTTP Request: POST https://api.mainnet-beta.solana.com "HTTP/1.1 429 Too Many Requests"
2025-08-21 14:53:35,404 [ERROR] Attempt 1 failed for wallet AQXPaNNWWGScNgdnjRvrEw5ht3ko1G4rft4zwAZHxJJk: SolanaRpcException - 
2025-08-21 14:53:38,396 [INFO] HTTP Request: POST https://api.mainnet-beta.solana.com "HTTP/1.1 429 Too Many Requests"
2025-08-21 14:53:38,397 [ERROR] Attempt 2 failed for wallet AQXPaNNWWGScNgdnjRvrEw5ht3ko1G4rft4zwAZHxJJk: SolanaRpcException - 
2025-08-21 14:53:41,375 [INFO] HTTP Request: POST https://api.mainnet-beta.solana.com "HTTP/1.1 429 Too Many Requests"
2025-08-21 14:53:41,376 [ERROR] Attempt 3 failed for wallet AQXPaNNWWGScNgdnjRvrEw5ht3ko1G4rft4zwAZHxJJk: SolanaRpcException - 
2025-08-21 14:53:54,432 [INFO] HTTP Request: POST https://api.mainnet-beta.solana.com "HTTP/1.1 200 OK"
2025-08-21 14:53:55,395 [INFO] HTTP Request: POST https://api.mainnet-beta.solana.com "HTTP/1.1 200 OK"
2025-08-21 14:54:06,389 [INFO] HTTP Request: POST https://api.mainnet-beta.solana.com "HTTP/1.1 200 OK"
2025-08-21 14:54:07,371 [INFO] HTTP Request: POST https://api.mainnet-beta.solana.com "HTTP/1.1 429 Too Many Requests"
2025-08-21 14:54:07,372 [ERROR] Attempt 1 failed for wallet AQXPaNNWWGScNgdnjRvrEw5ht3ko1G4rft4zwAZHxJJk: SolanaRpcException - 
2025-08-21 14:54:10,350 [INFO] HTTP Request: POST https://api.mainnet-beta.solana.com "HTTP/1.1 429 Too Many Requests"
2025-08-21 14:54:10,351 [ERROR] Attempt 2 failed for wallet AQXPaNNWWGScNgdnjRvrEw5ht3ko1G4rft4zwAZHxJJk: SolanaRpcException - 
2025-08-21 14:54:13,320 [INFO] HTTP Request: POST https://api.mainnet-beta.solana.com "HTTP/1.1 429 Too Many Requests"
2025-08-21 14:54:13,321 [ERROR] Attempt 3 failed for wallet AQXPaNNWWGScNgdnjRvrEw5ht3ko1G4rft4zwAZHxJJk: SolanaRpcException - 
2025-08-21 14:54:26,405 [INFO] HTTP Request: POST https://api.mainnet-beta.solana.com "HTTP/1.1 200 OK"
2025-08-21 14:54:27,420 [INFO] HTTP Request: POST https://api.mainnet-beta.solana.com "HTTP/1.1 200 OK"
2025-08-21 14:54:38,425 [INFO] HTTP Request: POST https://api.mainnet-beta.solana.com "HTTP/1.1 200 OK"
2025-08-21 14:54:39,419 [INFO] HTTP Request: POST https://api.mainnet-beta.solana.com "HTTP/1.1 429 Too Many Requests"
2025-08-21 14:54:39,420 [ERROR] Attempt 1 failed for wallet AQXPaNNWWGScNgdnjRvrEw5ht3ko1G4rft4zwAZHxJJk: SolanaRpcException - 
2025-08-21 14:54:42,411 [INFO] HTTP Request: POST https://api.mainnet-beta.solana.com "HTTP/1.1 429 Too Many Requests"
2025-08-21 14:54:42,413 [ERROR] Attempt 2 failed for wallet AQXPaNNWWGScNgdnjRvrEw5ht3ko1G4rft4zwAZHxJJk: SolanaRpcException - 
2025-08-21 14:54:45,412 [INFO] HTTP Request: POST https://api.mainnet-beta.solana.com "HTTP/1.1 429 Too Many Requests"
2025-08-21 14:54:45,413 [ERROR] Attempt 3 failed for wallet AQXPaNNWWGScNgdnjRvrEw5ht3ko1G4rft4zwAZHxJJk: SolanaRpcException - 
2025-08-21 14:54:58,526 [INFO] HTTP Request: POST https://api.mainnet-beta.solana.com "HTTP/1.1 200 OK"
2025-08-21 14:54:59,536 [INFO] HTTP Request: POST https://api.mainnet-beta.solana.com "HTTP/1.1 200 OK"
2025-08-21 14:55:10,576 [INFO] HTTP Request: POST https://api.mainnet-beta.solana.com "HTTP/1.1 200 OK"
2025-08-21 14:55:11,581 [INFO] HTTP Request: POST https://api.mainnet-beta.solana.com "HTTP/1.1 429 Too Many Requests"
2025-08-21 14:55:11,583 [ERROR] Attempt 1 failed for wallet AQXPaNNWWGScNgdnjRvrEw5ht3ko1G4rft4zwAZHxJJk: SolanaRpcException - 
2025-08-21 14:55:14,593 [INFO] HTTP Request: POST https://api.mainnet-beta.solana.com "HTTP/1.1 429 Too Many Requests"
2025-08-21 14:55:14,594 [ERROR] Attempt 2 failed for wallet AQXPaNNWWGScNgdnjRvrEw5ht3ko1G4rft4zwAZHxJJk: SolanaRpcException - 
2025-08-21 14:55:17,566 [INFO] HTTP Request: POST https://api.mainnet-beta.solana.com "HTTP/1.1 429 Too Many Requests"
2025-08-21 14:55:17,567 [ERROR] Attempt 3 failed for wallet AQXPaNNWWGScNgdnjRvrEw5ht3ko1G4rft4zwAZHxJJk: SolanaRpcException - 
2025-08-21 14:55:30,665 [INFO] HTTP Request: POST https://api.mainnet-beta.solana.com "HTTP/1.1 200 OK"
2025-08-21 14:55:31,643 [INFO] HTTP Request: POST https://api.mainnet-beta.solana.com "HTTP/1.1 200 OK"
2025-08-21 14:55:42,660 [INFO] HTTP Request: POST https://api.mainnet-beta.solana.com "HTTP/1.1 200 OK"
2025-08-21 14:55:43,650 [INFO] HTTP Request: POST https://api.mainnet-beta.solana.com "HTTP/1.1 429 Too Many Requests"
2025-08-21 14:55:43,651 [ERROR] Attempt 1 failed for wallet AQXPaNNWWGScNgdnjRvrEw5ht3ko1G4rft4zwAZHxJJk: SolanaRpcException - 
2025-08-21 14:55:46,635 [INFO] HTTP Request: POST https://api.mainnet-beta.solana.com "HTTP/1.1 429 Too Many Requests"
2025-08-21 14:55:46,636 [ERROR] Attempt 2 failed for wallet AQXPaNNWWGScNgdnjRvrEw5ht3ko1G4rft4zwAZHxJJk: SolanaRpcException - 
2025-08-21 14:55:49,611 [INFO] HTTP Request: POST https://api.mainnet-beta.solana.com "HTTP/1.1 429 Too Many Requests"
2025-08-21 14:55:49,612 [ERROR] Attempt 3 failed for wallet AQXPaNNWWGScNgdnjRvrEw5ht3ko1G4rft4zwAZHxJJk: SolanaRpcException - 
2025-08-21 14:56:02,718 [INFO] HTTP Request: POST https://api.mainnet-beta.solana.com "HTTP/1.1 200 OK"
2025-08-21 14:56:03,706 [INFO] HTTP Request: POST https://api.mainnet-beta.solana.com "HTTP/1.1 200 OK"
2025-08-21 14:56:14,656 [INFO] HTTP Request: POST https://api.mainnet-beta.solana.com "HTTP/1.1 200 OK"
2025-08-21 14:56:15,614 [INFO] HTTP Request: POST https://api.mainnet-beta.solana.com "HTTP/1.1 429 Too Many Requests"
2025-08-21 14:56:15,615 [ERROR] Attempt 1 failed for wallet AQXPaNNWWGScNgdnjRvrEw5ht3ko1G4rft4zwAZHxJJk: SolanaRpcException - 
2025-08-21 14:56:18,617 [INFO] HTTP Request: POST https://api.mainnet-beta.solana.com "HTTP/1.1 429 Too Many Requests"
2025-08-21 14:56:18,618 [ERROR] Attempt 2 failed for wallet AQXPaNNWWGScNgdnjRvrEw5ht3ko1G4rft4zwAZHxJJk: SolanaRpcException - 
2025-08-21 14:56:21,607 [INFO] HTTP Request: POST https://api.mainnet-beta.solana.com "HTTP/1.1 429 Too Many Requests"
2025-08-21 14:56:21,608 [ERROR] Attempt 3 failed for wallet AQXPaNNWWGScNgdnjRvrEw5ht3ko1G4rft4zwAZHxJJk: SolanaRpcException - 
2025-08-21 14:56:34,692 [INFO] HTTP Request: POST https://api.mainnet-beta.solana.com "HTTP/1.1 200 OK"
2025-08-21 14:56:35,677 [INFO] HTTP Request: POST https://api.mainnet-beta.solana.com "HTTP/1.1 200 OK"
2025-08-21 14:56:46,662 [INFO] HTTP Request: POST https://api.mainnet-beta.solana.com "HTTP/1.1 200 OK"
2025-08-21 14:56:47,664 [INFO] HTTP Request: POST https://api.mainnet-beta.solana.com "HTTP/1.1 429 Too Many Requests"
2025-08-21 14:56:47,665 [ERROR] Attempt 1 failed for wallet AQXPaNNWWGScNgdnjRvrEw5ht3ko1G4rft4zwAZHxJJk: SolanaRpcException - 
2025-08-21 14:56:50,667 [INFO] HTTP Request: POST https://api.mainnet-beta.solana.com "HTTP/1.1 429 Too Many Requests"
2025-08-21 14:56:50,668 [ERROR] Attempt 2 failed for wallet AQXPaNNWWGScNgdnjRvrEw5ht3ko1G4rft4zwAZHxJJk: SolanaRpcException - 
2025-08-21 14:56:53,649 [INFO] HTTP Request: POST https://api.mainnet-beta.solana.com "HTTP/1.1 429 Too Many Requests"
2025-08-21 14:56:53,650 [ERROR] Attempt 3 failed for wallet AQXPaNNWWGScNgdnjRvrEw5ht3ko1G4rft4zwAZHxJJk: SolanaRpcException - 
2025-08-21 14:57:07,201 [INFO] HTTP Request: POST https://api.mainnet-beta.solana.com "HTTP/1.1 200 OK"
2025-08-21 14:57:08,315 [INFO] HTTP Request: POST https://api.mainnet-beta.solana.com "HTTP/1.1 200 OK"
2025-08-21 14:57:19,375 [INFO] HTTP Request: POST https://api.mainnet-beta.solana.com "HTTP/1.1 200 OK"
2025-08-21 14:57:20,425 [INFO] HTTP Request: POST https://api.mainnet-beta.solana.com "HTTP/1.1 429 Too Many Requests"
2025-08-21 14:57:20,426 [ERROR] Attempt 1 failed for wallet AQXPaNNWWGScNgdnjRvrEw5ht3ko1G4rft4zwAZHxJJk: SolanaRpcException - 
2025-08-21 14:57:23,502 [INFO] HTTP Request: POST https://api.mainnet-beta.solana.com "HTTP/1.1 429 Too Many Requests"
2025-08-21 14:57:23,502 [ERROR] Attempt 2 failed for wallet AQXPaNNWWGScNgdnjRvrEw5ht3ko1G4rft4zwAZHxJJk: SolanaRpcException - 
2025-08-21 14:57:26,555 [INFO] HTTP Request: POST https://api.mainnet-beta.solana.com "HTTP/1.1 429 Too Many Requests"
2025-08-21 14:57:26,555 [ERROR] Attempt 3 failed for wallet AQXPaNNWWGScNgdnjRvrEw5ht3ko1G4rft4zwAZHxJJk: SolanaRpcException - 
2025-08-21 14:57:39,702 [INFO] HTTP Request: POST https://api.mainnet-beta.solana.com "HTTP/1.1 200 OK"
2025-08-21 14:57:40,714 [INFO] HTTP Request: POST https://api.mainnet-beta.solana.com "HTTP/1.1 200 OK"
2025-08-21 14:57:51,711 [INFO] HTTP Request: POST https://api.mainnet-beta.solana.com "HTTP/1.1 200 OK"
2025-08-21 14:57:52,710 [INFO] HTTP Request: POST https://api.mainnet-beta.solana.com "HTTP/1.1 429 Too Many Requests"
2025-08-21 14:57:52,712 [ERROR] Attempt 1 failed for wallet AQXPaNNWWGScNgdnjRvrEw5ht3ko1G4rft4zwAZHxJJk: SolanaRpcException - 
2025-08-21 14:57:55,843 [INFO] HTTP Request: POST https://api.mainnet-beta.solana.com "HTTP/1.1 429 Too Many Requests"
2025-08-21 14:57:55,844 [ERROR] Attempt 2 failed for wallet AQXPaNNWWGScNgdnjRvrEw5ht3ko1G4rft4zwAZHxJJk: SolanaRpcException - 
2025-08-21 14:57:58,932 [INFO] HTTP Request: POST https://api.mainnet-beta.solana.com "HTTP/1.1 429 Too Many Requests"
2025-08-21 14:57:58,934 [ERROR] Attempt 3 failed for wallet AQXPaNNWWGScNgdnjRvrEw5ht3ko1G4rft4zwAZHxJJk: SolanaRpcException - 
2025-08-21 14:58:12,274 [INFO] HTTP Request: POST https://api.mainnet-beta.solana.com "HTTP/1.1 200 OK"
2025-08-21 14:58:13,523 [INFO] HTTP Request: POST https://api.mainnet-beta.solana.com "HTTP/1.1 200 OK"
2025-08-21 14:58:24,569 [INFO] HTTP Request: POST https://api.mainnet-beta.solana.com "HTTP/1.1 200 OK"
2025-08-21 14:58:25,650 [INFO] HTTP Request: POST https://api.mainnet-beta.solana.com "HTTP/1.1 429 Too Many Requests"
2025-08-21 14:58:25,651 [ERROR] Attempt 1 failed for wallet AQXPaNNWWGScNgdnjRvrEw5ht3ko1G4rft4zwAZHxJJk: SolanaRpcException - 
2025-08-21 14:58:28,965 [INFO] HTTP Request: POST https://api.mainnet-beta.solana.com "HTTP/1.1 429 Too Many Requests"
2025-08-21 14:58:28,967 [ERROR] Attempt 2 failed for wallet AQXPaNNWWGScNgdnjRvrEw5ht3ko1G4rft4zwAZHxJJk: SolanaRpcException - 
2025-08-21 14:58:32,050 [INFO] HTTP Request: POST https://api.mainnet-beta.solana.com "HTTP/1.1 429 Too Many Requests"
2025-08-21 14:58:32,055 [ERROR] Attempt 3 failed for wallet AQXPaNNWWGScNgdnjRvrEw5ht3ko1G4rft4zwAZHxJJk: SolanaRpcException - 
2025-08-21 14:58:45,174 [INFO] HTTP Request: POST https://api.mainnet-beta.solana.com "HTTP/1.1 200 OK"
2025-08-21 14:58:46,209 [INFO] HTTP Request: POST https://api.mainnet-beta.solana.com "HTTP/1.1 200 OK"
2025-08-21 14:58:57,194 [INFO] HTTP Request: POST https://api.mainnet-beta.solana.com "HTTP/1.1 200 OK"
2025-08-21 14:58:58,171 [INFO] HTTP Request: POST https://api.mainnet-beta.solana.com "HTTP/1.1 429 Too Many Requests"
2025-08-21 14:58:58,172 [ERROR] Attempt 1 failed for wallet AQXPaNNWWGScNgdnjRvrEw5ht3ko1G4rft4zwAZHxJJk: SolanaRpcException - 
2025-08-21 14:59:01,180 [INFO] HTTP Request: POST https://api.mainnet-beta.solana.com "HTTP/1.1 429 Too Many Requests"
2025-08-21 14:59:01,181 [ERROR] Attempt 2 failed for wallet AQXPaNNWWGScNgdnjRvrEw5ht3ko1G4rft4zwAZHxJJk: SolanaRpcException - 
2025-08-21 14:59:04,195 [INFO] HTTP Request: POST https://api.mainnet-beta.solana.com "HTTP/1.1 429 Too Many Requests"
2025-08-21 14:59:04,196 [ERROR] Attempt 3 failed for wallet AQXPaNNWWGScNgdnjRvrEw5ht3ko1G4rft4zwAZHxJJk: SolanaRpcException - 
2025-08-21 14:59:17,289 [INFO] HTTP Request: POST https://api.mainnet-beta.solana.com "HTTP/1.1 200 OK"
2025-08-21 14:59:18,298 [INFO] HTTP Request: POST https://api.mainnet-beta.solana.com "HTTP/1.1 200 OK"
2025-08-21 14:59:29,323 [INFO] HTTP Request: POST https://api.mainnet-beta.solana.com "HTTP/1.1 200 OK"
2025-08-21 14:59:30,320 [INFO] HTTP Request: POST https://api.mainnet-beta.solana.com "HTTP/1.1 429 Too Many Requests"
2025-08-21 14:59:30,322 [ERROR] Attempt 1 failed for wallet AQXPaNNWWGScNgdnjRvrEw5ht3ko1G4rft4zwAZHxJJk: SolanaRpcException - 
2025-08-21 14:59:33,320 [INFO] HTTP Request: POST https://api.mainnet-beta.solana.com "HTTP/1.1 429 Too Many Requests"
2025-08-21 14:59:33,321 [ERROR] Attempt 2 failed for wallet AQXPaNNWWGScNgdnjRvrEw5ht3ko1G4rft4zwAZHxJJk: SolanaRpcException - 
2025-08-21 14:59:36,389 [INFO] HTTP Request: POST https://api.mainnet-beta.solana.com "HTTP/1.1 429 Too Many Requests"
2025-08-21 14:59:36,390 [ERROR] Attempt 3 failed for wallet AQXPaNNWWGScNgdnjRvrEw5ht3ko1G4rft4zwAZHxJJk: SolanaRpcException - 
2025-08-21 14:59:49,541 [INFO] HTTP Request: POST https://api.mainnet-beta.solana.com "HTTP/1.1 200 OK"
2025-08-21 14:59:50,703 [INFO] HTTP Request: POST https://api.mainnet-beta.solana.com "HTTP/1.1 200 OK"
2025-08-21 15:00:01,747 [INFO] HTTP Request: POST https://api.mainnet-beta.solana.com "HTTP/1.1 200 OK"
2025-08-21 15:00:02,826 [INFO] HTTP Request: POST https://api.mainnet-beta.solana.com "HTTP/1.1 429 Too Many Requests"
2025-08-21 15:00:02,827 [ERROR] Attempt 1 failed for wallet AQXPaNNWWGScNgdnjRvrEw5ht3ko1G4rft4zwAZHxJJk: SolanaRpcException - 
2025-08-21 15:00:06,025 [INFO] HTTP Request: POST https://api.mainnet-beta.solana.com "HTTP/1.1 429 Too Many Requests"
2025-08-21 15:00:06,027 [ERROR] Attempt 2 failed for wallet AQXPaNNWWGScNgdnjRvrEw5ht3ko1G4rft4zwAZHxJJk: SolanaRpcException - 
2025-08-21 15:00:09,097 [INFO] HTTP Request: POST https://api.mainnet-beta.solana.com "HTTP/1.1 429 Too Many Requests"
2025-08-21 15:00:09,098 [ERROR] Attempt 3 failed for wallet AQXPaNNWWGScNgdnjRvrEw5ht3ko1G4rft4zwAZHxJJk: SolanaRpcException - 
2025-08-21 15:00:22,475 [INFO] HTTP Request: POST https://api.mainnet-beta.solana.com "HTTP/1.1 200 OK"
2025-08-21 15:00:23,622 [INFO] HTTP Request: POST https://api.mainnet-beta.solana.com "HTTP/1.1 200 OK"
2025-08-21 15:00:34,602 [INFO] HTTP Request: POST https://api.mainnet-beta.solana.com "HTTP/1.1 200 OK"
2025-08-21 15:00:35,607 [INFO] HTTP Request: POST https://api.mainnet-beta.solana.com "HTTP/1.1 429 Too Many Requests"
2025-08-21 15:00:35,608 [ERROR] Attempt 1 failed for wallet AQXPaNNWWGScNgdnjRvrEw5ht3ko1G4rft4zwAZHxJJk: SolanaRpcException - 
2025-08-21 15:00:38,656 [INFO] HTTP Request: POST https://api.mainnet-beta.solana.com "HTTP/1.1 429 Too Many Requests"
2025-08-21 15:00:38,657 [ERROR] Attempt 2 failed for wallet AQXPaNNWWGScNgdnjRvrEw5ht3ko1G4rft4zwAZHxJJk: SolanaRpcException - 
2025-08-21 15:00:41,696 [INFO] HTTP Request: POST https://api.mainnet-beta.solana.com "HTTP/1.1 429 Too Many Requests"
2025-08-21 15:00:41,697 [ERROR] Attempt 3 failed for wallet AQXPaNNWWGScNgdnjRvrEw5ht3ko1G4rft4zwAZHxJJk: SolanaRpcException - 
2025-08-21 15:00:54,788 [INFO] HTTP Request: POST https://api.mainnet-beta.solana.com "HTTP/1.1 200 OK"
2025-08-21 15:00:57,150 [INFO] HTTP Request: POST https://api.mainnet-beta.solana.com "HTTP/1.1 200 OK"
2025-08-21 15:01:08,139 [INFO] HTTP Request: POST https://api.mainnet-beta.solana.com "HTTP/1.1 200 OK"
2025-08-21 15:01:09,157 [INFO] HTTP Request: POST https://api.mainnet-beta.solana.com "HTTP/1.1 429 Too Many Requests"
2025-08-21 15:01:09,159 [ERROR] Attempt 1 failed for wallet AQXPaNNWWGScNgdnjRvrEw5ht3ko1G4rft4zwAZHxJJk: SolanaRpcException - 
2025-08-21 15:01:12,457 [INFO] HTTP Request: POST https://api.mainnet-beta.solana.com "HTTP/1.1 429 Too Many Requests"
2025-08-21 15:01:12,457 [ERROR] Attempt 2 failed for wallet AQXPaNNWWGScNgdnjRvrEw5ht3ko1G4rft4zwAZHxJJk: SolanaRpcException - 
2025-08-21 15:01:15,469 [INFO] HTTP Request: POST https://api.mainnet-beta.solana.com "HTTP/1.1 429 Too Many Requests"
2025-08-21 15:01:15,469 [ERROR] Attempt 3 failed for wallet AQXPaNNWWGScNgdnjRvrEw5ht3ko1G4rft4zwAZHxJJk: SolanaRpcException - 
2025-08-21 15:01:28,663 [INFO] HTTP Request: POST https://api.mainnet-beta.solana.com "HTTP/1.1 200 OK"
2025-08-21 15:01:30,437 [INFO] HTTP Request: POST https://api.mainnet-beta.solana.com "HTTP/1.1 200 OK"
2025-08-21 15:01:41,568 [INFO] HTTP Request: POST https://api.mainnet-beta.solana.com "HTTP/1.1 200 OK"
2025-08-21 15:01:43,338 [INFO] HTTP Request: POST https://api.mainnet-beta.solana.com "HTTP/1.1 200 OK"
2025-08-21 15:01:54,471 [INFO] HTTP Request: POST https://api.mainnet-beta.solana.com "HTTP/1.1 200 OK"
2025-08-21 15:01:56,259 [INFO] HTTP Request: POST https://api.mainnet-beta.solana.com "HTTP/1.1 200 OK"
2025-08-21 15:02:07,314 [INFO] HTTP Request: POST https://api.mainnet-beta.solana.com "HTTP/1.1 200 OK"
2025-08-21 15:02:08,977 [INFO] HTTP Request: POST https://api.mainnet-beta.solana.com "HTTP/1.1 200 OK"
2025-08-21 15:02:19,998 [INFO] HTTP Request: POST https://api.mainnet-beta.solana.com "HTTP/1.1 200 OK"
2025-08-21 15:02:21,688 [INFO] HTTP Request: POST https://api.mainnet-beta.solana.com "HTTP/1.1 200 OK"
2025-08-21 15:02:32,708 [INFO] HTTP Request: POST https://api.mainnet-beta.solana.com "HTTP/1.1 200 OK"
2025-08-21 15:02:34,394 [INFO] HTTP Request: POST https://api.mainnet-beta.solana.com "HTTP/1.1 200 OK"
2025-08-21 15:02:45,551 [INFO] HTTP Request: POST https://api.mainnet-beta.solana.com "HTTP/1.1 200 OK"
2025-08-21 15:02:47,504 [INFO] HTTP Request: POST https://api.mainnet-beta.solana.com "HTTP/1.1 200 OK"
2025-08-21 15:02:58,645 [INFO] HTTP Request: POST https://api.mainnet-beta.solana.com "HTTP/1.1 200 OK"
2025-08-21 15:02:59,809 [INFO] HTTP Request: POST https://api.mainnet-beta.solana.com "HTTP/1.1 429 Too Many Requests"
2025-08-21 15:02:59,810 [ERROR] Attempt 1 failed for wallet AQXPaNNWWGScNgdnjRvrEw5ht3ko1G4rft4zwAZHxJJk: SolanaRpcException - 
2025-08-21 15:03:03,145 [INFO] HTTP Request: POST https://api.mainnet-beta.solana.com "HTTP/1.1 429 Too Many Requests"
2025-08-21 15:03:03,146 [ERROR] Attempt 2 failed for wallet AQXPaNNWWGScNgdnjRvrEw5ht3ko1G4rft4zwAZHxJJk: SolanaRpcException - 
2025-08-21 15:03:06,267 [INFO] HTTP Request: POST https://api.mainnet-beta.solana.com "HTTP/1.1 429 Too Many Requests"
2025-08-21 15:03:06,268 [ERROR] Attempt 3 failed for wallet AQXPaNNWWGScNgdnjRvrEw5ht3ko1G4rft4zwAZHxJJk: SolanaRpcException - 
2025-08-21 15:03:19,433 [INFO] HTTP Request: POST https://api.mainnet-beta.solana.com "HTTP/1.1 200 OK"
2025-08-21 15:03:21,159 [INFO] HTTP Request: POST https://api.mainnet-beta.solana.com "HTTP/1.1 200 OK"
2025-08-21 15:17:03,106 [INFO] Bot started...
2025-08-21 15:19:15,656 [INFO] Bot started...
2025-08-21 15:19:15,656 [INFO] Watching wallets: [Pubkey(
    3y7d5AfnngarnBiyzFXKYg5oD9Y4LLxNgJe5dyS2qoki,
), Pubkey(
    AQXPaNNWWGScNgdnjRvrEw5ht3ko1G4rft4zwAZHxJJk,
)]
2025-08-21 15:19:16,645 [INFO] HTTP Request: POST https://api.mainnet-beta.solana.com "HTTP/1.1 200 OK"
2025-08-21 15:19:18,340 [INFO] HTTP Request: POST https://api.mainnet-beta.solana.com "HTTP/1.1 200 OK"
2025-08-21 15:19:19,050 [INFO] Sent Telegram alert: \U0001f680 *Wallet Transaction Detected!*

\U0001f4b0 3y7d…qoki \u2192 [View Tx](https://explorer.solana.com/tx/5EdftXcx5Q8FqmxMFv5215n2ipbT8uEBkjAFxW9g7KGSdKpUUjy77mTZUJz621b1JRVLvrhEJhMd9Dw6SChpVq46)
\U0001f4b0 AQXP…xJJk \u2192 [View Tx](https://explorer.solana.com/tx/5EarWsQH8t5EehKH7wRZanHB1Bt4WQmmRdebFd6fQjAJJURyA6MEQpdfCp1zXYUHZeaj3WorTTrawem2fGiYDuob)

2025-08-21 15:19:30,158 [INFO] HTTP Request: POST https://api.mainnet-beta.solana.com "HTTP/1.1 200 OK"
2025-08-21 15:19:31,806 [INFO] HTTP Request: POST https://api.mainnet-beta.solana.com "HTTP/1.1 200 OK"
2025-08-21 15:19:42,817 [INFO] HTTP Request: POST https://api.mainnet-beta.solana.com "HTTP/1.1 200 OK"
2025-08-21 15:19:43,790 [INFO] HTTP Request: POST https://api.mainnet-beta.solana.com "HTTP/1.1 429 Too Many Requests"
2025-08-21 15:19:43,790 [ERROR] Attempt 1 failed for wallet AQXPaNNWWGScNgdnjRvrEw5ht3ko1G4rft4zwAZHxJJk: SolanaRpcException - 
2025-08-21 15:19:46,759 [INFO] HTTP Request: POST https://api.mainnet-beta.solana.com "HTTP/1.1 429 Too Many Requests"
2025-08-21 15:19:46,759 [ERROR] Attempt 2 failed for wallet AQXPaNNWWGScNgdnjRvrEw5ht3ko1G4rft4zwAZHxJJk: SolanaRpcException - 
2025-08-21 15:19:49,840 [INFO] HTTP Request: POST https://api.mainnet-beta.solana.com "HTTP/1.1 429 Too Many Requests"
2025-08-21 15:19:49,856 [ERROR] Attempt 3 failed for wallet AQXPaNNWWGScNgdnjRvrEw5ht3ko1G4rft4zwAZHxJJk: SolanaRpcException - 
2025-08-21 15:20:02,999 [INFO] HTTP Request: POST https://api.mainnet-beta.solana.com "HTTP/1.1 200 OK"
2025-08-21 15:20:04,752 [INFO] HTTP Request: POST https://api.mainnet-beta.solana.com "HTTP/1.1 200 OK"
2025-08-21 15:20:15,835 [INFO] HTTP Request: POST https://api.mainnet-beta.solana.com "HTTP/1.1 200 OK"
2025-08-21 15:20:16,970 [INFO] HTTP Request: POST https://api.mainnet-beta.solana.com "HTTP/1.1 429 Too Many Requests"
2025-08-21 15:20:16,971 [ERROR] Attempt 1 failed for wallet AQXPaNNWWGScNgdnjRvrEw5ht3ko1G4rft4zwAZHxJJk: SolanaRpcException - 
2025-08-21 15:20:20,002 [INFO] HTTP Request: POST https://api.mainnet-beta.solana.com "HTTP/1.1 429 Too Many Requests"
2025-08-21 15:20:20,003 [ERROR] Attempt 2 failed for wallet AQXPaNNWWGScNgdnjRvrEw5ht3ko1G4rft4zwAZHxJJk: SolanaRpcException - 
2025-08-21 15:20:23,001 [INFO] HTTP Request: POST https://api.mainnet-beta.solana.com "HTTP/1.1 429 Too Many Requests"
2025-08-21 15:20:23,002 [ERROR] Attempt 3 failed for wallet AQXPaNNWWGScNgdnjRvrEw5ht3ko1G4rft4zwAZHxJJk: SolanaRpcException - 
2025-08-21 15:20:36,036 [INFO] HTTP Request: POST https://api.mainnet-beta.solana.com "HTTP/1.1 200 OK"
2025-08-21 15:20:37,688 [INFO] HTTP Request: POST https://api.mainnet-beta.solana.com "HTTP/1.1 200 OK"
2025-08-21 16:10:53,068 [INFO] Bot started...
2025-08-21 16:17:39,764 [INFO] Bot started...
2025-08-21 16:20:34,103 [INFO] Bot started...
2025-08-21 16:20:34,103 [INFO] Watching wallets: [Pubkey(
    3y7d5AfnngarnBiyzFXKYg5oD9Y4LLxNgJe5dyS2qoki,
), Pubkey(
    AQXPaNNWWGScNgdnjRvrEw5ht3ko1G4rft4zwAZHxJJk,
)]
2025-08-21 16:20:35,728 [INFO] HTTP Request: POST https://yolo-soft-daylight.solana-mainnet.quiknode.pro/057ff3aa7f3e3d9633e475e6de4f8e148ceb4d7e "HTTP/1.1 200 OK"
2025-08-21 16:20:36,963 [INFO] HTTP Request: POST https://yolo-soft-daylight.solana-mainnet.quiknode.pro/057ff3aa7f3e3d9633e475e6de4f8e148ceb4d7e "HTTP/1.1 200 OK"
2025-08-21 16:20:37,744 [INFO] Sent Telegram alert: \U0001f680 *Wallet Transaction Detected!*

\U0001f4b0 3y7d…qoki \u2192 [View Tx](https://explorer.solana.com/tx/5EdftXcx5Q8FqmxMFv5215n2ipbT8uEBkjAFxW9g7KGSdKpUUjy77mTZUJz621b1JRVLvrhEJhMd9Dw6SChpVq46)
\U0001f4b0 AQXP…xJJk \u2192 [View Tx](https://explorer.solana.com/tx/5EarWsQH8t5EehKH7wRZanHB1Bt4WQmmRdebFd6fQjAJJURyA6MEQpdfCp1zXYUHZeaj3WorTTrawem2fGiYDuob)

2025-08-21 16:20:48,968 [INFO] HTTP Request: POST https://yolo-soft-daylight.solana-mainnet.quiknode.pro/057ff3aa7f3e3d9633e475e6de4f8e148ceb4d7e "HTTP/1.1 200 OK"
2025-08-21 16:20:50,339 [INFO] HTTP Request: POST https://yolo-soft-daylight.solana-mainnet.quiknode.pro/057ff3aa7f3e3d9633e475e6de4f8e148ceb4d7e "HTTP/1.1 200 OK"
2025-08-21 16:21:01,536 [INFO] HTTP Request: POST https://yolo-soft-daylight.solana-mainnet.quiknode.pro/057ff3aa7f3e3d9633e475e6de4f8e148ceb4d7e "HTTP/1.1 200 OK"
2025-08-21 16:21:02,822 [INFO] HTTP Request: POST https://yolo-soft-daylight.solana-mainnet.quiknode.pro/057ff3aa7f3e3d9633e475e6de4f8e148ceb4d7e "HTTP/1.1 200 OK"
2025-08-21 16:21:10,749 [INFO] Bot started...
2025-08-21 16:21:10,749 [INFO] Watching wallets: [Pubkey(
    3y7d5AfnngarnBiyzFXKYg5oD9Y4LLxNgJe5dyS2qoki,
), Pubkey(
    AQXPaNNWWGScNgdnjRvrEw5ht3ko1G4rft4zwAZHxJJk,
)]
2025-08-21 16:21:11,984 [INFO] HTTP Request: POST https://yolo-soft-daylight.solana-mainnet.quiknode.pro/057ff3aa7f3e3d9633e475e6de4f8e148ceb4d7e "HTTP/1.1 200 OK"
2025-08-21 16:21:13,209 [INFO] HTTP Request: POST https://yolo-soft-daylight.solana-mainnet.quiknode.pro/057ff3aa7f3e3d9633e475e6de4f8e148ceb4d7e "HTTP/1.1 200 OK"
2025-08-21 16:21:13,927 [INFO] Sent Telegram alert: \U0001f680 *Wallet Transaction Detected!*

\U0001f4b0 3y7d…qoki \u2192 [View Tx](https://explorer.solana.com/tx/5EdftXcx5Q8FqmxMFv5215n2ipbT8uEBkjAFxW9g7KGSdKpUUjy77mTZUJz621b1JRVLvrhEJhMd9Dw6SChpVq46)
\U0001f4b0 AQXP…xJJk \u2192 [View Tx](https://explorer.solana.com/tx/5EarWsQH8t5EehKH7wRZanHB1Bt4WQmmRdebFd6fQjAJJURyA6MEQpdfCp1zXYUHZeaj3WorTTrawem2fGiYDuob)

2025-08-21 16:21:14,069 [INFO] HTTP Request: POST https://yolo-soft-daylight.solana-mainnet.quiknode.pro/057ff3aa7f3e3d9633e475e6de4f8e148ceb4d7e "HTTP/1.1 200 OK"
2025-08-21 16:21:15,331 [INFO] HTTP Request: POST https://yolo-soft-daylight.solana-mainnet.quiknode.pro/057ff3aa7f3e3d9633e475e6de4f8e148ceb4d7e "HTTP/1.1 200 OK"
2025-08-21 16:21:25,145 [INFO] HTTP Request: POST https://yolo-soft-daylight.solana-mainnet.quiknode.pro/057ff3aa7f3e3d9633e475e6de4f8e148ceb4d7e "HTTP/1.1 200 OK"
2025-08-21 16:21:26,489 [INFO] HTTP Request: POST https://yolo-soft-daylight.solana-mainnet.quiknode.pro/057ff3aa7f3e3d9633e475e6de4f8e148ceb4d7e "HTTP/1.1 200 OK"
2025-08-21 16:21:26,629 [INFO] HTTP Request: POST https://yolo-soft-daylight.solana-mainnet.quiknode.pro/057ff3aa7f3e3d9633e475e6de4f8e148ceb4d7e "HTTP/1.1 200 OK"
2025-08-21 16:21:28,014 [INFO] HTTP Request: POST https://yolo-soft-daylight.solana-mainnet.quiknode.pro/057ff3aa7f3e3d9633e475e6de4f8e148ceb4d7e "HTTP/1.1 200 OK"
2025-08-21 16:21:37,875 [INFO] HTTP Request: POST https://yolo-soft-daylight.solana-mainnet.quiknode.pro/057ff3aa7f3e3d9633e475e6de4f8e148ceb4d7e "HTTP/1.1 200 OK"
2025-08-21 16:21:39,234 [INFO] HTTP Request: POST https://yolo-soft-daylight.solana-mainnet.quiknode.pro/057ff3aa7f3e3d9633e475e6de4f8e148ceb4d7e "HTTP/1.1 200 OK"
2025-08-21 16:21:39,369 [INFO] HTTP Request: POST https://yolo-soft-daylight.solana-mainnet.quiknode.pro/057ff3aa7f3e3d9633e475e6de4f8e148ceb4d7e "HTTP/1.1 200 OK"
2025-08-21 16:21:40,646 [INFO] HTTP Request: POST https://yolo-soft-daylight.solana-mainnet.quiknode.pro/057ff3aa7f3e3d9633e475e6de4f8e148ceb4d7e "HTTP/1.1 200 OK"
2025-08-21 16:21:50,599 [INFO] HTTP Request: POST https://yolo-soft-daylight.solana-mainnet.quiknode.pro/057ff3aa7f3e3d9633e475e6de4f8e148ceb4d7e "HTTP/1.1 200 OK"
2025-08-21 16:21:52,122 [INFO] HTTP Request: POST https://yolo-soft-daylight.solana-mainnet.quiknode.pro/057ff3aa7f3e3d9633e475e6de4f8e148ceb4d7e "HTTP/1.1 200 OK"
2025-08-21 16:21:52,151 [INFO] HTTP Request: POST https://yolo-soft-daylight.solana-mainnet.quiknode.pro/057ff3aa7f3e3d9633e475e6de4f8e148ceb4d7e "HTTP/1.1 200 OK"
2025-08-21 16:21:53,443 [INFO] HTTP Request: POST https://yolo-soft-daylight.solana-mainnet.quiknode.pro/057ff3aa7f3e3d9633e475e6de4f8e148ceb4d7e "HTTP/1.1 200 OK"
2025-08-21 16:22:03,325 [INFO] HTTP Request: POST https://yolo-soft-daylight.solana-mainnet.quiknode.pro/057ff3aa7f3e3d9633e475e6de4f8e148ceb4d7e "HTTP/1.1 200 OK"
2025-08-21 16:22:04,617 [INFO] HTTP Request: POST https://yolo-soft-daylight.solana-mainnet.quiknode.pro/057ff3aa7f3e3d9633e475e6de4f8e148ceb4d7e "HTTP/1.1 200 OK"
2025-08-21 16:22:04,723 [INFO] HTTP Request: POST https://yolo-soft-daylight.solana-mainnet.quiknode.pro/057ff3aa7f3e3d9633e475e6de4f8e148ceb4d7e "HTTP/1.1 200 OK"
2025-08-21 16:22:05,967 [INFO] HTTP Request: POST https://yolo-soft-daylight.solana-mainnet.quiknode.pro/057ff3aa7f3e3d9633e475e6de4f8e148ceb4d7e "HTTP/1.1 200 OK"
2025-08-21 16:22:15,858 [INFO] HTTP Request: POST https://yolo-soft-daylight.solana-mainnet.quiknode.pro/057ff3aa7f3e3d9633e475e6de4f8e148ceb4d7e "HTTP/1.1 200 OK"
2025-08-21 16:22:17,133 [INFO] HTTP Request: POST https://yolo-soft-daylight.solana-mainnet.quiknode.pro/057ff3aa7f3e3d9633e475e6de4f8e148ceb4d7e "HTTP/1.1 200 OK"
2025-08-21 16:22:17,244 [INFO] HTTP Request: POST https://yolo-soft-daylight.solana-mainnet.quiknode.pro/057ff3aa7f3e3d9633e475e6de4f8e148ceb4d7e "HTTP/1.1 200 OK"
2025-08-21 16:22:18,437 [INFO] HTTP Request: POST https://yolo-soft-daylight.solana-mainnet.quiknode.pro/057ff3aa7f3e3d9633e475e6de4f8e148ceb4d7e "HTTP/1.1 200 OK"
2025-08-21 16:22:28,362 [INFO] HTTP Request: POST https://yolo-soft-daylight.solana-mainnet.quiknode.pro/057ff3aa7f3e3d9633e475e6de4f8e148ceb4d7e "HTTP/1.1 200 OK"
2025-08-21 16:22:29,695 [INFO] HTTP Request: POST https://yolo-soft-daylight.solana-mainnet.quiknode.pro/057ff3aa7f3e3d9633e475e6de4f8e148ceb4d7e "HTTP/1.1 200 OK"
2025-08-21 16:22:29,753 [INFO] HTTP Request: POST https://yolo-soft-daylight.solana-mainnet.quiknode.pro/057ff3aa7f3e3d9633e475e6de4f8e148ceb4d7e "HTTP/1.1 200 OK"
2025-08-21 16:22:31,040 [INFO] HTTP Request: POST https://yolo-soft-daylight.solana-mainnet.quiknode.pro/057ff3aa7f3e3d9633e475e6de4f8e148ceb4d7e "HTTP/1.1 200 OK"
2025-08-21 16:22:41,221 [INFO] HTTP Request: POST https://yolo-soft-daylight.solana-mainnet.quiknode.pro/057ff3aa7f3e3d9633e475e6de4f8e148ceb4d7e "HTTP/1.1 200 OK"
2025-08-21 16:22:42,393 [INFO] HTTP Request: POST https://yolo-soft-daylight.solana-mainnet.quiknode.pro/057ff3aa7f3e3d9633e475e6de4f8e148ceb4d7e "HTTP/1.1 200 OK"
2025-08-21 16:22:42,565 [INFO] HTTP Request: POST https://yolo-soft-daylight.solana-mainnet.quiknode.pro/057ff3aa7f3e3d9633e475e6de4f8e148ceb4d7e "HTTP/1.1 200 OK"
2025-08-21 16:22:43,862 [INFO] HTTP Request: POST https://yolo-soft-daylight.solana-mainnet.quiknode.pro/057ff3aa7f3e3d9633e475e6de4f8e148ceb4d7e "HTTP/1.1 200 OK"
2025-08-21 16:22:53,926 [INFO] HTTP Request: POST https://yolo-soft-daylight.solana-mainnet.quiknode.pro/057ff3aa7f3e3d9633e475e6de4f8e148ceb4d7e "HTTP/1.1 200 OK"
2025-08-21 16:22:55,282 [INFO] HTTP Request: POST https://yolo-soft-daylight.solana-mainnet.quiknode.pro/057ff3aa7f3e3d9633e475e6de4f8e148ceb4d7e "HTTP/1.1 200 OK"
2025-08-21 16:22:55,367 [INFO] HTTP Request: POST https://yolo-soft-daylight.solana-mainnet.quiknode.pro/057ff3aa7f3e3d9633e475e6de4f8e148ceb4d7e "HTTP/1.1 200 OK"
2025-08-21 16:22:56,503 [INFO] HTTP Request: POST https://yolo-soft-daylight.solana-mainnet.quiknode.pro/057ff3aa7f3e3d9633e475e6de4f8e148ceb4d7e "HTTP/1.1 200 OK"
2025-08-21 16:23:06,652 [INFO] HTTP Request: POST https://yolo-soft-daylight.solana-mainnet.quiknode.pro/057ff3aa7f3e3d9633e475e6de4f8e148ceb4d7e "HTTP/1.1 200 OK"
2025-08-21 16:23:07,821 [INFO] HTTP Request: POST https://yolo-soft-daylight.solana-mainnet.quiknode.pro/057ff3aa7f3e3d9633e475e6de4f8e148ceb4d7e "HTTP/1.1 200 OK"
2025-08-21 16:23:07,978 [INFO] HTTP Request: POST https://yolo-soft-daylight.solana-mainnet.quiknode.pro/057ff3aa7f3e3d9633e475e6de4f8e148ceb4d7e "HTTP/1.1 200 OK"
2025-08-21 16:23:09,069 [INFO] HTTP Request: POST https://yolo-soft-daylight.solana-mainnet.quiknode.pro/057ff3aa7f3e3d9633e475e6de4f8e148ceb4d7e "HTTP/1.1 200 OK"
2025-08-21 16:23:19,279 [INFO] HTTP Request: POST https://yolo-soft-daylight.solana-mainnet.quiknode.pro/057ff3aa7f3e3d9633e475e6de4f8e148ceb4d7e "HTTP/1.1 200 OK"
2025-08-21 16:23:20,631 [INFO] HTTP Request: POST https://yolo-soft-daylight.solana-mainnet.quiknode.pro/057ff3aa7f3e3d9633e475e6de4f8e148ceb4d7e "HTTP/1.1 200 OK"
2025-08-21 16:23:20,749 [INFO] HTTP Request: POST https://yolo-soft-daylight.solana-mainnet.quiknode.pro/057ff3aa7f3e3d9633e475e6de4f8e148ceb4d7e "HTTP/1.1 200 OK"
2025-08-21 16:23:21,911 [INFO] HTTP Request: POST https://yolo-soft-daylight.solana-mainnet.quiknode.pro/057ff3aa7f3e3d9633e475e6de4f8e148ceb4d7e "HTTP/1.1 200 OK"
2025-08-21 16:23:32,099 [INFO] HTTP Request: POST https://yolo-soft-daylight.solana-mainnet.quiknode.pro/057ff3aa7f3e3d9633e475e6de4f8e148ceb4d7e "HTTP/1.1 200 OK"
2025-08-21 16:23:33,252 [INFO] HTTP Request: POST https://yolo-soft-daylight.solana-mainnet.quiknode.pro/057ff3aa7f3e3d9633e475e6de4f8e148ceb4d7e "HTTP/1.1 200 OK"
2025-08-21 16:23:33,431 [INFO] HTTP Request: POST https://yolo-soft-daylight.solana-mainnet.quiknode.pro/057ff3aa7f3e3d9633e475e6de4f8e148ceb4d7e "HTTP/1.1 200 OK"
2025-08-21 16:23:34,530 [INFO] HTTP Request: POST https://yolo-soft-daylight.solana-mainnet.quiknode.pro/057ff3aa7f3e3d9633e475e6de4f8e148ceb4d7e "HTTP/1.1 200 OK"
2025-08-21 16:23:44,757 [INFO] HTTP Request: POST https://yolo-soft-daylight.solana-mainnet.quiknode.pro/057ff3aa7f3e3d9633e475e6de4f8e148ceb4d7e "HTTP/1.1 200 OK"
2025-08-21 16:23:46,006 [INFO] HTTP Request: POST https://yolo-soft-daylight.solana-mainnet.quiknode.pro/057ff3aa7f3e3d9633e475e6de4f8e148ceb4d7e "HTTP/1.1 200 OK"
2025-08-21 16:23:46,225 [INFO] HTTP Request: POST https://yolo-soft-daylight.solana-mainnet.quiknode.pro/057ff3aa7f3e3d9633e475e6de4f8e148ceb4d7e "HTTP/1.1 200 OK"
2025-08-21 16:23:47,429 [INFO] HTTP Request: POST https://yolo-soft-daylight.solana-mainnet.quiknode.pro/057ff3aa7f3e3d9633e475e6de4f8e148ceb4d7e "HTTP/1.1 200 OK"
2025-08-21 16:23:57,668 [INFO] HTTP Request: POST https://yolo-soft-daylight.solana-mainnet.quiknode.pro/057ff3aa7f3e3d9633e475e6de4f8e148ceb4d7e "HTTP/1.1 200 OK"
2025-08-21 16:23:59,061 [INFO] HTTP Request: POST https://yolo-soft-daylight.solana-mainnet.quiknode.pro/057ff3aa7f3e3d9633e475e6de4f8e148ceb4d7e "HTTP/1.1 200 OK"
2025-08-21 16:23:59,108 [INFO] HTTP Request: POST https://yolo-soft-daylight.solana-mainnet.quiknode.pro/057ff3aa7f3e3d9633e475e6de4f8e148ceb4d7e "HTTP/1.1 200 OK"
2025-08-21 16:24:00,609 [INFO] HTTP Request: POST https://yolo-soft-daylight.solana-mainnet.quiknode.pro/057ff3aa7f3e3d9633e475e6de4f8e148ceb4d7e "HTTP/1.1 200 OK"
2025-08-21 16:24:10,351 [INFO] HTTP Request: POST https://yolo-soft-daylight.solana-mainnet.quiknode.pro/057ff3aa7f3e3d9633e475e6de4f8e148ceb4d7e "HTTP/1.1 200 OK"
2025-08-21 16:24:11,658 [INFO] HTTP Request: POST https://yolo-soft-daylight.solana-mainnet.quiknode.pro/057ff3aa7f3e3d9633e475e6de4f8e148ceb4d7e "HTTP/1.1 200 OK"
2025-08-21 16:24:11,936 [INFO] HTTP Request: POST https://yolo-soft-daylight.solana-mainnet.quiknode.pro/057ff3aa7f3e3d9633e475e6de4f8e148ceb4d7e "HTTP/1.1 200 OK"
2025-08-21 16:24:13,168 [INFO] HTTP Request: POST https://yolo-soft-daylight.solana-mainnet.quiknode.pro/057ff3aa7f3e3d9633e475e6de4f8e148ceb4d7e "HTTP/1.1 200 OK"
2025-08-21 16:24:22,879 [INFO] HTTP Request: POST https://yolo-soft-daylight.solana-mainnet.quiknode.pro/057ff3aa7f3e3d9633e475e6de4f8e148ceb4d7e "HTTP/1.1 200 OK"
2025-08-21 16:24:24,197 [INFO] HTTP Request: POST https://yolo-soft-daylight.solana-mainnet.quiknode.pro/057ff3aa7f3e3d9633e475e6de4f8e148ceb4d7e "HTTP/1.1 200 OK"
2025-08-21 16:24:24,461 [INFO] HTTP Request: POST https://yolo-soft-daylight.solana-mainnet.quiknode.pro/057ff3aa7f3e3d9633e475e6de4f8e148ceb4d7e "HTTP/1.1 200 OK"
2025-08-21 16:24:25,692 [INFO] HTTP Request: POST https://yolo-soft-daylight.solana-mainnet.quiknode.pro/057ff3aa7f3e3d9633e475e6de4f8e148ceb4d7e "HTTP/1.1 200 OK"
2025-08-21 16:24:35,421 [INFO] HTTP Request: POST https://yolo-soft-daylight.solana-mainnet.quiknode.pro/057ff3aa7f3e3d9633e475e6de4f8e148ceb4d7e "HTTP/1.1 200 OK"
2025-08-21 16:24:36,676 [INFO] HTTP Request: POST https://yolo-soft-daylight.solana-mainnet.quiknode.pro/057ff3aa7f3e3d9633e475e6de4f8e148ceb4d7e "HTTP/1.1 200 OK"
2025-08-21 16:24:36,942 [INFO] HTTP Request: POST https://yolo-soft-daylight.solana-mainnet.quiknode.pro/057ff3aa7f3e3d9633e475e6de4f8e148ceb4d7e "HTTP/1.1 200 OK"
2025-08-21 16:24:38,178 [INFO] HTTP Request: POST https://yolo-soft-daylight.solana-mainnet.quiknode.pro/057ff3aa7f3e3d9633e475e6de4f8e148ceb4d7e "HTTP/1.1 200 OK"
2025-08-21 16:24:47,982 [INFO] HTTP Request: POST https://yolo-soft-daylight.solana-mainnet.quiknode.pro/057ff3aa7f3e3d9633e475e6de4f8e148ceb4d7e "HTTP/1.1 200 OK"
2025-08-21 16:24:49,249 [INFO] HTTP Request: POST https://yolo-soft-daylight.solana-mainnet.quiknode.pro/057ff3aa7f3e3d9633e475e6de4f8e148ceb4d7e "HTTP/1.1 200 OK"
2025-08-21 16:24:49,452 [INFO] HTTP Request: POST https://yolo-soft-daylight.solana-mainnet.quiknode.pro/057ff3aa7f3e3d9633e475e6de4f8e148ceb4d7e "HTTP/1.1 200 OK"
2025-08-21 16:24:50,662 [INFO] HTTP Request: POST https://yolo-soft-daylight.solana-mainnet.quiknode.pro/057ff3aa7f3e3d9633e475e6de4f8e148ceb4d7e "HTTP/1.1 200 OK"
2025-08-21 16:25:00,490 [INFO] HTTP Request: POST https://yolo-soft-daylight.solana-mainnet.quiknode.pro/057ff3aa7f3e3d9633e475e6de4f8e148ceb4d7e "HTTP/1.1 200 OK"
2025-08-21 16:25:01,727 [INFO] HTTP Request: POST https://yolo-soft-daylight.solana-mainnet.quiknode.pro/057ff3aa7f3e3d9633e475e6de4f8e148ceb4d7e "HTTP/1.1 200 OK"
2025-08-21 16:25:01,913 [INFO] HTTP Request: POST https://yolo-soft-daylight.solana-mainnet.quiknode.pro/057ff3aa7f3e3d9633e475e6de4f8e148ceb4d7e "HTTP/1.1 200 OK"
2025-08-21 16:25:03,144 [INFO] HTTP Request: POST https://yolo-soft-daylight.solana-mainnet.quiknode.pro/057ff3aa7f3e3d9633e475e6de4f8e148ceb4d7e "HTTP/1.1 200 OK"
2025-08-21 16:25:12,948 [INFO] HTTP Request: POST https://yolo-soft-daylight.solana-mainnet.quiknode.pro/057ff3aa7f3e3d9633e475e6de4f8e148ceb4d7e "HTTP/1.1 200 OK"
2025-08-21 16:25:14,228 [INFO] HTTP Request: POST https://yolo-soft-daylight.solana-mainnet.quiknode.pro/057ff3aa7f3e3d9633e475e6de4f8e148ceb4d7e "HTTP/1.1 200 OK"
2025-08-21 16:25:14,430 [INFO] HTTP Request: POST https://yolo-soft-daylight.solana-mainnet.quiknode.pro/057ff3aa7f3e3d9633e475e6de4f8e148ceb4d7e "HTTP/1.1 200 OK"
2025-08-21 16:25:15,655 [INFO] HTTP Request: POST https://yolo-soft-daylight.solana-mainnet.quiknode.pro/057ff3aa7f3e3d9633e475e6de4f8e148ceb4d7e "HTTP/1.1 200 OK"
2025-08-21 16:25:25,487 [INFO] HTTP Request: POST https://yolo-soft-daylight.solana-mainnet.quiknode.pro/057ff3aa7f3e3d9633e475e6de4f8e148ceb4d7e "HTTP/1.1 200 OK"
2025-08-21 16:25:26,762 [INFO] HTTP Request: POST https://yolo-soft-daylight.solana-mainnet.quiknode.pro/057ff3aa7f3e3d9633e475e6de4f8e148ceb4d7e "HTTP/1.1 200 OK"
2025-08-21 16:25:26,904 [INFO] HTTP Request: POST https://yolo-soft-daylight.solana-mainnet.quiknode.pro/057ff3aa7f3e3d9633e475e6de4f8e148ceb4d7e "HTTP/1.1 200 OK"
2025-08-21 16:25:28,151 [INFO] HTTP Request: POST https://yolo-soft-daylight.solana-mainnet.quiknode.pro/057ff3aa7f3e3d9633e475e6de4f8e148ceb4d7e "HTTP/1.1 200 OK"
2025-08-21 16:25:38,026 [INFO] HTTP Request: POST https://yolo-soft-daylight.solana-mainnet.quiknode.pro/057ff3aa7f3e3d9633e475e6de4f8e148ceb4d7e "HTTP/1.1 200 OK"
2025-08-21 16:25:39,377 [INFO] HTTP Request: POST https://yolo-soft-daylight.solana-mainnet.quiknode.pro/057ff3aa7f3e3d9633e475e6de4f8e148ceb4d7e "HTTP/1.1 200 OK"
2025-08-21 16:25:39,459 [INFO] HTTP Request: POST https://yolo-soft-daylight.solana-mainnet.quiknode.pro/057ff3aa7f3e3d9633e475e6de4f8e148ceb4d7e "HTTP/1.1 200 OK"
2025-08-21 16:25:40,748 [INFO] HTTP Request: POST https://yolo-soft-daylight.solana-mainnet.quiknode.pro/057ff3aa7f3e3d9633e475e6de4f8e148ceb4d7e "HTTP/1.1 200 OK"
2025-08-21 16:25:50,874 [INFO] HTTP Request: POST https://yolo-soft-daylight.solana-mainnet.quiknode.pro/057ff3aa7f3e3d9633e475e6de4f8e148ceb4d7e "HTTP/1.1 200 OK"
2025-08-21 16:25:52,124 [INFO] HTTP Request: POST https://yolo-soft-daylight.solana-mainnet.quiknode.pro/057ff3aa7f3e3d9633e475e6de4f8e148ceb4d7e "HTTP/1.1 200 OK"
2025-08-21 16:25:52,233 [INFO] HTTP Request: POST https://yolo-soft-daylight.solana-mainnet.quiknode.pro/057ff3aa7f3e3d9633e475e6de4f8e148ceb4d7e "HTTP/1.1 200 OK"
2025-08-21 16:25:53,812 [INFO] HTTP Request: POST https://yolo-soft-daylight.solana-mainnet.quiknode.pro/057ff3aa7f3e3d9633e475e6de4f8e148ceb4d7e "HTTP/1.1 200 OK"
2025-08-21 16:25:55,265 [INFO] Bot started...
2025-08-21 16:25:55,281 [INFO] Watching wallets: [Pubkey(
    3y7d5AfnngarnBiyzFXKYg5oD9Y4LLxNgJe5dyS2qoki,
), Pubkey(
    AQXPaNNWWGScNgdnjRvrEw5ht3ko1G4rft4zwAZHxJJk,
)]
2025-08-21 16:25:56,546 [INFO] HTTP Request: POST https://yolo-soft-daylight.solana-mainnet.quiknode.pro/057ff3aa7f3e3d9633e475e6de4f8e148ceb4d7e "HTTP/1.1 200 OK"
2025-08-21 16:25:57,875 [INFO] HTTP Request: POST https://yolo-soft-daylight.solana-mainnet.quiknode.pro/057ff3aa7f3e3d9633e475e6de4f8e148ceb4d7e "HTTP/1.1 200 OK"
2025-08-21 16:25:58,609 [INFO] Sent Telegram alert: \U0001f680 *Wallet Transaction Detected!*

\U0001f4b0 3y7d…qoki \u2192 [View Tx](https://explorer.solana.com/tx/5EdftXcx5Q8FqmxMFv5215n2ipbT8uEBkjAFxW9g7KGSdKpUUjy77mTZUJz621b1JRVLvrhEJhMd9Dw6SChpVq46)
\U0001f4b0 AQXP…xJJk \u2192 [View Tx](https://explorer.solana.com/tx/5EarWsQH8t5EehKH7wRZanHB1Bt4WQmmRdebFd6fQjAJJURyA6MEQpdfCp1zXYUHZeaj3WorTTrawem2fGiYDuob)

2025-08-21 16:26:03,481 [INFO] HTTP Request: POST https://yolo-soft-daylight.solana-mainnet.quiknode.pro/057ff3aa7f3e3d9633e475e6de4f8e148ceb4d7e "HTTP/1.1 200 OK"
2025-08-21 16:26:04,763 [INFO] HTTP Request: POST https://yolo-soft-daylight.solana-mainnet.quiknode.pro/057ff3aa7f3e3d9633e475e6de4f8e148ceb4d7e "HTTP/1.1 200 OK"
2025-08-21 16:26:05,092 [INFO] HTTP Request: POST https://yolo-soft-daylight.solana-mainnet.quiknode.pro/057ff3aa7f3e3d9633e475e6de4f8e148ceb4d7e "HTTP/1.1 200 OK"
2025-08-21 16:26:06,348 [INFO] HTTP Request: POST https://yolo-soft-daylight.solana-mainnet.quiknode.pro/057ff3aa7f3e3d9633e475e6de4f8e148ceb4d7e "HTTP/1.1 200 OK"
2025-08-21 16:26:09,912 [INFO] HTTP Request: POST https://yolo-soft-daylight.solana-mainnet.quiknode.pro/057ff3aa7f3e3d9633e475e6de4f8e148ceb4d7e "HTTP/1.1 200 OK"
2025-08-21 16:26:10,209 [INFO] Bot started...
2025-08-21 16:26:10,209 [INFO] Watching wallets: [Pubkey(
    3y7d5AfnngarnBiyzFXKYg5oD9Y4LLxNgJe5dyS2qoki,
), Pubkey(
    AQXPaNNWWGScNgdnjRvrEw5ht3ko1G4rft4zwAZHxJJk,
)]
2025-08-21 16:26:11,186 [INFO] HTTP Request: POST https://yolo-soft-daylight.solana-mainnet.quiknode.pro/057ff3aa7f3e3d9633e475e6de4f8e148ceb4d7e "HTTP/1.1 200 OK"
2025-08-21 16:26:11,514 [INFO] HTTP Request: POST https://yolo-soft-daylight.solana-mainnet.quiknode.pro/057ff3aa7f3e3d9633e475e6de4f8e148ceb4d7e "HTTP/1.1 200 OK"
2025-08-21 16:26:12,843 [INFO] HTTP Request: POST https://yolo-soft-daylight.solana-mainnet.quiknode.pro/057ff3aa7f3e3d9633e475e6de4f8e148ceb4d7e "HTTP/1.1 200 OK"
2025-08-21 16:26:13,554 [INFO] Sent Telegram alert: \U0001f680 *Wallet Transaction Detected!*

\U0001f4b0 3y7d…qoki \u2192 [View Tx](https://explorer.solana.com/tx/5EdftXcx5Q8FqmxMFv5215n2ipbT8uEBkjAFxW9g7KGSdKpUUjy77mTZUJz621b1JRVLvrhEJhMd9Dw6SChpVq46)
\U0001f4b0 AQXP…xJJk \u2192 [View Tx](https://explorer.solana.com/tx/5EarWsQH8t5EehKH7wRZanHB1Bt4WQmmRdebFd6fQjAJJURyA6MEQpdfCp1zXYUHZeaj3WorTTrawem2fGiYDuob)

2025-08-21 16:26:16,310 [INFO] HTTP Request: POST https://yolo-soft-daylight.solana-mainnet.quiknode.pro/057ff3aa7f3e3d9633e475e6de4f8e148ceb4d7e "HTTP/1.1 200 OK"
2025-08-21 16:26:17,529 [INFO] Bot started...
2025-08-21 16:26:17,529 [INFO] Watching wallets: [Pubkey(
    3y7d5AfnngarnBiyzFXKYg5oD9Y4LLxNgJe5dyS2qoki,
), Pubkey(
    AQXPaNNWWGScNgdnjRvrEw5ht3ko1G4rft4zwAZHxJJk,
)]
2025-08-21 16:26:17,775 [INFO] HTTP Request: POST https://yolo-soft-daylight.solana-mainnet.quiknode.pro/057ff3aa7f3e3d9633e475e6de4f8e148ceb4d7e "HTTP/1.1 200 OK"
2025-08-21 16:26:17,786 [INFO] HTTP Request: POST https://yolo-soft-daylight.solana-mainnet.quiknode.pro/057ff3aa7f3e3d9633e475e6de4f8e148ceb4d7e "HTTP/1.1 200 OK"
2025-08-21 16:26:18,552 [INFO] HTTP Request: POST https://yolo-soft-daylight.solana-mainnet.quiknode.pro/057ff3aa7f3e3d9633e475e6de4f8e148ceb4d7e "HTTP/1.1 200 OK"
2025-08-21 16:26:19,052 [INFO] HTTP Request: POST https://yolo-soft-daylight.solana-mainnet.quiknode.pro/057ff3aa7f3e3d9633e475e6de4f8e148ceb4d7e "HTTP/1.1 200 OK"
2025-08-21 16:26:19,546 [INFO] HTTP Request: POST https://yolo-soft-daylight.solana-mainnet.quiknode.pro/057ff3aa7f3e3d9633e475e6de4f8e148ceb4d7e "HTTP/1.1 200 OK"
2025-08-21 16:26:20,888 [INFO] Sent Telegram alert: \U0001f680 *Wallet Transaction Detected!*

\U0001f4b0 3y7d…qoki \u2192 [View Tx](https://explorer.solana.com/tx/5EdftXcx5Q8FqmxMFv5215n2ipbT8uEBkjAFxW9g7KGSdKpUUjy77mTZUJz621b1JRVLvrhEJhMd9Dw6SChpVq46)
\U0001f4b0 AQXP…xJJk \u2192 [View Tx](https://explorer.solana.com/tx/5EarWsQH8t5EehKH7wRZanHB1Bt4WQmmRdebFd6fQjAJJURyA6MEQpdfCp1zXYUHZeaj3WorTTrawem2fGiYDuob)

2025-08-21 16:26:22,451 [INFO] HTTP Request: POST https://yolo-soft-daylight.solana-mainnet.quiknode.pro/057ff3aa7f3e3d9633e475e6de4f8e148ceb4d7e "HTTP/1.1 200 OK"
2025-08-21 16:26:23,685 [INFO] HTTP Request: POST https://yolo-soft-daylight.solana-mainnet.quiknode.pro/057ff3aa7f3e3d9633e475e6de4f8e148ceb4d7e "HTTP/1.1 200 OK"
2025-08-21 16:26:24,780 [INFO] HTTP Request: POST https://yolo-soft-daylight.solana-mainnet.quiknode.pro/057ff3aa7f3e3d9633e475e6de4f8e148ceb4d7e "HTTP/1.1 200 OK"
2025-08-21 16:26:26,009 [INFO] HTTP Request: POST https://yolo-soft-daylight.solana-mainnet.quiknode.pro/057ff3aa7f3e3d9633e475e6de4f8e148ceb4d7e "HTTP/1.1 200 OK"
2025-08-21 16:26:29,062 [INFO] HTTP Request: POST https://yolo-soft-daylight.solana-mainnet.quiknode.pro/057ff3aa7f3e3d9633e475e6de4f8e148ceb4d7e "HTTP/1.1 200 OK"
2025-08-21 16:26:30,363 [INFO] HTTP Request: POST https://yolo-soft-daylight.solana-mainnet.quiknode.pro/057ff3aa7f3e3d9633e475e6de4f8e148ceb4d7e "HTTP/1.1 200 OK"
2025-08-21 16:26:30,388 [INFO] HTTP Request: POST https://yolo-soft-daylight.solana-mainnet.quiknode.pro/057ff3aa7f3e3d9633e475e6de4f8e148ceb4d7e "HTTP/1.1 200 OK"
2025-08-21 16:26:31,640 [INFO] HTTP Request: POST https://yolo-soft-daylight.solana-mainnet.quiknode.pro/057ff3aa7f3e3d9633e475e6de4f8e148ceb4d7e "HTTP/1.1 200 OK"
2025-08-21 16:26:31,916 [INFO] HTTP Request: POST https://yolo-soft-daylight.solana-mainnet.quiknode.pro/057ff3aa7f3e3d9633e475e6de4f8e148ceb4d7e "HTTP/1.1 200 OK"
2025-08-21 16:26:32,899 [INFO] HTTP Request: POST https://yolo-soft-daylight.solana-mainnet.quiknode.pro/057ff3aa7f3e3d9633e475e6de4f8e148ceb4d7e "HTTP/1.1 200 OK"
2025-08-21 16:26:35,271 [INFO] HTTP Request: POST https://yolo-soft-daylight.solana-mainnet.quiknode.pro/057ff3aa7f3e3d9633e475e6de4f8e148ceb4d7e "HTTP/1.1 200 OK"
2025-08-21 16:26:36,593 [INFO] HTTP Request: POST https://yolo-soft-daylight.solana-mainnet.quiknode.pro/057ff3aa7f3e3d9633e475e6de4f8e148ceb4d7e "HTTP/1.1 200 OK"
2025-08-21 16:26:37,368 [INFO] HTTP Request: POST https://yolo-soft-daylight.solana-mainnet.quiknode.pro/057ff3aa7f3e3d9633e475e6de4f8e148ceb4d7e "HTTP/1.1 200 OK"
2025-08-21 16:26:38,717 [INFO] HTTP Request: POST https://yolo-soft-daylight.solana-mainnet.quiknode.pro/057ff3aa7f3e3d9633e475e6de4f8e148ceb4d7e "HTTP/1.1 200 OK"
2025-08-21 16:26:41,658 [INFO] HTTP Request: POST https://yolo-soft-daylight.solana-mainnet.quiknode.pro/057ff3aa7f3e3d9633e475e6de4f8e148ceb4d7e "HTTP/1.1 200 OK"
2025-08-21 16:26:42,966 [INFO] HTTP Request: POST https://yolo-soft-daylight.solana-mainnet.quiknode.pro/057ff3aa7f3e3d9633e475e6de4f8e148ceb4d7e "HTTP/1.1 200 OK"
2025-08-21 16:26:42,976 [INFO] HTTP Request: POST https://yolo-soft-daylight.solana-mainnet.quiknode.pro/057ff3aa7f3e3d9633e475e6de4f8e148ceb4d7e "HTTP/1.1 200 OK"
2025-08-21 16:26:43,992 [INFO] HTTP Request: POST https://yolo-soft-daylight.solana-mainnet.quiknode.pro/057ff3aa7f3e3d9633e475e6de4f8e148ceb4d7e "HTTP/1.1 200 OK"
2025-08-21 16:26:44,302 [INFO] HTTP Request: POST https://yolo-soft-daylight.solana-mainnet.quiknode.pro/057ff3aa7f3e3d9633e475e6de4f8e148ceb4d7e "HTTP/1.1 200 OK"
2025-08-21 16:26:45,010 [INFO] HTTP Request: POST https://yolo-soft-daylight.solana-mainnet.quiknode.pro/057ff3aa7f3e3d9633e475e6de4f8e148ceb4d7e "HTTP/1.1 200 OK"
2025-08-21 16:26:47,873 [INFO] HTTP Request: POST https://yolo-soft-daylight.solana-mainnet.quiknode.pro/057ff3aa7f3e3d9633e475e6de4f8e148ceb4d7e "HTTP/1.1 200 OK"
2025-08-21 16:26:49,149 [INFO] HTTP Request: POST https://yolo-soft-daylight.solana-mainnet.quiknode.pro/057ff3aa7f3e3d9633e475e6de4f8e148ceb4d7e "HTTP/1.1 200 OK"
2025-08-21 16:26:50,010 [INFO] HTTP Request: POST https://yolo-soft-daylight.solana-mainnet.quiknode.pro/057ff3aa7f3e3d9633e475e6de4f8e148ceb4d7e "HTTP/1.1 200 OK"
2025-08-21 16:26:51,601 [INFO] HTTP Request: POST https://yolo-soft-daylight.solana-mainnet.quiknode.pro/057ff3aa7f3e3d9633e475e6de4f8e148ceb4d7e "HTTP/1.1 200 OK"
2025-08-21 16:26:54,293 [INFO] HTTP Request: POST https://yolo-soft-daylight.solana-mainnet.quiknode.pro/057ff3aa7f3e3d9633e475e6de4f8e148ceb4d7e "HTTP/1.1 200 OK"
2025-08-21 16:26:55,946 [INFO] HTTP Request: POST https://yolo-soft-daylight.solana-mainnet.quiknode.pro/057ff3aa7f3e3d9633e475e6de4f8e148ceb4d7e "HTTP/1.1 200 OK"
2025-08-21 16:26:55,984 [INFO] HTTP Request: POST https://yolo-soft-daylight.solana-mainnet.quiknode.pro/057ff3aa7f3e3d9633e475e6de4f8e148ceb4d7e "HTTP/1.1 200 OK"
2025-08-21 16:26:56,102 [INFO] HTTP Request: POST https://yolo-soft-daylight.solana-mainnet.quiknode.pro/057ff3aa7f3e3d9633e475e6de4f8e148ceb4d7e "HTTP/1.1 200 OK"
2025-08-21 16:26:57,404 [INFO] HTTP Request: POST https://yolo-soft-daylight.solana-mainnet.quiknode.pro/057ff3aa7f3e3d9633e475e6de4f8e148ceb4d7e "HTTP/1.1 200 OK"
2025-08-21 16:26:57,491 [INFO] HTTP Request: POST https://yolo-soft-daylight.solana-mainnet.quiknode.pro/057ff3aa7f3e3d9633e475e6de4f8e148ceb4d7e "HTTP/1.1 200 OK"
2025-08-21 16:27:00,473 [INFO] HTTP Request: POST https://yolo-soft-daylight.solana-mainnet.quiknode.pro/057ff3aa7f3e3d9633e475e6de4f8e148ceb4d7e "HTTP/1.1 200 OK"
2025-08-21 16:27:01,758 [INFO] HTTP Request: POST https://yolo-soft-daylight.solana-mainnet.quiknode.pro/057ff3aa7f3e3d9633e475e6de4f8e148ceb4d7e "HTTP/1.1 200 OK"
2025-08-21 16:27:02,853 [INFO] HTTP Request: POST https://yolo-soft-daylight.solana-mainnet.quiknode.pro/057ff3aa7f3e3d9633e475e6de4f8e148ceb4d7e "HTTP/1.1 200 OK"
2025-08-21 16:27:04,182 [INFO] HTTP Request: POST https://yolo-soft-daylight.solana-mainnet.quiknode.pro/057ff3aa7f3e3d9633e475e6de4f8e148ceb4d7e "HTTP/1.1 200 OK"
2025-08-21 16:27:07,285 [INFO] HTTP Request: POST https://yolo-soft-daylight.solana-mainnet.quiknode.pro/057ff3aa7f3e3d9633e475e6de4f8e148ceb4d7e "HTTP/1.1 200 OK"
2025-08-21 16:27:08,504 [INFO] HTTP Request: POST https://yolo-soft-daylight.solana-mainnet.quiknode.pro/057ff3aa7f3e3d9633e475e6de4f8e148ceb4d7e "HTTP/1.1 200 OK"
2025-08-21 16:27:08,604 [INFO] HTTP Request: POST https://yolo-soft-daylight.solana-mainnet.quiknode.pro/057ff3aa7f3e3d9633e475e6de4f8e148ceb4d7e "HTTP/1.1 200 OK"
2025-08-21 16:27:08,787 [INFO] HTTP Request: POST https://yolo-soft-daylight.solana-mainnet.quiknode.pro/057ff3aa7f3e3d9633e475e6de4f8e148ceb4d7e "HTTP/1.1 200 OK"
2025-08-21 16:27:09,513 [INFO] HTTP Request: POST https://yolo-soft-daylight.solana-mainnet.quiknode.pro/057ff3aa7f3e3d9633e475e6de4f8e148ceb4d7e "HTTP/1.1 200 OK"
2025-08-21 16:27:10,488 [INFO] HTTP Request: POST https://yolo-soft-daylight.solana-mainnet.quiknode.pro/057ff3aa7f3e3d9633e475e6de4f8e148ceb4d7e "HTTP/1.1 200 OK"
2025-08-21 16:27:13,029 [INFO] HTTP Request: POST https://yolo-soft-daylight.solana-mainnet.quiknode.pro/057ff3aa7f3e3d9633e475e6de4f8e148ceb4d7e "HTTP/1.1 200 OK"
2025-08-21 16:27:14,298 [INFO] HTTP Request: POST https://yolo-soft-daylight.solana-mainnet.quiknode.pro/057ff3aa7f3e3d9633e475e6de4f8e148ceb4d7e "HTTP/1.1 200 OK"
2025-08-21 16:27:15,483 [INFO] HTTP Request: POST https://yolo-soft-daylight.solana-mainnet.quiknode.pro/057ff3aa7f3e3d9633e475e6de4f8e148ceb4d7e "HTTP/1.1 200 OK"
2025-08-21 16:27:16,885 [INFO] HTTP Request: POST https://yolo-soft-daylight.solana-mainnet.quiknode.pro/057ff3aa7f3e3d9633e475e6de4f8e148ceb4d7e "HTTP/1.1 200 OK"
2025-08-21 16:27:19,898 [INFO] HTTP Request: POST https://yolo-soft-daylight.solana-mainnet.quiknode.pro/057ff3aa7f3e3d9633e475e6de4f8e148ceb4d7e "HTTP/1.1 200 OK"
2025-08-21 16:27:20,642 [INFO] HTTP Request: POST https://yolo-soft-daylight.solana-mainnet.quiknode.pro/057ff3aa7f3e3d9633e475e6de4f8e148ceb4d7e "HTTP/1.1 200 OK"
2025-08-21 16:27:21,292 [INFO] HTTP Request: POST https://yolo-soft-daylight.solana-mainnet.quiknode.pro/057ff3aa7f3e3d9633e475e6de4f8e148ceb4d7e "HTTP/1.1 200 OK"
2025-08-21 16:27:21,720 [INFO] HTTP Request: POST https://yolo-soft-daylight.solana-mainnet.quiknode.pro/057ff3aa7f3e3d9633e475e6de4f8e148ceb4d7e "HTTP/1.1 200 OK"
2025-08-21 16:27:21,792 [INFO] HTTP Request: POST https://yolo-soft-daylight.solana-mainnet.quiknode.pro/057ff3aa7f3e3d9633e475e6de4f8e148ceb4d7e "HTTP/1.1 200 OK"
2025-08-21 16:27:23,067 [INFO] HTTP Request: POST https://yolo-soft-daylight.solana-mainnet.quiknode.pro/057ff3aa7f3e3d9633e475e6de4f8e148ceb4d7e "HTTP/1.1 200 OK"
2025-08-21 16:27:26,130 [INFO] HTTP Request: POST https://yolo-soft-daylight.solana-mainnet.quiknode.pro/057ff3aa7f3e3d9633e475e6de4f8e148ceb4d7e "HTTP/1.1 200 OK"
2025-08-21 16:27:27,500 [INFO] HTTP Request: POST https://yolo-soft-daylight.solana-mainnet.quiknode.pro/057ff3aa7f3e3d9633e475e6de4f8e148ceb4d7e "HTTP/1.1 200 OK"
2025-08-21 16:27:28,231 [INFO] HTTP Request: POST https://yolo-soft-daylight.solana-mainnet.quiknode.pro/057ff3aa7f3e3d9633e475e6de4f8e148ceb4d7e "HTTP/1.1 200 OK"
2025-08-21 16:27:29,725 [INFO] HTTP Request: POST https://yolo-soft-daylight.solana-mainnet.quiknode.pro/057ff3aa7f3e3d9633e475e6de4f8e148ceb4d7e "HTTP/1.1 200 OK"
2025-08-21 16:27:32,727 [INFO] HTTP Request: POST https://yolo-soft-daylight.solana-mainnet.quiknode.pro/057ff3aa7f3e3d9633e475e6de4f8e148ceb4d7e "HTTP/1.1 200 OK"
2025-08-21 16:27:32,827 [INFO] HTTP Request: POST https://yolo-soft-daylight.solana-mainnet.quiknode.pro/057ff3aa7f3e3d9633e475e6de4f8e148ceb4d7e "HTTP/1.1 200 OK"
2025-08-21 16:27:34,337 [INFO] HTTP Request: POST https://yolo-soft-daylight.solana-mainnet.quiknode.pro/057ff3aa7f3e3d9633e475e6de4f8e148ceb4d7e "HTTP/1.1 200 OK"
2025-08-21 16:27:34,527 [INFO] HTTP Request: POST https://yolo-soft-daylight.solana-mainnet.quiknode.pro/057ff3aa7f3e3d9633e475e6de4f8e148ceb4d7e "HTTP/1.1 200 OK"
2025-08-21 16:27:34,745 [INFO] HTTP Request: POST https://yolo-soft-daylight.solana-mainnet.quiknode.pro/057ff3aa7f3e3d9633e475e6de4f8e148ceb4d7e "HTTP/1.1 200 OK"
2025-08-21 16:27:36,068 [INFO] HTTP Request: POST https://yolo-soft-daylight.solana-mainnet.quiknode.pro/057ff3aa7f3e3d9633e475e6de4f8e148ceb4d7e "HTTP/1.1 200 OK"
2025-08-21 16:27:38,794 [INFO] HTTP Request: POST https://yolo-soft-daylight.solana-mainnet.quiknode.pro/057ff3aa7f3e3d9633e475e6de4f8e148ceb4d7e "HTTP/1.1 200 OK"
2025-08-21 16:27:40,113 [INFO] HTTP Request: POST https://yolo-soft-daylight.solana-mainnet.quiknode.pro/057ff3aa7f3e3d9633e475e6de4f8e148ceb4d7e "HTTP/1.1 200 OK"
2025-08-21 16:27:41,058 [INFO] HTTP Request: POST https://yolo-soft-daylight.solana-mainnet.quiknode.pro/057ff3aa7f3e3d9633e475e6de4f8e148ceb4d7e "HTTP/1.1 200 OK"
2025-08-21 16:27:42,483 [INFO] HTTP Request: POST https://yolo-soft-daylight.solana-mainnet.quiknode.pro/057ff3aa7f3e3d9633e475e6de4f8e148ceb4d7e "HTTP/1.1 200 OK"
2025-08-21 16:27:45,395 [INFO] HTTP Request: POST https://yolo-soft-daylight.solana-mainnet.quiknode.pro/057ff3aa7f3e3d9633e475e6de4f8e148ceb4d7e "HTTP/1.1 200 OK"
2025-08-21 16:27:45,804 [INFO] HTTP Request: POST https://yolo-soft-daylight.solana-mainnet.quiknode.pro/057ff3aa7f3e3d9633e475e6de4f8e148ceb4d7e "HTTP/1.1 200 OK"
2025-08-21 16:27:46,411 [INFO] HTTP Request: POST https://yolo-soft-daylight.solana-mainnet.quiknode.pro/057ff3aa7f3e3d9633e475e6de4f8e148ceb4d7e "HTTP/1.1 200 OK"
2025-08-21 16:27:47,210 [INFO] HTTP Request: POST https://yolo-soft-daylight.solana-mainnet.quiknode.pro/057ff3aa7f3e3d9633e475e6de4f8e148ceb4d7e "HTTP/1.1 200 OK"
2025-08-21 16:27:47,491 [INFO] HTTP Request: POST https://yolo-soft-daylight.solana-mainnet.quiknode.pro/057ff3aa7f3e3d9633e475e6de4f8e148ceb4d7e "HTTP/1.1 200 OK"
2025-08-21 16:27:48,819 [INFO] HTTP Request: POST https://yolo-soft-daylight.solana-mainnet.quiknode.pro/057ff3aa7f3e3d9633e475e6de4f8e148ceb4d7e "HTTP/1.1 200 OK"
2025-08-21 16:27:51,459 [INFO] HTTP Request: POST https://yolo-soft-daylight.solana-mainnet.quiknode.pro/057ff3aa7f3e3d9633e475e6de4f8e148ceb4d7e "HTTP/1.1 200 OK"
2025-08-21 16:27:52,787 [INFO] HTTP Request: POST https://yolo-soft-daylight.solana-mainnet.quiknode.pro/057ff3aa7f3e3d9633e475e6de4f8e148ceb4d7e "HTTP/1.1 200 OK"
2025-08-21 16:27:53,772 [INFO] HTTP Request: POST https://yolo-soft-daylight.solana-mainnet.quiknode.pro/057ff3aa7f3e3d9633e475e6de4f8e148ceb4d7e "HTTP/1.1 200 OK"
2025-08-21 16:27:55,070 [INFO] HTTP Request: POST https://yolo-soft-daylight.solana-mainnet.quiknode.pro/057ff3aa7f3e3d9633e475e6de4f8e148ceb4d7e "HTTP/1.1 200 OK"
2025-08-21 16:27:57,459 [INFO] HTTP Request: POST https://yolo-soft-daylight.solana-mainnet.quiknode.pro/057ff3aa7f3e3d9633e475e6de4f8e148ceb4d7e "HTTP/1.1 200 OK"
2025-08-21 16:27:58,533 [INFO] HTTP Request: POST https://yolo-soft-daylight.solana-mainnet.quiknode.pro/057ff3aa7f3e3d9633e475e6de4f8e148ceb4d7e "HTTP/1.1 200 OK"
2025-08-21 16:27:58,567 [INFO] HTTP Request: POST https://yolo-soft-daylight.solana-mainnet.quiknode.pro/057ff3aa7f3e3d9633e475e6de4f8e148ceb4d7e "HTTP/1.1 200 OK"
2025-08-21 16:27:59,988 [INFO] HTTP Request: POST https://yolo-soft-daylight.solana-mainnet.quiknode.pro/057ff3aa7f3e3d9633e475e6de4f8e148ceb4d7e "HTTP/1.1 200 OK"
2025-08-21 16:28:00,225 [INFO] HTTP Request: POST https://yolo-soft-daylight.solana-mainnet.quiknode.pro/057ff3aa7f3e3d9633e475e6de4f8e148ceb4d7e "HTTP/1.1 200 OK"
2025-08-21 16:28:01,671 [INFO] HTTP Request: POST https://yolo-soft-daylight.solana-mainnet.quiknode.pro/057ff3aa7f3e3d9633e475e6de4f8e148ceb4d7e "HTTP/1.1 200 OK"
2025-08-21 16:28:04,105 [INFO] HTTP Request: POST https://yolo-soft-daylight.solana-mainnet.quiknode.pro/057ff3aa7f3e3d9633e475e6de4f8e148ceb4d7e "HTTP/1.1 200 OK"
2025-08-21 16:28:05,388 [INFO] HTTP Request: POST https://yolo-soft-daylight.solana-mainnet.quiknode.pro/057ff3aa7f3e3d9633e475e6de4f8e148ceb4d7e "HTTP/1.1 200 OK"
2025-08-21 16:28:06,379 [INFO] HTTP Request: POST https://yolo-soft-daylight.solana-mainnet.quiknode.pro/057ff3aa7f3e3d9633e475e6de4f8e148ceb4d7e "HTTP/1.1 200 OK"
2025-08-21 16:28:07,752 [INFO] HTTP Request: POST https://yolo-soft-daylight.solana-mainnet.quiknode.pro/057ff3aa7f3e3d9633e475e6de4f8e148ceb4d7e "HTTP/1.1 200 OK"
2025-08-21 16:28:09,533 [INFO] HTTP Request: POST https://yolo-soft-daylight.solana-mainnet.quiknode.pro/057ff3aa7f3e3d9633e475e6de4f8e148ceb4d7e "HTTP/1.1 200 OK"
2025-08-21 16:28:10,563 [INFO] HTTP Request: POST https://yolo-soft-daylight.solana-mainnet.quiknode.pro/057ff3aa7f3e3d9633e475e6de4f8e148ceb4d7e "HTTP/1.1 200 OK"
2025-08-21 16:28:11,276 [INFO] HTTP Request: POST https://yolo-soft-daylight.solana-mainnet.quiknode.pro/057ff3aa7f3e3d9633e475e6de4f8e148ceb4d7e "HTTP/1.1 200 OK"
2025-08-21 16:28:12,695 [INFO] HTTP Request: POST https://yolo-soft-daylight.solana-mainnet.quiknode.pro/057ff3aa7f3e3d9633e475e6de4f8e148ceb4d7e "HTTP/1.1 200 OK"
2025-08-21 16:28:13,207 [INFO] HTTP Request: POST https://yolo-soft-daylight.solana-mainnet.quiknode.pro/057ff3aa7f3e3d9633e475e6de4f8e148ceb4d7e "HTTP/1.1 200 OK"
2025-08-21 16:28:14,614 [INFO] HTTP Request: POST https://yolo-soft-daylight.solana-mainnet.quiknode.pro/057ff3aa7f3e3d9633e475e6de4f8e148ceb4d7e "HTTP/1.1 200 OK"
2025-08-21 16:28:16,752 [INFO] HTTP Request: POST https://yolo-soft-daylight.solana-mainnet.quiknode.pro/057ff3aa7f3e3d9633e475e6de4f8e148ceb4d7e "HTTP/1.1 200 OK"
2025-08-21 16:28:18,083 [INFO] HTTP Request: POST https://yolo-soft-daylight.solana-mainnet.quiknode.pro/057ff3aa7f3e3d9633e475e6de4f8e148ceb4d7e "HTTP/1.1 200 OK"
2025-08-21 16:28:19,073 [INFO] HTTP Request: POST https://yolo-soft-daylight.solana-mainnet.quiknode.pro/057ff3aa7f3e3d9633e475e6de4f8e148ceb4d7e "HTTP/1.1 200 OK"
2025-08-21 16:28:20,423 [INFO] HTTP Request: POST https://yolo-soft-daylight.solana-mainnet.quiknode.pro/057ff3aa7f3e3d9633e475e6de4f8e148ceb4d7e "HTTP/1.1 200 OK"
2025-08-21 16:28:21,673 [INFO] HTTP Request: POST https://yolo-soft-daylight.solana-mainnet.quiknode.pro/057ff3aa7f3e3d9633e475e6de4f8e148ceb4d7e "HTTP/1.1 200 OK"
2025-08-21 16:28:22,704 [INFO] HTTP Request: POST https://yolo-soft-daylight.solana-mainnet.quiknode.pro/057ff3aa7f3e3d9633e475e6de4f8e148ceb4d7e "HTTP/1.1 200 OK"
2025-08-21 16:28:24,170 [INFO] HTTP Request: POST https://yolo-soft-daylight.solana-mainnet.quiknode.pro/057ff3aa7f3e3d9633e475e6de4f8e148ceb4d7e "HTTP/1.1 200 OK"
2025-08-21 16:28:25,610 [INFO] HTTP Request: POST https://yolo-soft-daylight.solana-mainnet.quiknode.pro/057ff3aa7f3e3d9633e475e6de4f8e148ceb4d7e "HTTP/1.1 200 OK"
2025-08-21 16:28:25,963 [INFO] HTTP Request: POST https://yolo-soft-daylight.solana-mainnet.quiknode.pro/057ff3aa7f3e3d9633e475e6de4f8e148ceb4d7e "HTTP/1.1 200 OK"
2025-08-21 16:28:27,214 [INFO] HTTP Request: POST https://yolo-soft-daylight.solana-mainnet.quiknode.pro/057ff3aa7f3e3d9633e475e6de4f8e148ceb4d7e "HTTP/1.1 200 OK"
2025-08-21 16:28:29,408 [INFO] HTTP Request: POST https://yolo-soft-daylight.solana-mainnet.quiknode.pro/057ff3aa7f3e3d9633e475e6de4f8e148ceb4d7e "HTTP/1.1 200 OK"
2025-08-21 16:28:30,825 [INFO] HTTP Request: POST https://yolo-soft-daylight.solana-mainnet.quiknode.pro/057ff3aa7f3e3d9633e475e6de4f8e148ceb4d7e "HTTP/1.1 200 OK"
2025-08-21 16:28:31,977 [INFO] HTTP Request: POST https://yolo-soft-daylight.solana-mainnet.quiknode.pro/057ff3aa7f3e3d9633e475e6de4f8e148ceb4d7e "HTTP/1.1 200 OK"
2025-08-21 16:28:33,357 [INFO] HTTP Request: POST https://yolo-soft-daylight.solana-mainnet.quiknode.pro/057ff3aa7f3e3d9633e475e6de4f8e148ceb4d7e "HTTP/1.1 200 OK"
2025-08-21 16:28:33,831 [INFO] HTTP Request: POST https://yolo-soft-daylight.solana-mainnet.quiknode.pro/057ff3aa7f3e3d9633e475e6de4f8e148ceb4d7e "HTTP/1.1 200 OK"
2025-08-21 16:28:34,878 [INFO] HTTP Request: POST https://yolo-soft-daylight.solana-mainnet.quiknode.pro/057ff3aa7f3e3d9633e475e6de4f8e148ceb4d7e "HTTP/1.1 200 OK"
2025-08-21 16:28:36,973 [INFO] HTTP Request: POST https://yolo-soft-daylight.solana-mainnet.quiknode.pro/057ff3aa7f3e3d9633e475e6de4f8e148ceb4d7e "HTTP/1.1 200 OK"
2025-08-21 16:28:38,356 [INFO] HTTP Request: POST https://yolo-soft-daylight.solana-mainnet.quiknode.pro/057ff3aa7f3e3d9633e475e6de4f8e148ceb4d7e "HTTP/1.1 200 OK"
2025-08-21 16:28:38,766 [INFO] HTTP Request: POST https://yolo-soft-daylight.solana-mainnet.quiknode.pro/057ff3aa7f3e3d9633e475e6de4f8e148ceb4d7e "HTTP/1.1 200 OK"
2025-08-21 16:28:40,072 [INFO] HTTP Request: POST https://yolo-soft-daylight.solana-mainnet.quiknode.pro/057ff3aa7f3e3d9633e475e6de4f8e148ceb4d7e "HTTP/1.1 200 OK"
2025-08-21 16:28:42,116 [INFO] HTTP Request: POST https://yolo-soft-daylight.solana-mainnet.quiknode.pro/057ff3aa7f3e3d9633e475e6de4f8e148ceb4d7e "HTTP/1.1 200 OK"
2025-08-21 16:28:43,394 [INFO] HTTP Request: POST https://yolo-soft-daylight.solana-mainnet.quiknode.pro/057ff3aa7f3e3d9633e475e6de4f8e148ceb4d7e "HTTP/1.1 200 OK"
2025-08-21 16:28:44,744 [INFO] HTTP Request: POST https://yolo-soft-daylight.solana-mainnet.quiknode.pro/057ff3aa7f3e3d9633e475e6de4f8e148ceb4d7e "HTTP/1.1 200 OK"
2025-08-21 16:28:46,068 [INFO] HTTP Request: POST https://yolo-soft-daylight.solana-mainnet.quiknode.pro/057ff3aa7f3e3d9633e475e6de4f8e148ceb4d7e "HTTP/1.1 200 OK"
2025-08-21 16:28:46,175 [INFO] HTTP Request: POST https://yolo-soft-daylight.solana-mainnet.quiknode.pro/057ff3aa7f3e3d9633e475e6de4f8e148ceb4d7e "HTTP/1.1 200 OK"
2025-08-21 16:28:47,037 [INFO] HTTP Request: POST https://yolo-soft-daylight.solana-mainnet.quiknode.pro/057ff3aa7f3e3d9633e475e6de4f8e148ceb4d7e "HTTP/1.1 200 OK"
2025-08-21 16:28:49,726 [INFO] HTTP Request: POST https://yolo-soft-daylight.solana-mainnet.quiknode.pro/057ff3aa7f3e3d9633e475e6de4f8e148ceb4d7e "HTTP/1.1 200 OK"
2025-08-21 16:28:51,405 [INFO] HTTP Request: POST https://yolo-soft-daylight.solana-mainnet.quiknode.pro/057ff3aa7f3e3d9633e475e6de4f8e148ceb4d7e "HTTP/1.1 200 OK"
2025-08-21 16:28:51,551 [INFO] HTTP Request: POST https://yolo-soft-daylight.solana-mainnet.quiknode.pro/057ff3aa7f3e3d9633e475e6de4f8e148ceb4d7e "HTTP/1.1 200 OK"
2025-08-21 16:28:52,845 [INFO] HTTP Request: POST https://yolo-soft-daylight.solana-mainnet.quiknode.pro/057ff3aa7f3e3d9633e475e6de4f8e148ceb4d7e "HTTP/1.1 200 OK"
2025-08-21 16:28:54,704 [INFO] HTTP Request: POST https://yolo-soft-daylight.solana-mainnet.quiknode.pro/057ff3aa7f3e3d9633e475e6de4f8e148ceb4d7e "HTTP/1.1 200 OK"
2025-08-21 16:28:55,965 [INFO] HTTP Request: POST https://yolo-soft-daylight.solana-mainnet.quiknode.pro/057ff3aa7f3e3d9633e475e6de4f8e148ceb4d7e "HTTP/1.1 200 OK"
2025-08-21 16:28:57,415 [INFO] HTTP Request: POST https://yolo-soft-daylight.solana-mainnet.quiknode.pro/057ff3aa7f3e3d9633e475e6de4f8e148ceb4d7e "HTTP/1.1 200 OK"
2025-08-21 16:28:58,049 [INFO] HTTP Request: POST https://yolo-soft-daylight.solana-mainnet.quiknode.pro/057ff3aa7f3e3d9633e475e6de4f8e148ceb4d7e "HTTP/1.1 200 OK"
2025-08-21 16:28:58,685 [INFO] HTTP Request: POST https://yolo-soft-daylight.solana-mainnet.quiknode.pro/057ff3aa7f3e3d9633e475e6de4f8e148ceb4d7e "HTTP/1.1 200 OK"
2025-08-21 16:28:59,035 [INFO] HTTP Request: POST https://yolo-soft-daylight.solana-mainnet.quiknode.pro/057ff3aa7f3e3d9633e475e6de4f8e148ceb4d7e "HTTP/1.1 200 OK"
2025-08-21 16:29:02,637 [INFO] HTTP Request: POST https://yolo-soft-daylight.solana-mainnet.quiknode.pro/057ff3aa7f3e3d9633e475e6de4f8e148ceb4d7e "HTTP/1.1 200 OK"
2025-08-21 16:29:03,904 [INFO] HTTP Request: POST https://yolo-soft-daylight.solana-mainnet.quiknode.pro/057ff3aa7f3e3d9633e475e6de4f8e148ceb4d7e "HTTP/1.1 200 OK"
2025-08-21 16:29:04,116 [INFO] HTTP Request: POST https://yolo-soft-daylight.solana-mainnet.quiknode.pro/057ff3aa7f3e3d9633e475e6de4f8e148ceb4d7e "HTTP/1.1 200 OK"
2025-08-21 16:29:05,345 [INFO] HTTP Request: POST https://yolo-soft-daylight.solana-mainnet.quiknode.pro/057ff3aa7f3e3d9633e475e6de4f8e148ceb4d7e "HTTP/1.1 200 OK"
2025-08-21 16:29:07,191 [INFO] HTTP Request: POST https://yolo-soft-daylight.solana-mainnet.quiknode.pro/057ff3aa7f3e3d9633e475e6de4f8e148ceb4d7e "HTTP/1.1 200 OK"
2025-08-21 16:29:08,448 [INFO] HTTP Request: POST https://yolo-soft-daylight.solana-mainnet.quiknode.pro/057ff3aa7f3e3d9633e475e6de4f8e148ceb4d7e "HTTP/1.1 200 OK"
2025-08-21 16:29:09,925 [INFO] HTTP Request: POST https://yolo-soft-daylight.solana-mainnet.quiknode.pro/057ff3aa7f3e3d9633e475e6de4f8e148ceb4d7e "HTTP/1.1 200 OK"
2025-08-21 16:29:10,048 [INFO] HTTP Request: POST https://yolo-soft-daylight.solana-mainnet.quiknode.pro/057ff3aa7f3e3d9633e475e6de4f8e148ceb4d7e "HTTP/1.1 200 OK"
2025-08-21 16:29:11,211 [INFO] HTTP Request: POST https://yolo-soft-daylight.solana-mainnet.quiknode.pro/057ff3aa7f3e3d9633e475e6de4f8e148ceb4d7e "HTTP/1.1 200 OK"
2025-08-21 16:29:11,224 [INFO] HTTP Request: POST https://yolo-soft-daylight.solana-mainnet.quiknode.pro/057ff3aa7f3e3d9633e475e6de4f8e148ceb4d7e "HTTP/1.1 200 OK"
2025-08-21 16:29:15,133 [INFO] HTTP Request: POST https://yolo-soft-daylight.solana-mainnet.quiknode.pro/057ff3aa7f3e3d9633e475e6de4f8e148ceb4d7e "HTTP/1.1 200 OK"
2025-08-21 16:29:16,414 [INFO] HTTP Request: POST https://yolo-soft-daylight.solana-mainnet.quiknode.pro/057ff3aa7f3e3d9633e475e6de4f8e148ceb4d7e "HTTP/1.1 200 OK"
2025-08-21 16:29:16,607 [INFO] HTTP Request: POST https://yolo-soft-daylight.solana-mainnet.quiknode.pro/057ff3aa7f3e3d9633e475e6de4f8e148ceb4d7e "HTTP/1.1 200 OK"
2025-08-21 16:29:17,832 [INFO] HTTP Request: POST https://yolo-soft-daylight.solana-mainnet.quiknode.pro/057ff3aa7f3e3d9633e475e6de4f8e148ceb4d7e "HTTP/1.1 200 OK"
2025-08-21 16:29:19,656 [INFO] HTTP Request: POST https://yolo-soft-daylight.solana-mainnet.quiknode.pro/057ff3aa7f3e3d9633e475e6de4f8e148ceb4d7e "HTTP/1.1 200 OK"
2025-08-21 16:29:20,876 [INFO] HTTP Request: POST https://yolo-soft-daylight.solana-mainnet.quiknode.pro/057ff3aa7f3e3d9633e475e6de4f8e148ceb4d7e "HTTP/1.1 200 OK"
2025-08-21 16:29:22,232 [INFO] HTTP Request: POST https://yolo-soft-daylight.solana-mainnet.quiknode.pro/057ff3aa7f3e3d9633e475e6de4f8e148ceb4d7e "HTTP/1.1 200 OK"
2025-08-21 16:29:22,471 [INFO] HTTP Request: POST https://yolo-soft-daylight.solana-mainnet.quiknode.pro/057ff3aa7f3e3d9633e475e6de4f8e148ceb4d7e "HTTP/1.1 200 OK"
2025-08-21 16:29:23,263 [INFO] HTTP Request: POST https://yolo-soft-daylight.solana-mainnet.quiknode.pro/057ff3aa7f3e3d9633e475e6de4f8e148ceb4d7e "HTTP/1.1 200 OK"
2025-08-21 16:29:23,737 [INFO] HTTP Request: POST https://yolo-soft-daylight.solana-mainnet.quiknode.pro/057ff3aa7f3e3d9633e475e6de4f8e148ceb4d7e "HTTP/1.1 200 OK"
2025-08-21 16:29:27,656 [INFO] HTTP Request: POST https://yolo-soft-daylight.solana-mainnet.quiknode.pro/057ff3aa7f3e3d9633e475e6de4f8e148ceb4d7e "HTTP/1.1 200 OK"
2025-08-21 16:29:28,974 [INFO] HTTP Request: POST https://yolo-soft-daylight.solana-mainnet.quiknode.pro/057ff3aa7f3e3d9633e475e6de4f8e148ceb4d7e "HTTP/1.1 200 OK"
2025-08-21 16:29:29,113 [INFO] HTTP Request: POST https://yolo-soft-daylight.solana-mainnet.quiknode.pro/057ff3aa7f3e3d9633e475e6de4f8e148ceb4d7e "HTTP/1.1 200 OK"
2025-08-21 16:29:30,332 [INFO] HTTP Request: POST https://yolo-soft-daylight.solana-mainnet.quiknode.pro/057ff3aa7f3e3d9633e475e6de4f8e148ceb4d7e "HTTP/1.1 200 OK"
2025-08-21 16:29:32,077 [INFO] HTTP Request: POST https://yolo-soft-daylight.solana-mainnet.quiknode.pro/057ff3aa7f3e3d9633e475e6de4f8e148ceb4d7e "HTTP/1.1 200 OK"
2025-08-21 16:29:33,271 [INFO] HTTP Request: POST https://yolo-soft-daylight.solana-mainnet.quiknode.pro/057ff3aa7f3e3d9633e475e6de4f8e148ceb4d7e "HTTP/1.1 200 OK"
2025-08-21 16:29:34,232 [INFO] HTTP Request: POST https://yolo-soft-daylight.solana-mainnet.quiknode.pro/057ff3aa7f3e3d9633e475e6de4f8e148ceb4d7e "HTTP/1.1 200 OK"
2025-08-21 16:29:34,963 [INFO] HTTP Request: POST https://yolo-soft-daylight.solana-mainnet.quiknode.pro/057ff3aa7f3e3d9633e475e6de4f8e148ceb4d7e "HTTP/1.1 200 OK"
2025-08-21 16:29:35,212 [INFO] HTTP Request: POST https://yolo-soft-daylight.solana-mainnet.quiknode.pro/057ff3aa7f3e3d9633e475e6de4f8e148ceb4d7e "HTTP/1.1 200 OK"
2025-08-21 16:29:36,191 [INFO] HTTP Request: POST https://yolo-soft-daylight.solana-mainnet.quiknode.pro/057ff3aa7f3e3d9633e475e6de4f8e148ceb4d7e "HTTP/1.1 200 OK"
2025-08-21 16:29:40,219 [INFO] HTTP Request: POST https://yolo-soft-daylight.solana-mainnet.quiknode.pro/057ff3aa7f3e3d9633e475e6de4f8e148ceb4d7e "HTTP/1.1 200 OK"
2025-08-21 16:29:41,587 [INFO] HTTP Request: POST https://yolo-soft-daylight.solana-mainnet.quiknode.pro/057ff3aa7f3e3d9633e475e6de4f8e148ceb4d7e "HTTP/1.1 200 OK"
2025-08-21 16:29:41,620 [INFO] HTTP Request: POST https://yolo-soft-daylight.solana-mainnet.quiknode.pro/057ff3aa7f3e3d9633e475e6de4f8e148ceb4d7e "HTTP/1.1 200 OK"
2025-08-21 16:29:42,855 [INFO] HTTP Request: POST https://yolo-soft-daylight.solana-mainnet.quiknode.pro/057ff3aa7f3e3d9633e475e6de4f8e148ceb4d7e "HTTP/1.1 200 OK"
2025-08-21 16:29:44,527 [INFO] HTTP Request: POST https://yolo-soft-daylight.solana-mainnet.quiknode.pro/057ff3aa7f3e3d9633e475e6de4f8e148ceb4d7e "HTTP/1.1 200 OK"
2025-08-21 16:29:45,759 [INFO] HTTP Request: POST https://yolo-soft-daylight.solana-mainnet.quiknode.pro/057ff3aa7f3e3d9633e475e6de4f8e148ceb4d7e "HTTP/1.1 200 OK"
2025-08-21 16:29:46,189 [INFO] HTTP Request: POST https://yolo-soft-daylight.solana-mainnet.quiknode.pro/057ff3aa7f3e3d9633e475e6de4f8e148ceb4d7e "HTTP/1.1 200 OK"
2025-08-21 16:29:47,199 [INFO] HTTP Request: POST https://yolo-soft-daylight.solana-mainnet.quiknode.pro/057ff3aa7f3e3d9633e475e6de4f8e148ceb4d7e "HTTP/1.1 200 OK"
2025-08-21 16:29:47,425 [INFO] HTTP Request: POST https://yolo-soft-daylight.solana-mainnet.quiknode.pro/057ff3aa7f3e3d9633e475e6de4f8e148ceb4d7e "HTTP/1.1 200 OK"
2025-08-21 16:29:48,667 [INFO] HTTP Request: POST https://yolo-soft-daylight.solana-mainnet.quiknode.pro/057ff3aa7f3e3d9633e475e6de4f8e148ceb4d7e "HTTP/1.1 200 OK"
2025-08-21 16:29:52,991 [INFO] HTTP Request: POST https://yolo-soft-daylight.solana-mainnet.quiknode.pro/057ff3aa7f3e3d9633e475e6de4f8e148ceb4d7e "HTTP/1.1 200 OK"
2025-08-21 16:29:54,130 [INFO] HTTP Request: POST https://yolo-soft-daylight.solana-mainnet.quiknode.pro/057ff3aa7f3e3d9633e475e6de4f8e148ceb4d7e "HTTP/1.1 200 OK"
2025-08-21 16:29:54,248 [INFO] HTTP Request: POST https://yolo-soft-daylight.solana-mainnet.quiknode.pro/057ff3aa7f3e3d9633e475e6de4f8e148ceb4d7e "HTTP/1.1 200 OK"
2025-08-21 16:29:55,348 [INFO] HTTP Request: POST https://yolo-soft-daylight.solana-mainnet.quiknode.pro/057ff3aa7f3e3d9633e475e6de4f8e148ceb4d7e "HTTP/1.1 200 OK"
2025-08-21 16:29:56,996 [INFO] HTTP Request: POST https://yolo-soft-daylight.solana-mainnet.quiknode.pro/057ff3aa7f3e3d9633e475e6de4f8e148ceb4d7e "HTTP/1.1 200 OK"
2025-08-21 16:29:58,218 [INFO] HTTP Request: POST https://yolo-soft-daylight.solana-mainnet.quiknode.pro/057ff3aa7f3e3d9633e475e6de4f8e148ceb4d7e "HTTP/1.1 200 OK"
2025-08-21 16:29:58,253 [INFO] HTTP Request: POST https://yolo-soft-daylight.solana-mainnet.quiknode.pro/057ff3aa7f3e3d9633e475e6de4f8e148ceb4d7e "HTTP/1.1 200 OK"
2025-08-21 16:29:59,184 [INFO] HTTP Request: POST https://yolo-soft-daylight.solana-mainnet.quiknode.pro/057ff3aa7f3e3d9633e475e6de4f8e148ceb4d7e "HTTP/1.1 200 OK"
2025-08-21 16:29:59,913 [INFO] HTTP Request: POST https://yolo-soft-daylight.solana-mainnet.quiknode.pro/057ff3aa7f3e3d9633e475e6de4f8e148ceb4d7e "HTTP/1.1 200 OK"
2025-08-21 16:30:01,153 [INFO] HTTP Request: POST https://yolo-soft-daylight.solana-mainnet.quiknode.pro/057ff3aa7f3e3d9633e475e6de4f8e148ceb4d7e "HTTP/1.1 200 OK"
2025-08-21 16:30:05,471 [INFO] HTTP Request: POST https://yolo-soft-daylight.solana-mainnet.quiknode.pro/057ff3aa7f3e3d9633e475e6de4f8e148ceb4d7e "HTTP/1.1 200 OK"
2025-08-21 16:30:06,627 [INFO] HTTP Request: POST https://yolo-soft-daylight.solana-mainnet.quiknode.pro/057ff3aa7f3e3d9633e475e6de4f8e148ceb4d7e "HTTP/1.1 200 OK"
2025-08-21 16:30:06,746 [INFO] HTTP Request: POST https://yolo-soft-daylight.solana-mainnet.quiknode.pro/057ff3aa7f3e3d9633e475e6de4f8e148ceb4d7e "HTTP/1.1 200 OK"
2025-08-21 16:30:07,828 [INFO] HTTP Request: POST https://yolo-soft-daylight.solana-mainnet.quiknode.pro/057ff3aa7f3e3d9633e475e6de4f8e148ceb4d7e "HTTP/1.1 200 OK"
2025-08-21 16:30:09,492 [INFO] HTTP Request: POST https://yolo-soft-daylight.solana-mainnet.quiknode.pro/057ff3aa7f3e3d9633e475e6de4f8e148ceb4d7e "HTTP/1.1 200 OK"
2025-08-21 16:30:10,189 [INFO] HTTP Request: POST https://yolo-soft-daylight.solana-mainnet.quiknode.pro/057ff3aa7f3e3d9633e475e6de4f8e148ceb4d7e "HTTP/1.1 200 OK"
2025-08-21 16:30:10,743 [INFO] HTTP Request: POST https://yolo-soft-daylight.solana-mainnet.quiknode.pro/057ff3aa7f3e3d9633e475e6de4f8e148ceb4d7e "HTTP/1.1 200 OK"
2025-08-21 16:30:11,168 [INFO] HTTP Request: POST https://yolo-soft-daylight.solana-mainnet.quiknode.pro/057ff3aa7f3e3d9633e475e6de4f8e148ceb4d7e "HTTP/1.1 200 OK"
2025-08-21 16:30:12,372 [INFO] HTTP Request: POST https://yolo-soft-daylight.solana-mainnet.quiknode.pro/057ff3aa7f3e3d9633e475e6de4f8e148ceb4d7e "HTTP/1.1 200 OK"
2025-08-21 16:30:13,625 [INFO] HTTP Request: POST https://yolo-soft-daylight.solana-mainnet.quiknode.pro/057ff3aa7f3e3d9633e475e6de4f8e148ceb4d7e "HTTP/1.1 200 OK"
2025-08-21 16:30:17,983 [INFO] HTTP Request: POST https://yolo-soft-daylight.solana-mainnet.quiknode.pro/057ff3aa7f3e3d9633e475e6de4f8e148ceb4d7e "HTTP/1.1 200 OK"
2025-08-21 16:30:19,130 [INFO] HTTP Request: POST https://yolo-soft-daylight.solana-mainnet.quiknode.pro/057ff3aa7f3e3d9633e475e6de4f8e148ceb4d7e "HTTP/1.1 200 OK"
2025-08-21 16:30:19,265 [INFO] HTTP Request: POST https://yolo-soft-daylight.solana-mainnet.quiknode.pro/057ff3aa7f3e3d9633e475e6de4f8e148ceb4d7e "HTTP/1.1 200 OK"
2025-08-21 16:30:20,415 [INFO] HTTP Request: POST https://yolo-soft-daylight.solana-mainnet.quiknode.pro/057ff3aa7f3e3d9633e475e6de4f8e148ceb4d7e "HTTP/1.1 200 OK"
2025-08-21 16:30:22,049 [INFO] HTTP Request: POST https://yolo-soft-daylight.solana-mainnet.quiknode.pro/057ff3aa7f3e3d9633e475e6de4f8e148ceb4d7e "HTTP/1.1 200 OK"
2025-08-21 16:30:22,183 [INFO] HTTP Request: POST https://yolo-soft-daylight.solana-mainnet.quiknode.pro/057ff3aa7f3e3d9633e475e6de4f8e148ceb4d7e "HTTP/1.1 200 OK"
2025-08-21 16:30:23,247 [INFO] HTTP Request: POST https://yolo-soft-daylight.solana-mainnet.quiknode.pro/057ff3aa7f3e3d9633e475e6de4f8e148ceb4d7e "HTTP/1.1 200 OK"
2025-08-21 16:30:23,332 [INFO] HTTP Request: POST https://yolo-soft-daylight.solana-mainnet.quiknode.pro/057ff3aa7f3e3d9633e475e6de4f8e148ceb4d7e "HTTP/1.1 200 OK"
2025-08-21 16:30:24,962 [INFO] HTTP Request: POST https://yolo-soft-daylight.solana-mainnet.quiknode.pro/057ff3aa7f3e3d9633e475e6de4f8e148ceb4d7e "HTTP/1.1 200 OK"
2025-08-21 16:30:26,323 [INFO] HTTP Request: POST https://yolo-soft-daylight.solana-mainnet.quiknode.pro/057ff3aa7f3e3d9633e475e6de4f8e148ceb4d7e "HTTP/1.1 200 OK"
2025-08-21 16:30:30,544 [INFO] HTTP Request: POST https://yolo-soft-daylight.solana-mainnet.quiknode.pro/057ff3aa7f3e3d9633e475e6de4f8e148ceb4d7e "HTTP/1.1 200 OK"
2025-08-21 16:30:32,127 [INFO] HTTP Request: POST https://yolo-soft-daylight.solana-mainnet.quiknode.pro/057ff3aa7f3e3d9633e475e6de4f8e148ceb4d7e "HTTP/1.1 200 OK"
2025-08-21 16:30:32,240 [INFO] HTTP Request: POST https://yolo-soft-daylight.solana-mainnet.quiknode.pro/057ff3aa7f3e3d9633e475e6de4f8e148ceb4d7e "HTTP/1.1 200 OK"
2025-08-21 16:30:33,543 [INFO] HTTP Request: POST https://yolo-soft-daylight.solana-mainnet.quiknode.pro/057ff3aa7f3e3d9633e475e6de4f8e148ceb4d7e "HTTP/1.1 200 OK"
2025-08-21 16:30:34,277 [INFO] HTTP Request: POST https://yolo-soft-daylight.solana-mainnet.quiknode.pro/057ff3aa7f3e3d9633e475e6de4f8e148ceb4d7e "HTTP/1.1 200 OK"
2025-08-21 16:30:34,593 [INFO] HTTP Request: POST https://yolo-soft-daylight.solana-mainnet.quiknode.pro/057ff3aa7f3e3d9633e475e6de4f8e148ceb4d7e "HTTP/1.1 200 OK"
2025-08-21 16:30:35,271 [INFO] HTTP Request: POST https://yolo-soft-daylight.solana-mainnet.quiknode.pro/057ff3aa7f3e3d9633e475e6de4f8e148ceb4d7e "HTTP/1.1 200 OK"
2025-08-21 16:30:35,855 [INFO] HTTP Request: POST https://yolo-soft-daylight.solana-mainnet.quiknode.pro/057ff3aa7f3e3d9633e475e6de4f8e148ceb4d7e "HTTP/1.1 200 OK"
2025-08-21 16:30:37,564 [INFO] HTTP Request: POST https://yolo-soft-daylight.solana-mainnet.quiknode.pro/057ff3aa7f3e3d9633e475e6de4f8e148ceb4d7e "HTTP/1.1 200 OK"
2025-08-21 16:30:38,785 [INFO] HTTP Request: POST https://yolo-soft-daylight.solana-mainnet.quiknode.pro/057ff3aa7f3e3d9633e475e6de4f8e148ceb4d7e "HTTP/1.1 200 OK"
2025-08-21 16:30:43,481 [INFO] HTTP Request: POST https://yolo-soft-daylight.solana-mainnet.quiknode.pro/057ff3aa7f3e3d9633e475e6de4f8e148ceb4d7e "HTTP/1.1 200 OK"
2025-08-21 16:30:44,785 [INFO] HTTP Request: POST https://yolo-soft-daylight.solana-mainnet.quiknode.pro/057ff3aa7f3e3d9633e475e6de4f8e148ceb4d7e "HTTP/1.1 200 OK"
2025-08-21 16:30:44,836 [INFO] HTTP Request: POST https://yolo-soft-daylight.solana-mainnet.quiknode.pro/057ff3aa7f3e3d9633e475e6de4f8e148ceb4d7e "HTTP/1.1 200 OK"
2025-08-21 16:30:46,055 [INFO] HTTP Request: POST https://yolo-soft-daylight.solana-mainnet.quiknode.pro/057ff3aa7f3e3d9633e475e6de4f8e148ceb4d7e "HTTP/1.1 200 OK"
2025-08-21 16:30:46,301 [INFO] HTTP Request: POST https://yolo-soft-daylight.solana-mainnet.quiknode.pro/057ff3aa7f3e3d9633e475e6de4f8e148ceb4d7e "HTTP/1.1 200 OK"
2025-08-21 16:30:47,115 [INFO] HTTP Request: POST https://yolo-soft-daylight.solana-mainnet.quiknode.pro/057ff3aa7f3e3d9633e475e6de4f8e148ceb4d7e "HTTP/1.1 200 OK"
2025-08-21 16:30:47,294 [INFO] HTTP Request: POST https://yolo-soft-daylight.solana-mainnet.quiknode.pro/057ff3aa7f3e3d9633e475e6de4f8e148ceb4d7e "HTTP/1.1 200 OK"
2025-08-21 16:30:48,317 [INFO] HTTP Request: POST https://yolo-soft-daylight.solana-mainnet.quiknode.pro/057ff3aa7f3e3d9633e475e6de4f8e148ceb4d7e "HTTP/1.1 200 OK"
2025-08-21 16:30:50,012 [INFO] HTTP Request: POST https://yolo-soft-daylight.solana-mainnet.quiknode.pro/057ff3aa7f3e3d9633e475e6de4f8e148ceb4d7e "HTTP/1.1 200 OK"
2025-08-21 16:30:51,239 [INFO] HTTP Request: POST https://yolo-soft-daylight.solana-mainnet.quiknode.pro/057ff3aa7f3e3d9633e475e6de4f8e148ceb4d7e "HTTP/1.1 200 OK"
2025-08-21 16:30:56,093 [INFO] HTTP Request: POST https://yolo-soft-daylight.solana-mainnet.quiknode.pro/057ff3aa7f3e3d9633e475e6de4f8e148ceb4d7e "HTTP/1.1 200 OK"
2025-08-21 16:30:57,319 [INFO] HTTP Request: POST https://yolo-soft-daylight.solana-mainnet.quiknode.pro/057ff3aa7f3e3d9633e475e6de4f8e148ceb4d7e "HTTP/1.1 200 OK"
2025-08-21 16:30:57,352 [INFO] HTTP Request: POST https://yolo-soft-daylight.solana-mainnet.quiknode.pro/057ff3aa7f3e3d9633e475e6de4f8e148ceb4d7e "HTTP/1.1 200 OK"
2025-08-21 16:30:58,543 [INFO] HTTP Request: POST https://yolo-soft-daylight.solana-mainnet.quiknode.pro/057ff3aa7f3e3d9633e475e6de4f8e148ceb4d7e "HTTP/1.1 200 OK"
2025-08-21 16:30:59,025 [INFO] HTTP Request: POST https://yolo-soft-daylight.solana-mainnet.quiknode.pro/057ff3aa7f3e3d9633e475e6de4f8e148ceb4d7e "HTTP/1.1 200 OK"
2025-08-21 16:30:59,518 [INFO] HTTP Request: POST https://yolo-soft-daylight.solana-mainnet.quiknode.pro/057ff3aa7f3e3d9633e475e6de4f8e148ceb4d7e "HTTP/1.1 200 OK"
2025-08-21 16:30:59,986 [INFO] HTTP Request: POST https://yolo-soft-daylight.solana-mainnet.quiknode.pro/057ff3aa7f3e3d9633e475e6de4f8e148ceb4d7e "HTTP/1.1 200 OK"
2025-08-21 16:31:00,754 [INFO] HTTP Request: POST https://yolo-soft-daylight.solana-mainnet.quiknode.pro/057ff3aa7f3e3d9633e475e6de4f8e148ceb4d7e "HTTP/1.1 200 OK"
2025-08-21 16:31:02,455 [INFO] HTTP Request: POST https://yolo-soft-daylight.solana-mainnet.quiknode.pro/057ff3aa7f3e3d9633e475e6de4f8e148ceb4d7e "HTTP/1.1 200 OK"
2025-08-21 16:31:03,675 [INFO] HTTP Request: POST https://yolo-soft-daylight.solana-mainnet.quiknode.pro/057ff3aa7f3e3d9633e475e6de4f8e148ceb4d7e "HTTP/1.1 200 OK"
2025-08-21 16:31:08,604 [INFO] HTTP Request: POST https://yolo-soft-daylight.solana-mainnet.quiknode.pro/057ff3aa7f3e3d9633e475e6de4f8e148ceb4d7e "HTTP/1.1 200 OK"
2025-08-21 16:31:09,795 [INFO] HTTP Request: POST https://yolo-soft-daylight.solana-mainnet.quiknode.pro/057ff3aa7f3e3d9633e475e6de4f8e148ceb4d7e "HTTP/1.1 200 OK"
2025-08-21 16:31:09,851 [INFO] HTTP Request: POST https://yolo-soft-daylight.solana-mainnet.quiknode.pro/057ff3aa7f3e3d9633e475e6de4f8e148ceb4d7e "HTTP/1.1 200 OK"
2025-08-21 16:31:11,022 [INFO] HTTP Request: POST https://yolo-soft-daylight.solana-mainnet.quiknode.pro/057ff3aa7f3e3d9633e475e6de4f8e148ceb4d7e "HTTP/1.1 200 OK"
2025-08-21 16:31:11,049 [INFO] HTTP Request: POST https://yolo-soft-daylight.solana-mainnet.quiknode.pro/057ff3aa7f3e3d9633e475e6de4f8e148ceb4d7e "HTTP/1.1 200 OK"
2025-08-21 16:31:11,994 [INFO] HTTP Request: POST https://yolo-soft-daylight.solana-mainnet.quiknode.pro/057ff3aa7f3e3d9633e475e6de4f8e148ceb4d7e "HTTP/1.1 200 OK"
2025-08-21 16:31:12,044 [INFO] HTTP Request: POST https://yolo-soft-daylight.solana-mainnet.quiknode.pro/057ff3aa7f3e3d9633e475e6de4f8e148ceb4d7e "HTTP/1.1 200 OK"
2025-08-21 16:31:13,250 [INFO] HTTP Request: POST https://yolo-soft-daylight.solana-mainnet.quiknode.pro/057ff3aa7f3e3d9633e475e6de4f8e148ceb4d7e "HTTP/1.1 200 OK"
2025-08-21 16:31:14,913 [INFO] HTTP Request: POST https://yolo-soft-daylight.solana-mainnet.quiknode.pro/057ff3aa7f3e3d9633e475e6de4f8e148ceb4d7e "HTTP/1.1 200 OK"
2025-08-21 16:31:16,135 [INFO] HTTP Request: POST https://yolo-soft-daylight.solana-mainnet.quiknode.pro/057ff3aa7f3e3d9633e475e6de4f8e148ceb4d7e "HTTP/1.1 200 OK"
2025-08-21 16:31:21,076 [INFO] HTTP Request: POST https://yolo-soft-daylight.solana-mainnet.quiknode.pro/057ff3aa7f3e3d9633e475e6de4f8e148ceb4d7e "HTTP/1.1 200 OK"
2025-08-21 16:31:22,322 [INFO] HTTP Request: POST https://yolo-soft-daylight.solana-mainnet.quiknode.pro/057ff3aa7f3e3d9633e475e6de4f8e148ceb4d7e "HTTP/1.1 200 OK"
2025-08-21 16:31:22,341 [INFO] HTTP Request: POST https://yolo-soft-daylight.solana-mainnet.quiknode.pro/057ff3aa7f3e3d9633e475e6de4f8e148ceb4d7e "HTTP/1.1 200 OK"
2025-08-21 16:31:23,027 [INFO] HTTP Request: POST https://yolo-soft-daylight.solana-mainnet.quiknode.pro/057ff3aa7f3e3d9633e475e6de4f8e148ceb4d7e "HTTP/1.1 200 OK"
2025-08-21 16:31:23,541 [INFO] HTTP Request: POST https://yolo-soft-daylight.solana-mainnet.quiknode.pro/057ff3aa7f3e3d9633e475e6de4f8e148ceb4d7e "HTTP/1.1 200 OK"
2025-08-21 16:31:24,053 [INFO] HTTP Request: POST https://yolo-soft-daylight.solana-mainnet.quiknode.pro/057ff3aa7f3e3d9633e475e6de4f8e148ceb4d7e "HTTP/1.1 200 OK"
2025-08-21 16:31:24,478 [INFO] HTTP Request: POST https://yolo-soft-daylight.solana-mainnet.quiknode.pro/057ff3aa7f3e3d9633e475e6de4f8e148ceb4d7e "HTTP/1.1 200 OK"
2025-08-21 16:31:25,707 [INFO] HTTP Request: POST https://yolo-soft-daylight.solana-mainnet.quiknode.pro/057ff3aa7f3e3d9633e475e6de4f8e148ceb4d7e "HTTP/1.1 200 OK"
2025-08-21 16:31:27,350 [INFO] HTTP Request: POST https://yolo-soft-daylight.solana-mainnet.quiknode.pro/057ff3aa7f3e3d9633e475e6de4f8e148ceb4d7e "HTTP/1.1 200 OK"
2025-08-21 16:31:28,576 [INFO] HTTP Request: POST https://yolo-soft-daylight.solana-mainnet.quiknode.pro/057ff3aa7f3e3d9633e475e6de4f8e148ceb4d7e "HTTP/1.1 200 OK"
2025-08-21 16:31:33,546 [INFO] HTTP Request: POST https://yolo-soft-daylight.solana-mainnet.quiknode.pro/057ff3aa7f3e3d9633e475e6de4f8e148ceb4d7e "HTTP/1.1 200 OK"
2025-08-21 16:31:34,979 [INFO] HTTP Request: POST https://yolo-soft-daylight.solana-mainnet.quiknode.pro/057ff3aa7f3e3d9633e475e6de4f8e148ceb4d7e "HTTP/1.1 200 OK"
2025-08-21 16:31:34,988 [INFO] HTTP Request: POST https://yolo-soft-daylight.solana-mainnet.quiknode.pro/057ff3aa7f3e3d9633e475e6de4f8e148ceb4d7e "HTTP/1.1 200 OK"
2025-08-21 16:31:35,201 [INFO] HTTP Request: POST https://yolo-soft-daylight.solana-mainnet.quiknode.pro/057ff3aa7f3e3d9633e475e6de4f8e148ceb4d7e "HTTP/1.1 200 OK"
2025-08-21 16:31:36,241 [INFO] HTTP Request: POST https://yolo-soft-daylight.solana-mainnet.quiknode.pro/057ff3aa7f3e3d9633e475e6de4f8e148ceb4d7e "HTTP/1.1 200 OK"
2025-08-21 16:31:36,302 [INFO] HTTP Request: POST https://yolo-soft-daylight.solana-mainnet.quiknode.pro/057ff3aa7f3e3d9633e475e6de4f8e148ceb4d7e "HTTP/1.1 200 OK"
2025-08-21 16:31:37,053 [INFO] HTTP Request: POST https://yolo-soft-daylight.solana-mainnet.quiknode.pro/057ff3aa7f3e3d9633e475e6de4f8e148ceb4d7e "HTTP/1.1 200 OK"
2025-08-21 16:31:38,347 [INFO] HTTP Request: POST https://yolo-soft-daylight.solana-mainnet.quiknode.pro/057ff3aa7f3e3d9633e475e6de4f8e148ceb4d7e "HTTP/1.1 200 OK"
2025-08-21 16:31:39,942 [INFO] HTTP Request: POST https://yolo-soft-daylight.solana-mainnet.quiknode.pro/057ff3aa7f3e3d9633e475e6de4f8e148ceb4d7e "HTTP/1.1 200 OK"
2025-08-21 16:31:41,226 [INFO] HTTP Request: POST https://yolo-soft-daylight.solana-mainnet.quiknode.pro/057ff3aa7f3e3d9633e475e6de4f8e148ceb4d7e "HTTP/1.1 200 OK"
2025-08-21 16:31:46,267 [INFO] HTTP Request: POST https://yolo-soft-daylight.solana-mainnet.quiknode.pro/057ff3aa7f3e3d9633e475e6de4f8e148ceb4d7e "HTTP/1.1 200 OK"
2025-08-21 16:31:47,413 [INFO] HTTP Request: POST https://yolo-soft-daylight.solana-mainnet.quiknode.pro/057ff3aa7f3e3d9633e475e6de4f8e148ceb4d7e "HTTP/1.1 200 OK"
2025-08-21 16:31:47,662 [INFO] HTTP Request: POST https://yolo-soft-daylight.solana-mainnet.quiknode.pro/057ff3aa7f3e3d9633e475e6de4f8e148ceb4d7e "HTTP/1.1 200 OK"
2025-08-21 16:31:47,716 [INFO] HTTP Request: POST https://yolo-soft-daylight.solana-mainnet.quiknode.pro/057ff3aa7f3e3d9633e475e6de4f8e148ceb4d7e "HTTP/1.1 200 OK"
2025-08-21 16:31:48,473 [INFO] HTTP Request: POST https://yolo-soft-daylight.solana-mainnet.quiknode.pro/057ff3aa7f3e3d9633e475e6de4f8e148ceb4d7e "HTTP/1.1 200 OK"
2025-08-21 16:31:49,069 [INFO] HTTP Request: POST https://yolo-soft-daylight.solana-mainnet.quiknode.pro/057ff3aa7f3e3d9633e475e6de4f8e148ceb4d7e "HTTP/1.1 200 OK"
2025-08-21 16:31:49,663 [INFO] HTTP Request: POST https://yolo-soft-daylight.solana-mainnet.quiknode.pro/057ff3aa7f3e3d9633e475e6de4f8e148ceb4d7e "HTTP/1.1 200 OK"
2025-08-21 16:31:51,001 [INFO] HTTP Request: POST https://yolo-soft-daylight.solana-mainnet.quiknode.pro/057ff3aa7f3e3d9633e475e6de4f8e148ceb4d7e "HTTP/1.1 200 OK"
2025-08-21 16:31:52,598 [INFO] HTTP Request: POST https://yolo-soft-daylight.solana-mainnet.quiknode.pro/057ff3aa7f3e3d9633e475e6de4f8e148ceb4d7e "HTTP/1.1 200 OK"
2025-08-21 16:31:53,822 [INFO] HTTP Request: POST https://yolo-soft-daylight.solana-mainnet.quiknode.pro/057ff3aa7f3e3d9633e475e6de4f8e148ceb4d7e "HTTP/1.1 200 OK"
2025-08-21 16:31:59,032 [INFO] HTTP Request: POST https://yolo-soft-daylight.solana-mainnet.quiknode.pro/057ff3aa7f3e3d9633e475e6de4f8e148ceb4d7e "HTTP/1.1 200 OK"
2025-08-21 16:31:59,501 [INFO] HTTP Request: POST https://yolo-soft-daylight.solana-mainnet.quiknode.pro/057ff3aa7f3e3d9633e475e6de4f8e148ceb4d7e "HTTP/1.1 200 OK"
2025-08-21 16:32:00,498 [INFO] HTTP Request: POST https://yolo-soft-daylight.solana-mainnet.quiknode.pro/057ff3aa7f3e3d9633e475e6de4f8e148ceb4d7e "HTTP/1.1 200 OK"
2025-08-21 16:32:00,501 [INFO] HTTP Request: POST https://yolo-soft-daylight.solana-mainnet.quiknode.pro/057ff3aa7f3e3d9633e475e6de4f8e148ceb4d7e "HTTP/1.1 200 OK"
2025-08-21 16:32:00,675 [INFO] HTTP Request: POST https://yolo-soft-daylight.solana-mainnet.quiknode.pro/057ff3aa7f3e3d9633e475e6de4f8e148ceb4d7e "HTTP/1.1 200 OK"
2025-08-21 16:32:02,036 [INFO] HTTP Request: POST https://yolo-soft-daylight.solana-mainnet.quiknode.pro/057ff3aa7f3e3d9633e475e6de4f8e148ceb4d7e "HTTP/1.1 200 OK"
2025-08-21 16:32:02,565 [INFO] HTTP Request: POST https://yolo-soft-daylight.solana-mainnet.quiknode.pro/057ff3aa7f3e3d9633e475e6de4f8e148ceb4d7e "HTTP/1.1 200 OK"
2025-08-21 16:32:03,830 [INFO] HTTP Request: POST https://yolo-soft-daylight.solana-mainnet.quiknode.pro/057ff3aa7f3e3d9633e475e6de4f8e148ceb4d7e "HTTP/1.1 200 OK"
2025-08-21 16:32:05,085 [INFO] HTTP Request: POST https://yolo-soft-daylight.solana-mainnet.quiknode.pro/057ff3aa7f3e3d9633e475e6de4f8e148ceb4d7e "HTTP/1.1 200 OK"
2025-08-21 16:32:06,388 [INFO] HTTP Request: POST https://yolo-soft-daylight.solana-mainnet.quiknode.pro/057ff3aa7f3e3d9633e475e6de4f8e148ceb4d7e "HTTP/1.1 200 OK"
2025-08-21 16:32:11,708 [INFO] HTTP Request: POST https://yolo-soft-daylight.solana-mainnet.quiknode.pro/057ff3aa7f3e3d9633e475e6de4f8e148ceb4d7e "HTTP/1.1 200 OK"
2025-08-21 16:32:11,731 [INFO] HTTP Request: POST https://yolo-soft-daylight.solana-mainnet.quiknode.pro/057ff3aa7f3e3d9633e475e6de4f8e148ceb4d7e "HTTP/1.1 200 OK"
2025-08-21 16:32:12,782 [INFO] HTTP Request: POST https://yolo-soft-daylight.solana-mainnet.quiknode.pro/057ff3aa7f3e3d9633e475e6de4f8e148ceb4d7e "HTTP/1.1 200 OK"
2025-08-21 16:32:13,035 [INFO] HTTP Request: POST https://yolo-soft-daylight.solana-mainnet.quiknode.pro/057ff3aa7f3e3d9633e475e6de4f8e148ceb4d7e "HTTP/1.1 200 OK"
2025-08-21 16:32:13,334 [INFO] HTTP Request: POST https://yolo-soft-daylight.solana-mainnet.quiknode.pro/057ff3aa7f3e3d9633e475e6de4f8e148ceb4d7e "HTTP/1.1 200 OK"
2025-08-21 16:32:14,594 [INFO] HTTP Request: POST https://yolo-soft-daylight.solana-mainnet.quiknode.pro/057ff3aa7f3e3d9633e475e6de4f8e148ceb4d7e "HTTP/1.1 200 OK"
2025-08-21 16:32:15,062 [INFO] HTTP Request: POST https://yolo-soft-daylight.solana-mainnet.quiknode.pro/057ff3aa7f3e3d9633e475e6de4f8e148ceb4d7e "HTTP/1.1 200 OK"
2025-08-21 16:32:16,270 [INFO] HTTP Request: POST https://yolo-soft-daylight.solana-mainnet.quiknode.pro/057ff3aa7f3e3d9633e475e6de4f8e148ceb4d7e "HTTP/1.1 200 OK"
2025-08-21 16:32:17,606 [INFO] HTTP Request: POST https://yolo-soft-daylight.solana-mainnet.quiknode.pro/057ff3aa7f3e3d9633e475e6de4f8e148ceb4d7e "HTTP/1.1 200 OK"
2025-08-21 16:32:18,817 [INFO] HTTP Request: POST https://yolo-soft-daylight.solana-mainnet.quiknode.pro/057ff3aa7f3e3d9633e475e6de4f8e148ceb4d7e "HTTP/1.1 200 OK"
2025-08-21 16:32:23,795 [INFO] HTTP Request: POST https://yolo-soft-daylight.solana-mainnet.quiknode.pro/057ff3aa7f3e3d9633e475e6de4f8e148ceb4d7e "HTTP/1.1 200 OK"
2025-08-21 16:32:24,300 [INFO] HTTP Request: POST https://yolo-soft-daylight.solana-mainnet.quiknode.pro/057ff3aa7f3e3d9633e475e6de4f8e148ceb4d7e "HTTP/1.1 200 OK"
2025-08-21 16:32:24,808 [INFO] HTTP Request: POST https://yolo-soft-daylight.solana-mainnet.quiknode.pro/057ff3aa7f3e3d9633e475e6de4f8e148ceb4d7e "HTTP/1.1 200 OK"
2025-08-21 16:32:25,597 [INFO] HTTP Request: POST https://yolo-soft-daylight.solana-mainnet.quiknode.pro/057ff3aa7f3e3d9633e475e6de4f8e148ceb4d7e "HTTP/1.1 200 OK"
2025-08-21 16:32:25,863 [INFO] HTTP Request: POST https://yolo-soft-daylight.solana-mainnet.quiknode.pro/057ff3aa7f3e3d9633e475e6de4f8e148ceb4d7e "HTTP/1.1 200 OK"
2025-08-21 16:32:27,224 [INFO] HTTP Request: POST https://yolo-soft-daylight.solana-mainnet.quiknode.pro/057ff3aa7f3e3d9633e475e6de4f8e148ceb4d7e "HTTP/1.1 200 OK"
2025-08-21 16:32:27,610 [INFO] HTTP Request: POST https://yolo-soft-daylight.solana-mainnet.quiknode.pro/057ff3aa7f3e3d9633e475e6de4f8e148ceb4d7e "HTTP/1.1 200 OK"
2025-08-21 16:32:28,845 [INFO] HTTP Request: POST https://yolo-soft-daylight.solana-mainnet.quiknode.pro/057ff3aa7f3e3d9633e475e6de4f8e148ceb4d7e "HTTP/1.1 200 OK"
2025-08-21 16:32:30,038 [INFO] HTTP Request: POST https://yolo-soft-daylight.solana-mainnet.quiknode.pro/057ff3aa7f3e3d9633e475e6de4f8e148ceb4d7e "HTTP/1.1 200 OK"
2025-08-21 16:32:31,272 [INFO] HTTP Request: POST https://yolo-soft-daylight.solana-mainnet.quiknode.pro/057ff3aa7f3e3d9633e475e6de4f8e148ceb4d7e "HTTP/1.1 200 OK"
2025-08-21 16:32:35,867 [INFO] HTTP Request: POST https://yolo-soft-daylight.solana-mainnet.quiknode.pro/057ff3aa7f3e3d9633e475e6de4f8e148ceb4d7e "HTTP/1.1 200 OK"
2025-08-21 16:32:36,839 [INFO] HTTP Request: POST https://yolo-soft-daylight.solana-mainnet.quiknode.pro/057ff3aa7f3e3d9633e475e6de4f8e148ceb4d7e "HTTP/1.1 200 OK"
2025-08-21 16:32:36,902 [INFO] HTTP Request: POST https://yolo-soft-daylight.solana-mainnet.quiknode.pro/057ff3aa7f3e3d9633e475e6de4f8e148ceb4d7e "HTTP/1.1 200 OK"
2025-08-21 16:32:38,099 [INFO] HTTP Request: POST https://yolo-soft-daylight.solana-mainnet.quiknode.pro/057ff3aa7f3e3d9633e475e6de4f8e148ceb4d7e "HTTP/1.1 200 OK"
2025-08-21 16:32:38,454 [INFO] HTTP Request: POST https://yolo-soft-daylight.solana-mainnet.quiknode.pro/057ff3aa7f3e3d9633e475e6de4f8e148ceb4d7e "HTTP/1.1 200 OK"
2025-08-21 16:32:39,683 [INFO] HTTP Request: POST https://yolo-soft-daylight.solana-mainnet.quiknode.pro/057ff3aa7f3e3d9633e475e6de4f8e148ceb4d7e "HTTP/1.1 200 OK"
2025-08-21 16:32:40,073 [INFO] HTTP Request: POST https://yolo-soft-daylight.solana-mainnet.quiknode.pro/057ff3aa7f3e3d9633e475e6de4f8e148ceb4d7e "HTTP/1.1 200 OK"
2025-08-21 16:32:41,297 [INFO] HTTP Request: POST https://yolo-soft-daylight.solana-mainnet.quiknode.pro/057ff3aa7f3e3d9633e475e6de4f8e148ceb4d7e "HTTP/1.1 200 OK"
2025-08-21 16:32:42,471 [INFO] HTTP Request: POST https://yolo-soft-daylight.solana-mainnet.quiknode.pro/057ff3aa7f3e3d9633e475e6de4f8e148ceb4d7e "HTTP/1.1 200 OK"
2025-08-21 16:32:43,745 [INFO] HTTP Request: POST https://yolo-soft-daylight.solana-mainnet.quiknode.pro/057ff3aa7f3e3d9633e475e6de4f8e148ceb4d7e "HTTP/1.1 200 OK"
2025-08-21 16:32:47,908 [INFO] HTTP Request: POST https://yolo-soft-daylight.solana-mainnet.quiknode.pro/057ff3aa7f3e3d9633e475e6de4f8e148ceb4d7e "HTTP/1.1 200 OK"
2025-08-21 16:32:49,006 [INFO] HTTP Request: POST https://yolo-soft-daylight.solana-mainnet.quiknode.pro/057ff3aa7f3e3d9633e475e6de4f8e148ceb4d7e "HTTP/1.1 200 OK"
2025-08-21 16:32:49,423 [INFO] HTTP Request: POST https://yolo-soft-daylight.solana-mainnet.quiknode.pro/057ff3aa7f3e3d9633e475e6de4f8e148ceb4d7e "HTTP/1.1 200 OK"
2025-08-21 16:32:50,701 [INFO] HTTP Request: POST https://yolo-soft-daylight.solana-mainnet.quiknode.pro/057ff3aa7f3e3d9633e475e6de4f8e148ceb4d7e "HTTP/1.1 200 OK"
2025-08-21 16:32:50,975 [INFO] HTTP Request: POST https://yolo-soft-daylight.solana-mainnet.quiknode.pro/057ff3aa7f3e3d9633e475e6de4f8e148ceb4d7e "HTTP/1.1 200 OK"
2025-08-21 16:32:52,238 [INFO] HTTP Request: POST https://yolo-soft-daylight.solana-mainnet.quiknode.pro/057ff3aa7f3e3d9633e475e6de4f8e148ceb4d7e "HTTP/1.1 200 OK"
2025-08-21 16:32:52,530 [INFO] HTTP Request: POST https://yolo-soft-daylight.solana-mainnet.quiknode.pro/057ff3aa7f3e3d9633e475e6de4f8e148ceb4d7e "HTTP/1.1 200 OK"
2025-08-21 16:32:53,744 [INFO] HTTP Request: POST https://yolo-soft-daylight.solana-mainnet.quiknode.pro/057ff3aa7f3e3d9633e475e6de4f8e148ceb4d7e "HTTP/1.1 200 OK"
2025-08-21 16:32:54,951 [INFO] HTTP Request: POST https://yolo-soft-daylight.solana-mainnet.quiknode.pro/057ff3aa7f3e3d9633e475e6de4f8e148ceb4d7e "HTTP/1.1 200 OK"
2025-08-21 16:32:56,203 [INFO] HTTP Request: POST https://yolo-soft-daylight.solana-mainnet.quiknode.pro/057ff3aa7f3e3d9633e475e6de4f8e148ceb4d7e "HTTP/1.1 200 OK"
2025-08-21 16:33:02,035 [INFO] HTTP Request: POST https://yolo-soft-daylight.solana-mainnet.quiknode.pro/057ff3aa7f3e3d9633e475e6de4f8e148ceb4d7e "HTTP/1.1 200 OK"
2025-08-21 16:33:03,497 [INFO] HTTP Request: POST https://yolo-soft-daylight.solana-mainnet.quiknode.pro/057ff3aa7f3e3d9633e475e6de4f8e148ceb4d7e "HTTP/1.1 200 OK"
2025-08-21 16:33:04,796 [INFO] HTTP Request: POST https://yolo-soft-daylight.solana-mainnet.quiknode.pro/057ff3aa7f3e3d9633e475e6de4f8e148ceb4d7e "HTTP/1.1 200 OK"
2025-08-21 16:33:05,067 [INFO] HTTP Request: POST https://yolo-soft-daylight.solana-mainnet.quiknode.pro/057ff3aa7f3e3d9633e475e6de4f8e148ceb4d7e "HTTP/1.1 200 OK"
2025-08-21 16:33:06,332 [INFO] HTTP Request: POST https://yolo-soft-daylight.solana-mainnet.quiknode.pro/057ff3aa7f3e3d9633e475e6de4f8e148ceb4d7e "HTTP/1.1 200 OK"
2025-08-21 16:33:07,408 [INFO] HTTP Request: POST https://yolo-soft-daylight.solana-mainnet.quiknode.pro/057ff3aa7f3e3d9633e475e6de4f8e148ceb4d7e "HTTP/1.1 200 OK"
2025-08-21 16:36:22,754 [INFO] Bot started...
2025-08-21 16:36:22,755 [INFO] Watching wallets: [Pubkey(
    3y7d5AfnngarnBiyzFXKYg5oD9Y4LLxNgJe5dyS2qoki,
), Pubkey(
    AQXPaNNWWGScNgdnjRvrEw5ht3ko1G4rft4zwAZHxJJk,
)]
2025-08-21 16:36:23,833 [INFO] HTTP Request: POST https://yolo-soft-daylight.solana-mainnet.quiknode.pro/057ff3aa7f3e3d9633e475e6de4f8e148ceb4d7e "HTTP/1.1 200 OK"
2025-08-21 16:36:24,835 [INFO] HTTP Request: POST https://yolo-soft-daylight.solana-mainnet.quiknode.pro/057ff3aa7f3e3d9633e475e6de4f8e148ceb4d7e "HTTP/1.1 200 OK"
2025-08-21 16:36:25,591 [INFO] Sent Telegram alert: \U0001f680 *Wallet Transaction Detected!*

\U0001f4b0 3y7d…qoki \u2192 [View Tx](https://explorer.solana.com/tx/5EdftXcx5Q8FqmxMFv5215n2ipbT8uEBkjAFxW9g7KGSdKpUUjy77mTZUJz621b1JRVLvrhEJhMd9Dw6SChpVq46)
\U0001f4b0 AQXP…xJJk \u2192 [View Tx](https://explorer.solana.com/tx/5EarWsQH8t5EehKH7wRZanHB1Bt4WQmmRdebFd6fQjAJJURyA6MEQpdfCp1zXYUHZeaj3WorTTrawem2fGiYDuob)

2025-08-21 16:36:36,628 [INFO] HTTP Request: POST https://yolo-soft-daylight.solana-mainnet.quiknode.pro/057ff3aa7f3e3d9633e475e6de4f8e148ceb4d7e "HTTP/1.1 200 OK"
2025-08-21 16:36:37,630 [INFO] HTTP Request: POST https://yolo-soft-daylight.solana-mainnet.quiknode.pro/057ff3aa7f3e3d9633e475e6de4f8e148ceb4d7e "HTTP/1.1 200 OK"
2025-08-21 16:36:48,661 [INFO] HTTP Request: POST https://yolo-soft-daylight.solana-mainnet.quiknode.pro/057ff3aa7f3e3d9633e475e6de4f8e148ceb4d7e "HTTP/1.1 200 OK"
2025-08-21 16:36:49,765 [INFO] HTTP Request: POST https://yolo-soft-daylight.solana-mainnet.quiknode.pro/057ff3aa7f3e3d9633e475e6de4f8e148ceb4d7e "HTTP/1.1 200 OK"
2025-08-21 16:37:00,822 [INFO] HTTP Request: POST https://yolo-soft-daylight.solana-mainnet.quiknode.pro/057ff3aa7f3e3d9633e475e6de4f8e148ceb4d7e "HTTP/1.1 200 OK"
2025-08-21 16:37:01,812 [INFO] HTTP Request: POST https://yolo-soft-daylight.solana-mainnet.quiknode.pro/057ff3aa7f3e3d9633e475e6de4f8e148ceb4d7e "HTTP/1.1 200 OK"
2025-08-21 16:37:12,817 [INFO] HTTP Request: POST https://yolo-soft-daylight.solana-mainnet.quiknode.pro/057ff3aa7f3e3d9633e475e6de4f8e148ceb4d7e "HTTP/1.1 200 OK"
2025-08-21 16:37:13,919 [INFO] HTTP Request: POST https://yolo-soft-daylight.solana-mainnet.quiknode.pro/057ff3aa7f3e3d9633e475e6de4f8e148ceb4d7e "HTTP/1.1 200 OK"
2025-08-21 16:37:25,003 [INFO] HTTP Request: POST https://yolo-soft-daylight.solana-mainnet.quiknode.pro/057ff3aa7f3e3d9633e475e6de4f8e148ceb4d7e "HTTP/1.1 200 OK"
2025-08-21 16:37:25,978 [INFO] HTTP Request: POST https://yolo-soft-daylight.solana-mainnet.quiknode.pro/057ff3aa7f3e3d9633e475e6de4f8e148ceb4d7e "HTTP/1.1 200 OK"
2025-08-21 16:37:36,959 [INFO] HTTP Request: POST https://yolo-soft-daylight.solana-mainnet.quiknode.pro/057ff3aa7f3e3d9633e475e6de4f8e148ceb4d7e "HTTP/1.1 200 OK"
2025-08-21 16:37:37,921 [INFO] HTTP Request: POST https://yolo-soft-daylight.solana-mainnet.quiknode.pro/057ff3aa7f3e3d9633e475e6de4f8e148ceb4d7e "HTTP/1.1 200 OK"
2025-08-21 16:37:48,919 [INFO] HTTP Request: POST https://yolo-soft-daylight.solana-mainnet.quiknode.pro/057ff3aa7f3e3d9633e475e6de4f8e148ceb4d7e "HTTP/1.1 200 OK"
2025-08-21 16:37:50,041 [INFO] HTTP Request: POST https://yolo-soft-daylight.solana-mainnet.quiknode.pro/057ff3aa7f3e3d9633e475e6de4f8e148ceb4d7e "HTTP/1.1 200 OK"
2025-08-21 16:38:01,061 [INFO] HTTP Request: POST https://yolo-soft-daylight.solana-mainnet.quiknode.pro/057ff3aa7f3e3d9633e475e6de4f8e148ceb4d7e "HTTP/1.1 200 OK"
2025-08-21 16:38:02,075 [INFO] HTTP Request: POST https://yolo-soft-daylight.solana-mainnet.quiknode.pro/057ff3aa7f3e3d9633e475e6de4f8e148ceb4d7e "HTTP/1.1 200 OK"
2025-08-21 16:38:13,089 [INFO] HTTP Request: POST https://yolo-soft-daylight.solana-mainnet.quiknode.pro/057ff3aa7f3e3d9633e475e6de4f8e148ceb4d7e "HTTP/1.1 200 OK"
2025-08-21 16:38:14,167 [INFO] HTTP Request: POST https://yolo-soft-daylight.solana-mainnet.quiknode.pro/057ff3aa7f3e3d9633e475e6de4f8e148ceb4d7e "HTTP/1.1 200 OK"
2025-08-21 16:38:25,307 [INFO] HTTP Request: POST https://yolo-soft-daylight.solana-mainnet.quiknode.pro/057ff3aa7f3e3d9633e475e6de4f8e148ceb4d7e "HTTP/1.1 200 OK"
2025-08-21 16:38:26,294 [INFO] HTTP Request: POST https://yolo-soft-daylight.solana-mainnet.quiknode.pro/057ff3aa7f3e3d9633e475e6de4f8e148ceb4d7e "HTTP/1.1 200 OK"
2025-08-21 16:38:37,701 [INFO] HTTP Request: POST https://yolo-soft-daylight.solana-mainnet.quiknode.pro/057ff3aa7f3e3d9633e475e6de4f8e148ceb4d7e "HTTP/1.1 200 OK"
2025-08-21 17:14:48,300 [INFO] HTTP Request: POST https://yolo-soft-daylight.solana-mainnet.quiknode.pro/057ff3aa7f3e3d9633e475e6de4f8e148ceb4d7e "HTTP/1.1 200 OK"
2025-08-21 17:14:49,504 [INFO] HTTP Request: POST https://yolo-soft-daylight.solana-mainnet.quiknode.pro/057ff3aa7f3e3d9633e475e6de4f8e148ceb4d7e "HTTP/1.1 200 OK"
2025-08-21 17:14:50,732 [INFO] HTTP Request: POST https://yolo-soft-daylight.solana-mainnet.quiknode.pro/057ff3aa7f3e3d9633e475e6de4f8e148ceb4d7e "HTTP/1.1 200 OK"
2025-08-21 17:14:51,685 [INFO] HTTP Request: POST https://yolo-soft-daylight.solana-mainnet.quiknode.pro/057ff3aa7f3e3d9633e475e6de4f8e148ceb4d7e "HTTP/1.1 200 OK"
2025-08-21 17:14:52,889 [INFO] HTTP Request: POST https://yolo-soft-daylight.solana-mainnet.quiknode.pro/057ff3aa7f3e3d9633e475e6de4f8e148ceb4d7e "HTTP/1.1 200 OK"
2025-08-21 17:14:54,139 [INFO] HTTP Request: POST https://yolo-soft-daylight.solana-mainnet.quiknode.pro/057ff3aa7f3e3d9633e475e6de4f8e148ceb4d7e "HTTP/1.1 200 OK"
2025-08-21 17:15:00,322 [INFO] HTTP Request: POST https://yolo-soft-daylight.solana-mainnet.quiknode.pro/057ff3aa7f3e3d9633e475e6de4f8e148ceb4d7e "HTTP/1.1 200 OK"
2025-08-21 17:15:01,577 [INFO] HTTP Request: POST https://yolo-soft-daylight.solana-mainnet.quiknode.pro/057ff3aa7f3e3d9633e475e6de4f8e148ceb4d7e "HTTP/1.1 200 OK"
2025-08-21 17:15:02,875 [INFO] HTTP Request: POST https://yolo-soft-daylight.solana-mainnet.quiknode.pro/057ff3aa7f3e3d9633e475e6de4f8e148ceb4d7e "HTTP/1.1 200 OK"
2025-08-21 17:15:08,872 [INFO] HTTP Request: POST https://yolo-soft-daylight.solana-mainnet.quiknode.pro/057ff3aa7f3e3d9633e475e6de4f8e148ceb4d7e "HTTP/1.1 200 OK"
2025-08-21 17:15:10,194 [INFO] HTTP Request: POST https://yolo-soft-daylight.solana-mainnet.quiknode.pro/057ff3aa7f3e3d9633e475e6de4f8e148ceb4d7e "HTTP/1.1 200 OK"
2025-08-21 17:15:11,499 [INFO] HTTP Request: POST https://yolo-soft-daylight.solana-mainnet.quiknode.pro/057ff3aa7f3e3d9633e475e6de4f8e148ceb4d7e "HTTP/1.1 200 OK"
2025-08-21 17:15:17,526 [INFO] HTTP Request: POST https://yolo-soft-daylight.solana-mainnet.quiknode.pro/057ff3aa7f3e3d9633e475e6de4f8e148ceb4d7e "HTTP/1.1 200 OK"
2025-08-21 17:15:18,782 [INFO] HTTP Request: POST https://yolo-soft-daylight.solana-mainnet.quiknode.pro/057ff3aa7f3e3d9633e475e6de4f8e148ceb4d7e "HTTP/1.1 200 OK"
2025-08-21 17:15:19,997 [INFO] HTTP Request: POST https://yolo-soft-daylight.solana-mainnet.quiknode.pro/057ff3aa7f3e3d9633e475e6de4f8e148ceb4d7e "HTTP/1.1 200 OK"
2025-08-21 17:15:26,133 [INFO] HTTP Request: POST https://yolo-soft-daylight.solana-mainnet.quiknode.pro/057ff3aa7f3e3d9633e475e6de4f8e148ceb4d7e "HTTP/1.1 200 OK"
2025-08-21 17:15:27,549 [INFO] HTTP Request: POST https://yolo-soft-daylight.solana-mainnet.quiknode.pro/057ff3aa7f3e3d9633e475e6de4f8e148ceb4d7e "HTTP/1.1 200 OK"
2025-08-21 17:15:28,767 [INFO] HTTP Request: POST https://yolo-soft-daylight.solana-mainnet.quiknode.pro/057ff3aa7f3e3d9633e475e6de4f8e148ceb4d7e "HTTP/1.1 200 OK"
2025-08-21 17:15:34,785 [INFO] HTTP Request: POST https://yolo-soft-daylight.solana-mainnet.quiknode.pro/057ff3aa7f3e3d9633e475e6de4f8e148ceb4d7e "HTTP/1.1 200 OK"
2025-08-21 17:15:36,102 [INFO] HTTP Request: POST https://yolo-soft-daylight.solana-mainnet.quiknode.pro/057ff3aa7f3e3d9633e475e6de4f8e148ceb4d7e "HTTP/1.1 200 OK"
2025-08-21 17:15:37,424 [INFO] HTTP Request: POST https://yolo-soft-daylight.solana-mainnet.quiknode.pro/057ff3aa7f3e3d9633e475e6de4f8e148ceb4d7e "HTTP/1.1 200 OK"
2025-08-21 17:15:43,385 [INFO] HTTP Request: POST https://yolo-soft-daylight.solana-mainnet.quiknode.pro/057ff3aa7f3e3d9633e475e6de4f8e148ceb4d7e "HTTP/1.1 200 OK"
2025-08-21 17:15:44,577 [INFO] HTTP Request: POST https://yolo-soft-daylight.solana-mainnet.quiknode.pro/057ff3aa7f3e3d9633e475e6de4f8e148ceb4d7e "HTTP/1.1 200 OK"
2025-08-21 17:15:45,795 [INFO] HTTP Request: POST https://yolo-soft-daylight.solana-mainnet.quiknode.pro/057ff3aa7f3e3d9633e475e6de4f8e148ceb4d7e "HTTP/1.1 200 OK"
2025-08-21 17:15:51,763 [INFO] HTTP Request: POST https://yolo-soft-daylight.solana-mainnet.quiknode.pro/057ff3aa7f3e3d9633e475e6de4f8e148ceb4d7e "HTTP/1.1 200 OK"
2025-08-21 17:15:52,953 [INFO] HTTP Request: POST https://yolo-soft-daylight.solana-mainnet.quiknode.pro/057ff3aa7f3e3d9633e475e6de4f8e148ceb4d7e "HTTP/1.1 200 OK"
2025-08-21 17:15:54,160 [INFO] HTTP Request: POST https://yolo-soft-daylight.solana-mainnet.quiknode.pro/057ff3aa7f3e3d9633e475e6de4f8e148ceb4d7e "HTTP/1.1 200 OK"
2025-08-21 17:16:00,147 [INFO] HTTP Request: POST https://yolo-soft-daylight.solana-mainnet.quiknode.pro/057ff3aa7f3e3d9633e475e6de4f8e148ceb4d7e "HTTP/1.1 200 OK"
2025-08-21 17:16:01,345 [INFO] HTTP Request: POST https://yolo-soft-daylight.solana-mainnet.quiknode.pro/057ff3aa7f3e3d9633e475e6de4f8e148ceb4d7e "HTTP/1.1 200 OK"
2025-08-21 17:16:02,558 [INFO] HTTP Request: POST https://yolo-soft-daylight.solana-mainnet.quiknode.pro/057ff3aa7f3e3d9633e475e6de4f8e148ceb4d7e "HTTP/1.1 200 OK"
2025-08-21 17:16:08,529 [INFO] HTTP Request: POST https://yolo-soft-daylight.solana-mainnet.quiknode.pro/057ff3aa7f3e3d9633e475e6de4f8e148ceb4d7e "HTTP/1.1 200 OK"
2025-08-21 17:16:09,733 [INFO] HTTP Request: POST https://yolo-soft-daylight.solana-mainnet.quiknode.pro/057ff3aa7f3e3d9633e475e6de4f8e148ceb4d7e "HTTP/1.1 200 OK"
2025-08-21 17:16:10,991 [INFO] HTTP Request: POST https://yolo-soft-daylight.solana-mainnet.quiknode.pro/057ff3aa7f3e3d9633e475e6de4f8e148ceb4d7e "HTTP/1.1 200 OK"
2025-08-21 17:16:17,008 [INFO] HTTP Request: POST https://yolo-soft-daylight.solana-mainnet.quiknode.pro/057ff3aa7f3e3d9633e475e6de4f8e148ceb4d7e "HTTP/1.1 200 OK"
2025-08-21 17:16:18,220 [INFO] HTTP Request: POST https://yolo-soft-daylight.solana-mainnet.quiknode.pro/057ff3aa7f3e3d9633e475e6de4f8e148ceb4d7e "HTTP/1.1 200 OK"
2025-08-21 17:16:19,451 [INFO] HTTP Request: POST https://yolo-soft-daylight.solana-mainnet.quiknode.pro/057ff3aa7f3e3d9633e475e6de4f8e148ceb4d7e "HTTP/1.1 200 OK"
2025-08-21 17:16:25,694 [INFO] HTTP Request: POST https://yolo-soft-daylight.solana-mainnet.quiknode.pro/057ff3aa7f3e3d9633e475e6de4f8e148ceb4d7e "HTTP/1.1 200 OK"
2025-08-21 17:16:27,924 [INFO] HTTP Request: POST https://yolo-soft-daylight.solana-mainnet.quiknode.pro/057ff3aa7f3e3d9633e475e6de4f8e148ceb4d7e "HTTP/1.1 200 OK"
2025-08-21 17:16:29,197 [INFO] HTTP Request: POST https://yolo-soft-daylight.solana-mainnet.quiknode.pro/057ff3aa7f3e3d9633e475e6de4f8e148ceb4d7e "HTTP/1.1 200 OK"
2025-08-21 17:16:35,230 [INFO] HTTP Request: POST https://yolo-soft-daylight.solana-mainnet.quiknode.pro/057ff3aa7f3e3d9633e475e6de4f8e148ceb4d7e "HTTP/1.1 200 OK"
2025-08-21 17:16:36,651 [INFO] HTTP Request: POST https://yolo-soft-daylight.solana-mainnet.quiknode.pro/057ff3aa7f3e3d9633e475e6de4f8e148ceb4d7e "HTTP/1.1 200 OK"
2025-08-21 17:16:37,990 [INFO] HTTP Request: POST https://yolo-soft-daylight.solana-mainnet.quiknode.pro/057ff3aa7f3e3d9633e475e6de4f8e148ceb4d7e "HTTP/1.1 200 OK"
2025-08-21 17:16:43,980 [INFO] HTTP Request: POST https://yolo-soft-daylight.solana-mainnet.quiknode.pro/057ff3aa7f3e3d9633e475e6de4f8e148ceb4d7e "HTTP/1.1 200 OK"
2025-08-21 17:16:45,184 [INFO] HTTP Request: POST https://yolo-soft-daylight.solana-mainnet.quiknode.pro/057ff3aa7f3e3d9633e475e6de4f8e148ceb4d7e "HTTP/1.1 200 OK"
2025-08-21 17:16:46,392 [INFO] HTTP Request: POST https://yolo-soft-daylight.solana-mainnet.quiknode.pro/057ff3aa7f3e3d9633e475e6de4f8e148ceb4d7e "HTTP/1.1 200 OK"
2025-08-21 17:16:52,374 [INFO] HTTP Request: POST https://yolo-soft-daylight.solana-mainnet.quiknode.pro/057ff3aa7f3e3d9633e475e6de4f8e148ceb4d7e "HTTP/1.1 200 OK"
2025-08-21 17:16:53,560 [INFO] HTTP Request: POST https://yolo-soft-daylight.solana-mainnet.quiknode.pro/057ff3aa7f3e3d9633e475e6de4f8e148ceb4d7e "HTTP/1.1 200 OK"
2025-08-21 17:16:54,741 [INFO] HTTP Request: POST https://yolo-soft-daylight.solana-mainnet.quiknode.pro/057ff3aa7f3e3d9633e475e6de4f8e148ceb4d7e "HTTP/1.1 200 OK"
2025-08-21 17:17:00,723 [INFO] HTTP Request: POST https://yolo-soft-daylight.solana-mainnet.quiknode.pro/057ff3aa7f3e3d9633e475e6de4f8e148ceb4d7e "HTTP/1.1 200 OK"
2025-08-21 17:17:01,924 [INFO] HTTP Request: POST https://yolo-soft-daylight.solana-mainnet.quiknode.pro/057ff3aa7f3e3d9633e475e6de4f8e148ceb4d7e "HTTP/1.1 200 OK"
2025-08-21 17:17:03,135 [INFO] HTTP Request: POST https://yolo-soft-daylight.solana-mainnet.quiknode.pro/057ff3aa7f3e3d9633e475e6de4f8e148ceb4d7e "HTTP/1.1 200 OK"
2025-08-21 17:17:09,114 [INFO] HTTP Request: POST https://yolo-soft-daylight.solana-mainnet.quiknode.pro/057ff3aa7f3e3d9633e475e6de4f8e148ceb4d7e "HTTP/1.1 200 OK"
2025-08-21 17:17:10,332 [INFO] HTTP Request: POST https://yolo-soft-daylight.solana-mainnet.quiknode.pro/057ff3aa7f3e3d9633e475e6de4f8e148ceb4d7e "HTTP/1.1 200 OK"
2025-08-21 17:17:11,519 [INFO] HTTP Request: POST https://yolo-soft-daylight.solana-mainnet.quiknode.pro/057ff3aa7f3e3d9633e475e6de4f8e148ceb4d7e "HTTP/1.1 200 OK"
2025-08-21 17:17:17,499 [INFO] HTTP Request: POST https://yolo-soft-daylight.solana-mainnet.quiknode.pro/057ff3aa7f3e3d9633e475e6de4f8e148ceb4d7e "HTTP/1.1 200 OK"
2025-08-21 17:17:18,696 [INFO] HTTP Request: POST https://yolo-soft-daylight.solana-mainnet.quiknode.pro/057ff3aa7f3e3d9633e475e6de4f8e148ceb4d7e "HTTP/1.1 200 OK"
2025-08-21 17:17:19,898 [INFO] HTTP Request: POST https://yolo-soft-daylight.solana-mainnet.quiknode.pro/057ff3aa7f3e3d9633e475e6de4f8e148ceb4d7e "HTTP/1.1 200 OK"
2025-08-21 17:17:25,983 [INFO] HTTP Request: POST https://yolo-soft-daylight.solana-mainnet.quiknode.pro/057ff3aa7f3e3d9633e475e6de4f8e148ceb4d7e "HTTP/1.1 200 OK"
2025-08-21 17:17:27,185 [INFO] HTTP Request: POST https://yolo-soft-daylight.solana-mainnet.quiknode.pro/057ff3aa7f3e3d9633e475e6de4f8e148ceb4d7e "HTTP/1.1 200 OK"
2025-08-21 17:17:28,367 [INFO] HTTP Request: POST https://yolo-soft-daylight.solana-mainnet.quiknode.pro/057ff3aa7f3e3d9633e475e6de4f8e148ceb4d7e "HTTP/1.1 200 OK"
2025-08-21 17:17:34,330 [INFO] HTTP Request: POST https://yolo-soft-daylight.solana-mainnet.quiknode.pro/057ff3aa7f3e3d9633e475e6de4f8e148ceb4d7e "HTTP/1.1 200 OK"
2025-08-21 17:17:35,531 [INFO] HTTP Request: POST https://yolo-soft-daylight.solana-mainnet.quiknode.pro/057ff3aa7f3e3d9633e475e6de4f8e148ceb4d7e "HTTP/1.1 200 OK"
2025-08-21 17:17:36,721 [INFO] HTTP Request: POST https://yolo-soft-daylight.solana-mainnet.quiknode.pro/057ff3aa7f3e3d9633e475e6de4f8e148ceb4d7e "HTTP/1.1 200 OK"
2025-08-21 17:17:42,679 [INFO] HTTP Request: POST https://yolo-soft-daylight.solana-mainnet.quiknode.pro/057ff3aa7f3e3d9633e475e6de4f8e148ceb4d7e "HTTP/1.1 200 OK"
2025-08-21 17:17:43,867 [INFO] HTTP Request: POST https://yolo-soft-daylight.solana-mainnet.quiknode.pro/057ff3aa7f3e3d9633e475e6de4f8e148ceb4d7e "HTTP/1.1 200 OK"
2025-08-21 17:17:45,068 [INFO] HTTP Request: POST https://yolo-soft-daylight.solana-mainnet.quiknode.pro/057ff3aa7f3e3d9633e475e6de4f8e148ceb4d7e "HTTP/1.1 200 OK"
2025-08-21 17:17:51,016 [INFO] HTTP Request: POST https://yolo-soft-daylight.solana-mainnet.quiknode.pro/057ff3aa7f3e3d9633e475e6de4f8e148ceb4d7e "HTTP/1.1 200 OK"
2025-08-21 17:17:52,226 [INFO] HTTP Request: POST https://yolo-soft-daylight.solana-mainnet.quiknode.pro/057ff3aa7f3e3d9633e475e6de4f8e148ceb4d7e "HTTP/1.1 200 OK"
2025-08-21 17:17:53,416 [INFO] HTTP Request: POST https://yolo-soft-daylight.solana-mainnet.quiknode.pro/057ff3aa7f3e3d9633e475e6de4f8e148ceb4d7e "HTTP/1.1 200 OK"
2025-08-21 17:17:59,362 [INFO] HTTP Request: POST https://yolo-soft-daylight.solana-mainnet.quiknode.pro/057ff3aa7f3e3d9633e475e6de4f8e148ceb4d7e "HTTP/1.1 200 OK"
2025-08-21 17:18:00,624 [INFO] HTTP Request: POST https://yolo-soft-daylight.solana-mainnet.quiknode.pro/057ff3aa7f3e3d9633e475e6de4f8e148ceb4d7e "HTTP/1.1 200 OK"
2025-08-21 17:18:01,815 [INFO] HTTP Request: POST https://yolo-soft-daylight.solana-mainnet.quiknode.pro/057ff3aa7f3e3d9633e475e6de4f8e148ceb4d7e "HTTP/1.1 200 OK"
2025-08-21 17:18:07,792 [INFO] HTTP Request: POST https://yolo-soft-daylight.solana-mainnet.quiknode.pro/057ff3aa7f3e3d9633e475e6de4f8e148ceb4d7e "HTTP/1.1 200 OK"
2025-08-21 17:18:08,976 [INFO] HTTP Request: POST https://yolo-soft-daylight.solana-mainnet.quiknode.pro/057ff3aa7f3e3d9633e475e6de4f8e148ceb4d7e "HTTP/1.1 200 OK"
2025-08-21 17:18:10,175 [INFO] HTTP Request: POST https://yolo-soft-daylight.solana-mainnet.quiknode.pro/057ff3aa7f3e3d9633e475e6de4f8e148ceb4d7e "HTTP/1.1 200 OK"
2025-08-21 17:18:16,212 [INFO] HTTP Request: POST https://yolo-soft-daylight.solana-mainnet.quiknode.pro/057ff3aa7f3e3d9633e475e6de4f8e148ceb4d7e "HTTP/1.1 200 OK"
2025-08-21 17:18:17,442 [INFO] HTTP Request: POST https://yolo-soft-daylight.solana-mainnet.quiknode.pro/057ff3aa7f3e3d9633e475e6de4f8e148ceb4d7e "HTTP/1.1 200 OK"
2025-08-21 17:18:18,650 [INFO] HTTP Request: POST https://yolo-soft-daylight.solana-mainnet.quiknode.pro/057ff3aa7f3e3d9633e475e6de4f8e148ceb4d7e "HTTP/1.1 200 OK"
2025-08-21 17:18:24,647 [INFO] HTTP Request: POST https://yolo-soft-daylight.solana-mainnet.quiknode.pro/057ff3aa7f3e3d9633e475e6de4f8e148ceb4d7e "HTTP/1.1 200 OK"
2025-08-21 17:18:25,970 [INFO] HTTP Request: POST https://yolo-soft-daylight.solana-mainnet.quiknode.pro/057ff3aa7f3e3d9633e475e6de4f8e148ceb4d7e "HTTP/1.1 200 OK"
2025-08-21 17:18:27,285 [INFO] HTTP Request: POST https://yolo-soft-daylight.solana-mainnet.quiknode.pro/057ff3aa7f3e3d9633e475e6de4f8e148ceb4d7e "HTTP/1.1 200 OK"
2025-08-21 17:18:33,304 [INFO] HTTP Request: POST https://yolo-soft-daylight.solana-mainnet.quiknode.pro/057ff3aa7f3e3d9633e475e6de4f8e148ceb4d7e "HTTP/1.1 200 OK"
2025-08-21 17:18:34,648 [INFO] HTTP Request: POST https://yolo-soft-daylight.solana-mainnet.quiknode.pro/057ff3aa7f3e3d9633e475e6de4f8e148ceb4d7e "HTTP/1.1 200 OK"
2025-08-21 17:18:36,898 [INFO] HTTP Request: POST https://yolo-soft-daylight.solana-mainnet.quiknode.pro/057ff3aa7f3e3d9633e475e6de4f8e148ceb4d7e "HTTP/1.1 200 OK"
2025-08-21 17:18:42,908 [INFO] HTTP Request: POST https://yolo-soft-daylight.solana-mainnet.quiknode.pro/057ff3aa7f3e3d9633e475e6de4f8e148ceb4d7e "HTTP/1.1 200 OK"
2025-08-21 17:18:44,111 [INFO] HTTP Request: POST https://yolo-soft-daylight.solana-mainnet.quiknode.pro/057ff3aa7f3e3d9633e475e6de4f8e148ceb4d7e "HTTP/1.1 200 OK"
2025-08-21 17:18:45,361 [INFO] HTTP Request: POST https://yolo-soft-daylight.solana-mainnet.quiknode.pro/057ff3aa7f3e3d9633e475e6de4f8e148ceb4d7e "HTTP/1.1 200 OK"
2025-08-21 17:18:51,384 [INFO] HTTP Request: POST https://yolo-soft-daylight.solana-mainnet.quiknode.pro/057ff3aa7f3e3d9633e475e6de4f8e148ceb4d7e "HTTP/1.1 200 OK"
2025-08-21 17:18:52,623 [INFO] HTTP Request: POST https://yolo-soft-daylight.solana-mainnet.quiknode.pro/057ff3aa7f3e3d9633e475e6de4f8e148ceb4d7e "HTTP/1.1 200 OK"
2025-08-21 17:18:53,815 [INFO] HTTP Request: POST https://yolo-soft-daylight.solana-mainnet.quiknode.pro/057ff3aa7f3e3d9633e475e6de4f8e148ceb4d7e "HTTP/1.1 200 OK"
2025-08-21 17:18:59,822 [INFO] HTTP Request: POST https://yolo-soft-daylight.solana-mainnet.quiknode.pro/057ff3aa7f3e3d9633e475e6de4f8e148ceb4d7e "HTTP/1.1 200 OK"
2025-08-21 17:19:01,083 [INFO] HTTP Request: POST https://yolo-soft-daylight.solana-mainnet.quiknode.pro/057ff3aa7f3e3d9633e475e6de4f8e148ceb4d7e "HTTP/1.1 200 OK"
2025-08-21 17:19:02,315 [INFO] HTTP Request: POST https://yolo-soft-daylight.solana-mainnet.quiknode.pro/057ff3aa7f3e3d9633e475e6de4f8e148ceb4d7e "HTTP/1.1 200 OK"
2025-08-21 17:19:08,619 [INFO] HTTP Request: POST https://yolo-soft-daylight.solana-mainnet.quiknode.pro/057ff3aa7f3e3d9633e475e6de4f8e148ceb4d7e "HTTP/1.1 200 OK"
2025-08-21 17:19:09,970 [INFO] HTTP Request: POST https://yolo-soft-daylight.solana-mainnet.quiknode.pro/057ff3aa7f3e3d9633e475e6de4f8e148ceb4d7e "HTTP/1.1 200 OK"
2025-08-21 17:19:11,582 [INFO] HTTP Request: POST https://yolo-soft-daylight.solana-mainnet.quiknode.pro/057ff3aa7f3e3d9633e475e6de4f8e148ceb4d7e "HTTP/1.1 200 OK"
2025-08-21 17:19:17,656 [INFO] HTTP Request: POST https://yolo-soft-daylight.solana-mainnet.quiknode.pro/057ff3aa7f3e3d9633e475e6de4f8e148ceb4d7e "HTTP/1.1 200 OK"
2025-08-21 17:19:18,945 [INFO] HTTP Request: POST https://yolo-soft-daylight.solana-mainnet.quiknode.pro/057ff3aa7f3e3d9633e475e6de4f8e148ceb4d7e "HTTP/1.1 200 OK"
2025-08-21 17:19:20,250 [INFO] HTTP Request: POST https://yolo-soft-daylight.solana-mainnet.quiknode.pro/057ff3aa7f3e3d9633e475e6de4f8e148ceb4d7e "HTTP/1.1 200 OK"
2025-08-21 17:19:26,447 [INFO] HTTP Request: POST https://yolo-soft-daylight.solana-mainnet.quiknode.pro/057ff3aa7f3e3d9633e475e6de4f8e148ceb4d7e "HTTP/1.1 200 OK"
2025-08-21 17:19:27,712 [INFO] HTTP Request: POST https://yolo-soft-daylight.solana-mainnet.quiknode.pro/057ff3aa7f3e3d9633e475e6de4f8e148ceb4d7e "HTTP/1.1 200 OK"
2025-08-21 17:19:29,016 [INFO] HTTP Request: POST https://yolo-soft-daylight.solana-mainnet.quiknode.pro/057ff3aa7f3e3d9633e475e6de4f8e148ceb4d7e "HTTP/1.1 200 OK"
2025-08-21 17:19:35,132 [INFO] HTTP Request: POST https://yolo-soft-daylight.solana-mainnet.quiknode.pro/057ff3aa7f3e3d9633e475e6de4f8e148ceb4d7e "HTTP/1.1 200 OK"
2025-08-21 17:19:36,553 [INFO] HTTP Request: POST https://yolo-soft-daylight.solana-mainnet.quiknode.pro/057ff3aa7f3e3d9633e475e6de4f8e148ceb4d7e "HTTP/1.1 200 OK"
2025-08-21 17:19:37,811 [INFO] HTTP Request: POST https://yolo-soft-daylight.solana-mainnet.quiknode.pro/057ff3aa7f3e3d9633e475e6de4f8e148ceb4d7e "HTTP/1.1 200 OK"
2025-08-21 17:19:43,859 [INFO] HTTP Request: POST https://yolo-soft-daylight.solana-mainnet.quiknode.pro/057ff3aa7f3e3d9633e475e6de4f8e148ceb4d7e "HTTP/1.1 200 OK"
2025-08-21 17:19:45,352 [INFO] HTTP Request: POST https://yolo-soft-daylight.solana-mainnet.quiknode.pro/057ff3aa7f3e3d9633e475e6de4f8e148ceb4d7e "HTTP/1.1 200 OK"
2025-08-21 17:19:46,669 [INFO] HTTP Request: POST https://yolo-soft-daylight.solana-mainnet.quiknode.pro/057ff3aa7f3e3d9633e475e6de4f8e148ceb4d7e "HTTP/1.1 200 OK"
2025-08-21 17:19:52,729 [INFO] HTTP Request: POST https://yolo-soft-daylight.solana-mainnet.quiknode.pro/057ff3aa7f3e3d9633e475e6de4f8e148ceb4d7e "HTTP/1.1 200 OK"
2025-08-21 17:19:53,962 [INFO] HTTP Request: POST https://yolo-soft-daylight.solana-mainnet.quiknode.pro/057ff3aa7f3e3d9633e475e6de4f8e148ceb4d7e "HTTP/1.1 200 OK"
2025-08-21 17:19:55,335 [INFO] HTTP Request: POST https://yolo-soft-daylight.solana-mainnet.quiknode.pro/057ff3aa7f3e3d9633e475e6de4f8e148ceb4d7e "HTTP/1.1 200 OK"
2025-08-21 17:20:01,346 [INFO] HTTP Request: POST https://yolo-soft-daylight.solana-mainnet.quiknode.pro/057ff3aa7f3e3d9633e475e6de4f8e148ceb4d7e "HTTP/1.1 200 OK"
2025-08-21 17:20:02,798 [INFO] HTTP Request: POST https://yolo-soft-daylight.solana-mainnet.quiknode.pro/057ff3aa7f3e3d9633e475e6de4f8e148ceb4d7e "HTTP/1.1 200 OK"
2025-08-21 17:20:04,068 [INFO] HTTP Request: POST https://yolo-soft-daylight.solana-mainnet.quiknode.pro/057ff3aa7f3e3d9633e475e6de4f8e148ceb4d7e "HTTP/1.1 200 OK"
2025-08-21 17:20:10,095 [INFO] HTTP Request: POST https://yolo-soft-daylight.solana-mainnet.quiknode.pro/057ff3aa7f3e3d9633e475e6de4f8e148ceb4d7e "HTTP/1.1 200 OK"
2025-08-21 17:20:11,386 [INFO] HTTP Request: POST https://yolo-soft-daylight.solana-mainnet.quiknode.pro/057ff3aa7f3e3d9633e475e6de4f8e148ceb4d7e "HTTP/1.1 200 OK"
2025-08-21 17:20:12,656 [INFO] HTTP Request: POST https://yolo-soft-daylight.solana-mainnet.quiknode.pro/057ff3aa7f3e3d9633e475e6de4f8e148ceb4d7e "HTTP/1.1 200 OK"
2025-08-21 17:20:18,651 [INFO] HTTP Request: POST https://yolo-soft-daylight.solana-mainnet.quiknode.pro/057ff3aa7f3e3d9633e475e6de4f8e148ceb4d7e "HTTP/1.1 200 OK"
2025-08-21 17:20:19,919 [INFO] HTTP Request: POST https://yolo-soft-daylight.solana-mainnet.quiknode.pro/057ff3aa7f3e3d9633e475e6de4f8e148ceb4d7e "HTTP/1.1 200 OK"
2025-08-21 17:20:21,169 [INFO] HTTP Request: POST https://yolo-soft-daylight.solana-mainnet.quiknode.pro/057ff3aa7f3e3d9633e475e6de4f8e148ceb4d7e "HTTP/1.1 200 OK"
2025-08-21 17:20:27,455 [INFO] HTTP Request: POST https://yolo-soft-daylight.solana-mainnet.quiknode.pro/057ff3aa7f3e3d9633e475e6de4f8e148ceb4d7e "HTTP/1.1 200 OK"
2025-08-21 17:20:28,765 [INFO] HTTP Request: POST https://yolo-soft-daylight.solana-mainnet.quiknode.pro/057ff3aa7f3e3d9633e475e6de4f8e148ceb4d7e "HTTP/1.1 200 OK"
2025-08-21 17:20:30,053 [INFO] HTTP Request: POST https://yolo-soft-daylight.solana-mainnet.quiknode.pro/057ff3aa7f3e3d9633e475e6de4f8e148ceb4d7e "HTTP/1.1 200 OK"
2025-08-21 17:20:36,075 [INFO] HTTP Request: POST https://yolo-soft-daylight.solana-mainnet.quiknode.pro/057ff3aa7f3e3d9633e475e6de4f8e148ceb4d7e "HTTP/1.1 200 OK"
2025-08-21 17:20:37,362 [INFO] HTTP Request: POST https://yolo-soft-daylight.solana-mainnet.quiknode.pro/057ff3aa7f3e3d9633e475e6de4f8e148ceb4d7e "HTTP/1.1 200 OK"
2025-08-21 17:20:38,622 [INFO] HTTP Request: POST https://yolo-soft-daylight.solana-mainnet.quiknode.pro/057ff3aa7f3e3d9633e475e6de4f8e148ceb4d7e "HTTP/1.1 200 OK"
2025-08-21 17:20:44,634 [INFO] HTTP Request: POST https://yolo-soft-daylight.solana-mainnet.quiknode.pro/057ff3aa7f3e3d9633e475e6de4f8e148ceb4d7e "HTTP/1.1 200 OK"
2025-08-21 17:20:45,947 [INFO] HTTP Request: POST https://yolo-soft-daylight.solana-mainnet.quiknode.pro/057ff3aa7f3e3d9633e475e6de4f8e148ceb4d7e "HTTP/1.1 200 OK"
2025-08-21 17:20:47,253 [INFO] HTTP Request: POST https://yolo-soft-daylight.solana-mainnet.quiknode.pro/057ff3aa7f3e3d9633e475e6de4f8e148ceb4d7e "HTTP/1.1 200 OK"
2025-08-21 17:20:53,239 [INFO] HTTP Request: POST https://yolo-soft-daylight.solana-mainnet.quiknode.pro/057ff3aa7f3e3d9633e475e6de4f8e148ceb4d7e "HTTP/1.1 200 OK"
2025-08-21 17:20:54,452 [INFO] HTTP Request: POST https://yolo-soft-daylight.solana-mainnet.quiknode.pro/057ff3aa7f3e3d9633e475e6de4f8e148ceb4d7e "HTTP/1.1 200 OK"
2025-08-21 17:20:55,751 [INFO] HTTP Request: POST https://yolo-soft-daylight.solana-mainnet.quiknode.pro/057ff3aa7f3e3d9633e475e6de4f8e148ceb4d7e "HTTP/1.1 200 OK"
2025-08-21 17:21:01,737 [INFO] HTTP Request: POST https://yolo-soft-daylight.solana-mainnet.quiknode.pro/057ff3aa7f3e3d9633e475e6de4f8e148ceb4d7e "HTTP/1.1 200 OK"
2025-08-21 17:21:02,991 [INFO] HTTP Request: POST https://yolo-soft-daylight.solana-mainnet.quiknode.pro/057ff3aa7f3e3d9633e475e6de4f8e148ceb4d7e "HTTP/1.1 200 OK"
2025-08-21 17:21:04,303 [INFO] HTTP Request: POST https://yolo-soft-daylight.solana-mainnet.quiknode.pro/057ff3aa7f3e3d9633e475e6de4f8e148ceb4d7e "HTTP/1.1 200 OK"
2025-08-21 17:21:10,358 [INFO] HTTP Request: POST https://yolo-soft-daylight.solana-mainnet.quiknode.pro/057ff3aa7f3e3d9633e475e6de4f8e148ceb4d7e "HTTP/1.1 200 OK"
2025-08-21 17:21:11,612 [INFO] HTTP Request: POST https://yolo-soft-daylight.solana-mainnet.quiknode.pro/057ff3aa7f3e3d9633e475e6de4f8e148ceb4d7e "HTTP/1.1 200 OK"
2025-08-21 17:21:12,902 [INFO] HTTP Request: POST https://yolo-soft-daylight.solana-mainnet.quiknode.pro/057ff3aa7f3e3d9633e475e6de4f8e148ceb4d7e "HTTP/1.1 200 OK"
2025-08-21 17:21:19,019 [INFO] HTTP Request: POST https://yolo-soft-daylight.solana-mainnet.quiknode.pro/057ff3aa7f3e3d9633e475e6de4f8e148ceb4d7e "HTTP/1.1 200 OK"
2025-08-21 17:21:20,249 [INFO] HTTP Request: POST https://yolo-soft-daylight.solana-mainnet.quiknode.pro/057ff3aa7f3e3d9633e475e6de4f8e148ceb4d7e "HTTP/1.1 200 OK"
2025-08-21 17:21:21,569 [INFO] HTTP Request: POST https://yolo-soft-daylight.solana-mainnet.quiknode.pro/057ff3aa7f3e3d9633e475e6de4f8e148ceb4d7e "HTTP/1.1 200 OK"
2025-08-21 17:21:27,730 [INFO] HTTP Request: POST https://yolo-soft-daylight.solana-mainnet.quiknode.pro/057ff3aa7f3e3d9633e475e6de4f8e148ceb4d7e "HTTP/1.1 200 OK"
2025-08-21 17:21:29,176 [INFO] HTTP Request: POST https://yolo-soft-daylight.solana-mainnet.quiknode.pro/057ff3aa7f3e3d9633e475e6de4f8e148ceb4d7e "HTTP/1.1 200 OK"
2025-08-21 17:21:30,517 [INFO] HTTP Request: POST https://yolo-soft-daylight.solana-mainnet.quiknode.pro/057ff3aa7f3e3d9633e475e6de4f8e148ceb4d7e "HTTP/1.1 200 OK"
2025-08-21 17:21:36,530 [INFO] HTTP Request: POST https://yolo-soft-daylight.solana-mainnet.quiknode.pro/057ff3aa7f3e3d9633e475e6de4f8e148ceb4d7e "HTTP/1.1 200 OK"
2025-08-21 17:21:37,776 [INFO] HTTP Request: POST https://yolo-soft-daylight.solana-mainnet.quiknode.pro/057ff3aa7f3e3d9633e475e6de4f8e148ceb4d7e "HTTP/1.1 200 OK"
2025-08-21 17:21:39,038 [INFO] HTTP Request: POST https://yolo-soft-daylight.solana-mainnet.quiknode.pro/057ff3aa7f3e3d9633e475e6de4f8e148ceb4d7e "HTTP/1.1 200 OK"
2025-08-21 17:21:45,068 [INFO] HTTP Request: POST https://yolo-soft-daylight.solana-mainnet.quiknode.pro/057ff3aa7f3e3d9633e475e6de4f8e148ceb4d7e "HTTP/1.1 200 OK"
2025-08-21 17:21:46,390 [INFO] HTTP Request: POST https://yolo-soft-daylight.solana-mainnet.quiknode.pro/057ff3aa7f3e3d9633e475e6de4f8e148ceb4d7e "HTTP/1.1 200 OK"
2025-08-21 17:21:47,681 [INFO] HTTP Request: POST https://yolo-soft-daylight.solana-mainnet.quiknode.pro/057ff3aa7f3e3d9633e475e6de4f8e148ceb4d7e "HTTP/1.1 200 OK"
2025-08-21 17:21:53,665 [INFO] HTTP Request: POST https://yolo-soft-daylight.solana-mainnet.quiknode.pro/057ff3aa7f3e3d9633e475e6de4f8e148ceb4d7e "HTTP/1.1 200 OK"
2025-08-21 17:21:54,891 [INFO] HTTP Request: POST https://yolo-soft-daylight.solana-mainnet.quiknode.pro/057ff3aa7f3e3d9633e475e6de4f8e148ceb4d7e "HTTP/1.1 200 OK"
2025-08-21 17:21:56,082 [INFO] HTTP Request: POST https://yolo-soft-daylight.solana-mainnet.quiknode.pro/057ff3aa7f3e3d9633e475e6de4f8e148ceb4d7e "HTTP/1.1 200 OK"
2025-08-21 17:22:02,100 [INFO] HTTP Request: POST https://yolo-soft-daylight.solana-mainnet.quiknode.pro/057ff3aa7f3e3d9633e475e6de4f8e148ceb4d7e "HTTP/1.1 200 OK"
2025-08-21 17:22:03,307 [INFO] HTTP Request: POST https://yolo-soft-daylight.solana-mainnet.quiknode.pro/057ff3aa7f3e3d9633e475e6de4f8e148ceb4d7e "HTTP/1.1 200 OK"
2025-08-21 17:22:04,494 [INFO] HTTP Request: POST https://yolo-soft-daylight.solana-mainnet.quiknode.pro/057ff3aa7f3e3d9633e475e6de4f8e148ceb4d7e "HTTP/1.1 200 OK"
2025-08-21 17:22:10,620 [INFO] HTTP Request: POST https://yolo-soft-daylight.solana-mainnet.quiknode.pro/057ff3aa7f3e3d9633e475e6de4f8e148ceb4d7e "HTTP/1.1 200 OK"
2025-08-21 17:22:11,878 [INFO] HTTP Request: POST https://yolo-soft-daylight.solana-mainnet.quiknode.pro/057ff3aa7f3e3d9633e475e6de4f8e148ceb4d7e "HTTP/1.1 200 OK"
2025-08-21 17:22:13,132 [INFO] HTTP Request: POST https://yolo-soft-daylight.solana-mainnet.quiknode.pro/057ff3aa7f3e3d9633e475e6de4f8e148ceb4d7e "HTTP/1.1 200 OK"
2025-08-21 17:22:19,433 [INFO] HTTP Request: POST https://yolo-soft-daylight.solana-mainnet.quiknode.pro/057ff3aa7f3e3d9633e475e6de4f8e148ceb4d7e "HTTP/1.1 200 OK"
2025-08-21 17:22:20,691 [INFO] HTTP Request: POST https://yolo-soft-daylight.solana-mainnet.quiknode.pro/057ff3aa7f3e3d9633e475e6de4f8e148ceb4d7e "HTTP/1.1 200 OK"
2025-08-21 17:22:21,938 [INFO] HTTP Request: POST https://yolo-soft-daylight.solana-mainnet.quiknode.pro/057ff3aa7f3e3d9633e475e6de4f8e148ceb4d7e "HTTP/1.1 200 OK"
2025-08-21 17:22:28,073 [INFO] HTTP Request: POST https://yolo-soft-daylight.solana-mainnet.quiknode.pro/057ff3aa7f3e3d9633e475e6de4f8e148ceb4d7e "HTTP/1.1 200 OK"
2025-08-21 17:22:29,292 [INFO] HTTP Request: POST https://yolo-soft-daylight.solana-mainnet.quiknode.pro/057ff3aa7f3e3d9633e475e6de4f8e148ceb4d7e "HTTP/1.1 200 OK"
2025-08-21 17:22:30,550 [INFO] HTTP Request: POST https://yolo-soft-daylight.solana-mainnet.quiknode.pro/057ff3aa7f3e3d9633e475e6de4f8e148ceb4d7e "HTTP/1.1 200 OK"
2025-08-21 17:22:36,590 [INFO] HTTP Request: POST https://yolo-soft-daylight.solana-mainnet.quiknode.pro/057ff3aa7f3e3d9633e475e6de4f8e148ceb4d7e "HTTP/1.1 200 OK"
2025-08-21 17:22:38,083 [INFO] HTTP Request: POST https://yolo-soft-daylight.solana-mainnet.quiknode.pro/057ff3aa7f3e3d9633e475e6de4f8e148ceb4d7e "HTTP/1.1 200 OK"
2025-08-21 17:22:39,351 [INFO] HTTP Request: POST https://yolo-soft-daylight.solana-mainnet.quiknode.pro/057ff3aa7f3e3d9633e475e6de4f8e148ceb4d7e "HTTP/1.1 200 OK"
2025-08-21 17:22:45,415 [INFO] HTTP Request: POST https://yolo-soft-daylight.solana-mainnet.quiknode.pro/057ff3aa7f3e3d9633e475e6de4f8e148ceb4d7e "HTTP/1.1 200 OK"
2025-08-21 17:22:46,705 [INFO] HTTP Request: POST https://yolo-soft-daylight.solana-mainnet.quiknode.pro/057ff3aa7f3e3d9633e475e6de4f8e148ceb4d7e "HTTP/1.1 200 OK"
2025-08-21 17:22:47,996 [INFO] HTTP Request: POST https://yolo-soft-daylight.solana-mainnet.quiknode.pro/057ff3aa7f3e3d9633e475e6de4f8e148ceb4d7e "HTTP/1.1 200 OK"
2025-08-21 17:22:53,970 [INFO] HTTP Request: POST https://yolo-soft-daylight.solana-mainnet.quiknode.pro/057ff3aa7f3e3d9633e475e6de4f8e148ceb4d7e "HTTP/1.1 200 OK"
2025-08-21 17:22:55,193 [INFO] HTTP Request: POST https://yolo-soft-daylight.solana-mainnet.quiknode.pro/057ff3aa7f3e3d9633e475e6de4f8e148ceb4d7e "HTTP/1.1 200 OK"
2025-08-21 17:22:56,410 [INFO] HTTP Request: POST https://yolo-soft-daylight.solana-mainnet.quiknode.pro/057ff3aa7f3e3d9633e475e6de4f8e148ceb4d7e "HTTP/1.1 200 OK"
2025-08-21 17:23:02,398 [INFO] HTTP Request: POST https://yolo-soft-daylight.solana-mainnet.quiknode.pro/057ff3aa7f3e3d9633e475e6de4f8e148ceb4d7e "HTTP/1.1 200 OK"
2025-08-21 17:23:03,609 [INFO] HTTP Request: POST https://yolo-soft-daylight.solana-mainnet.quiknode.pro/057ff3aa7f3e3d9633e475e6de4f8e148ceb4d7e "HTTP/1.1 200 OK"
2025-08-21 17:23:04,837 [INFO] HTTP Request: POST https://yolo-soft-daylight.solana-mainnet.quiknode.pro/057ff3aa7f3e3d9633e475e6de4f8e148ceb4d7e "HTTP/1.1 200 OK"
2025-08-21 17:23:10,815 [INFO] HTTP Request: POST https://yolo-soft-daylight.solana-mainnet.quiknode.pro/057ff3aa7f3e3d9633e475e6de4f8e148ceb4d7e "HTTP/1.1 200 OK"
2025-08-21 17:23:12,004 [INFO] HTTP Request: POST https://yolo-soft-daylight.solana-mainnet.quiknode.pro/057ff3aa7f3e3d9633e475e6de4f8e148ceb4d7e "HTTP/1.1 200 OK"
2025-08-21 17:23:13,197 [INFO] HTTP Request: POST https://yolo-soft-daylight.solana-mainnet.quiknode.pro/057ff3aa7f3e3d9633e475e6de4f8e148ceb4d7e "HTTP/1.1 200 OK"
2025-08-21 17:23:19,177 [INFO] HTTP Request: POST https://yolo-soft-daylight.solana-mainnet.quiknode.pro/057ff3aa7f3e3d9633e475e6de4f8e148ceb4d7e "HTTP/1.1 200 OK"
2025-08-21 17:23:20,378 [INFO] HTTP Request: POST https://yolo-soft-daylight.solana-mainnet.quiknode.pro/057ff3aa7f3e3d9633e475e6de4f8e148ceb4d7e "HTTP/1.1 200 OK"
2025-08-21 17:23:21,570 [INFO] HTTP Request: POST https://yolo-soft-daylight.solana-mainnet.quiknode.pro/057ff3aa7f3e3d9633e475e6de4f8e148ceb4d7e "HTTP/1.1 200 OK"
2025-08-21 17:23:27,658 [INFO] HTTP Request: POST https://yolo-soft-daylight.solana-mainnet.quiknode.pro/057ff3aa7f3e3d9633e475e6de4f8e148ceb4d7e "HTTP/1.1 200 OK"
2025-08-21 17:23:28,866 [INFO] HTTP Request: POST https://yolo-soft-daylight.solana-mainnet.quiknode.pro/057ff3aa7f3e3d9633e475e6de4f8e148ceb4d7e "HTTP/1.1 200 OK"
2025-08-21 17:23:30,075 [INFO] HTTP Request: POST https://yolo-soft-daylight.solana-mainnet.quiknode.pro/057ff3aa7f3e3d9633e475e6de4f8e148ceb4d7e "HTTP/1.1 200 OK"
2025-08-21 17:23:36,064 [INFO] HTTP Request: POST https://yolo-soft-daylight.solana-mainnet.quiknode.pro/057ff3aa7f3e3d9633e475e6de4f8e148ceb4d7e "HTTP/1.1 200 OK"
2025-08-21 17:23:37,336 [INFO] HTTP Request: POST https://yolo-soft-daylight.solana-mainnet.quiknode.pro/057ff3aa7f3e3d9633e475e6de4f8e148ceb4d7e "HTTP/1.1 200 OK"
2025-08-21 17:23:38,624 [INFO] HTTP Request: POST https://yolo-soft-daylight.solana-mainnet.quiknode.pro/057ff3aa7f3e3d9633e475e6de4f8e148ceb4d7e "HTTP/1.1 200 OK"
2025-08-21 17:23:44,694 [INFO] HTTP Request: POST https://yolo-soft-daylight.solana-mainnet.quiknode.pro/057ff3aa7f3e3d9633e475e6de4f8e148ceb4d7e "HTTP/1.1 200 OK"
2025-08-21 17:23:46,270 [INFO] HTTP Request: POST https://yolo-soft-daylight.solana-mainnet.quiknode.pro/057ff3aa7f3e3d9633e475e6de4f8e148ceb4d7e "HTTP/1.1 200 OK"
2025-08-21 17:23:48,017 [INFO] HTTP Request: POST https://yolo-soft-daylight.solana-mainnet.quiknode.pro/057ff3aa7f3e3d9633e475e6de4f8e148ceb4d7e "HTTP/1.1 200 OK"
2025-08-21 17:23:54,622 [INFO] HTTP Request: POST https://yolo-soft-daylight.solana-mainnet.quiknode.pro/057ff3aa7f3e3d9633e475e6de4f8e148ceb4d7e "HTTP/1.1 200 OK"
2025-08-21 17:23:56,254 [INFO] HTTP Request: POST https://yolo-soft-daylight.solana-mainnet.quiknode.pro/057ff3aa7f3e3d9633e475e6de4f8e148ceb4d7e "HTTP/1.1 200 OK"
2025-08-21 17:23:58,014 [INFO] HTTP Request: POST https://yolo-soft-daylight.solana-mainnet.quiknode.pro/057ff3aa7f3e3d9633e475e6de4f8e148ceb4d7e "HTTP/1.1 200 OK"
2025-08-21 17:24:04,035 [INFO] HTTP Request: POST https://yolo-soft-daylight.solana-mainnet.quiknode.pro/057ff3aa7f3e3d9633e475e6de4f8e148ceb4d7e "HTTP/1.1 200 OK"
2025-08-21 17:24:05,402 [INFO] HTTP Request: POST https://yolo-soft-daylight.solana-mainnet.quiknode.pro/057ff3aa7f3e3d9633e475e6de4f8e148ceb4d7e "HTTP/1.1 200 OK"
2025-08-21 17:24:06,723 [INFO] HTTP Request: POST https://yolo-soft-daylight.solana-mainnet.quiknode.pro/057ff3aa7f3e3d9633e475e6de4f8e148ceb4d7e "HTTP/1.1 200 OK"
2025-08-21 17:24:12,792 [INFO] HTTP Request: POST https://yolo-soft-daylight.solana-mainnet.quiknode.pro/057ff3aa7f3e3d9633e475e6de4f8e148ceb4d7e "HTTP/1.1 200 OK"
2025-08-21 17:24:14,084 [INFO] HTTP Request: POST https://yolo-soft-daylight.solana-mainnet.quiknode.pro/057ff3aa7f3e3d9633e475e6de4f8e148ceb4d7e "HTTP/1.1 200 OK"
2025-08-21 17:24:15,819 [INFO] HTTP Request: POST https://yolo-soft-daylight.solana-mainnet.quiknode.pro/057ff3aa7f3e3d9633e475e6de4f8e148ceb4d7e "HTTP/1.1 200 OK"
2025-08-21 17:24:23,862 [INFO] HTTP Request: POST https://yolo-soft-daylight.solana-mainnet.quiknode.pro/057ff3aa7f3e3d9633e475e6de4f8e148ceb4d7e "HTTP/1.1 200 OK"
2025-08-21 17:24:27,347 [INFO] HTTP Request: POST https://yolo-soft-daylight.solana-mainnet.quiknode.pro/057ff3aa7f3e3d9633e475e6de4f8e148ceb4d7e "HTTP/1.1 200 OK"
2025-08-21 17:24:31,170 [INFO] HTTP Request: POST https://yolo-soft-daylight.solana-mainnet.quiknode.pro/057ff3aa7f3e3d9633e475e6de4f8e148ceb4d7e "HTTP/1.1 200 OK"
2025-08-21 17:24:38,342 [INFO] HTTP Request: POST https://yolo-soft-daylight.solana-mainnet.quiknode.pro/057ff3aa7f3e3d9633e475e6de4f8e148ceb4d7e "HTTP/1.1 200 OK"
2025-08-21 17:24:39,963 [INFO] HTTP Request: POST https://yolo-soft-daylight.solana-mainnet.quiknode.pro/057ff3aa7f3e3d9633e475e6de4f8e148ceb4d7e "HTTP/1.1 200 OK"
2025-08-21 17:24:41,545 [INFO] HTTP Request: POST https://yolo-soft-daylight.solana-mainnet.quiknode.pro/057ff3aa7f3e3d9633e475e6de4f8e148ceb4d7e "HTTP/1.1 200 OK"
2025-08-21 17:24:47,729 [INFO] HTTP Request: POST https://yolo-soft-daylight.solana-mainnet.quiknode.pro/057ff3aa7f3e3d9633e475e6de4f8e148ceb4d7e "HTTP/1.1 200 OK"
2025-08-21 17:24:49,113 [INFO] HTTP Request: POST https://yolo-soft-daylight.solana-mainnet.quiknode.pro/057ff3aa7f3e3d9633e475e6de4f8e148ceb4d7e "HTTP/1.1 200 OK"
2025-08-21 17:24:50,507 [INFO] HTTP Request: POST https://yolo-soft-daylight.solana-mainnet.quiknode.pro/057ff3aa7f3e3d9633e475e6de4f8e148ceb4d7e "HTTP/1.1 200 OK"
2025-08-21 17:24:56,651 [INFO] HTTP Request: POST https://yolo-soft-daylight.solana-mainnet.quiknode.pro/057ff3aa7f3e3d9633e475e6de4f8e148ceb4d7e "HTTP/1.1 200 OK"
2025-08-21 17:24:58,120 [INFO] HTTP Request: POST https://yolo-soft-daylight.solana-mainnet.quiknode.pro/057ff3aa7f3e3d9633e475e6de4f8e148ceb4d7e "HTTP/1.1 200 OK"
2025-08-21 17:24:59,574 [INFO] HTTP Request: POST https://yolo-soft-daylight.solana-mainnet.quiknode.pro/057ff3aa7f3e3d9633e475e6de4f8e148ceb4d7e "HTTP/1.1 200 OK"
2025-08-21 17:25:05,846 [INFO] HTTP Request: POST https://yolo-soft-daylight.solana-mainnet.quiknode.pro/057ff3aa7f3e3d9633e475e6de4f8e148ceb4d7e "HTTP/1.1 200 OK"
2025-08-21 17:25:07,294 [INFO] HTTP Request: POST https://yolo-soft-daylight.solana-mainnet.quiknode.pro/057ff3aa7f3e3d9633e475e6de4f8e148ceb4d7e "HTTP/1.1 200 OK"
2025-08-21 17:25:08,704 [INFO] HTTP Request: POST https://yolo-soft-daylight.solana-mainnet.quiknode.pro/057ff3aa7f3e3d9633e475e6de4f8e148ceb4d7e "HTTP/1.1 200 OK"
2025-08-21 17:25:15,065 [INFO] HTTP Request: POST https://yolo-soft-daylight.solana-mainnet.quiknode.pro/057ff3aa7f3e3d9633e475e6de4f8e148ceb4d7e "HTTP/1.1 200 OK"
2025-08-21 17:25:16,792 [INFO] HTTP Request: POST https://yolo-soft-daylight.solana-mainnet.quiknode.pro/057ff3aa7f3e3d9633e475e6de4f8e148ceb4d7e "HTTP/1.1 200 OK"
2025-08-21 17:25:18,154 [INFO] HTTP Request: POST https://yolo-soft-daylight.solana-mainnet.quiknode.pro/057ff3aa7f3e3d9633e475e6de4f8e148ceb4d7e "HTTP/1.1 200 OK"
2025-08-21 17:25:24,914 [INFO] HTTP Request: POST https://yolo-soft-daylight.solana-mainnet.quiknode.pro/057ff3aa7f3e3d9633e475e6de4f8e148ceb4d7e "HTTP/1.1 200 OK"
2025-08-21 17:25:26,818 [INFO] HTTP Request: POST https://yolo-soft-daylight.solana-mainnet.quiknode.pro/057ff3aa7f3e3d9633e475e6de4f8e148ceb4d7e "HTTP/1.1 200 OK"
2025-08-21 17:25:28,502 [INFO] HTTP Request: POST https://yolo-soft-daylight.solana-mainnet.quiknode.pro/057ff3aa7f3e3d9633e475e6de4f8e148ceb4d7e "HTTP/1.1 200 OK"
2025-08-21 17:25:34,614 [INFO] HTTP Request: POST https://yolo-soft-daylight.solana-mainnet.quiknode.pro/057ff3aa7f3e3d9633e475e6de4f8e148ceb4d7e "HTTP/1.1 200 OK"
2025-08-21 17:25:35,880 [INFO] HTTP Request: POST https://yolo-soft-daylight.solana-mainnet.quiknode.pro/057ff3aa7f3e3d9633e475e6de4f8e148ceb4d7e "HTTP/1.1 200 OK"
2025-08-21 17:25:37,143 [INFO] HTTP Request: POST https://yolo-soft-daylight.solana-mainnet.quiknode.pro/057ff3aa7f3e3d9633e475e6de4f8e148ceb4d7e "HTTP/1.1 200 OK"
2025-08-21 17:25:43,220 [INFO] HTTP Request: POST https://yolo-soft-daylight.solana-mainnet.quiknode.pro/057ff3aa7f3e3d9633e475e6de4f8e148ceb4d7e "HTTP/1.1 200 OK"
2025-08-21 17:25:44,588 [INFO] HTTP Request: POST https://yolo-soft-daylight.solana-mainnet.quiknode.pro/057ff3aa7f3e3d9633e475e6de4f8e148ceb4d7e "HTTP/1.1 200 OK"
2025-08-21 17:25:45,900 [INFO] HTTP Request: POST https://yolo-soft-daylight.solana-mainnet.quiknode.pro/057ff3aa7f3e3d9633e475e6de4f8e148ceb4d7e "HTTP/1.1 200 OK"
2025-08-21 17:25:51,955 [INFO] HTTP Request: POST https://yolo-soft-daylight.solana-mainnet.quiknode.pro/057ff3aa7f3e3d9633e475e6de4f8e148ceb4d7e "HTTP/1.1 200 OK"
2025-08-21 17:25:53,250 [INFO] HTTP Request: POST https://yolo-soft-daylight.solana-mainnet.quiknode.pro/057ff3aa7f3e3d9633e475e6de4f8e148ceb4d7e "HTTP/1.1 200 OK"
2025-08-21 17:25:54,526 [INFO] HTTP Request: POST https://yolo-soft-daylight.solana-mainnet.quiknode.pro/057ff3aa7f3e3d9633e475e6de4f8e148ceb4d7e "HTTP/1.1 200 OK"
2025-08-21 17:26:01,086 [INFO] HTTP Request: POST https://yolo-soft-daylight.solana-mainnet.quiknode.pro/057ff3aa7f3e3d9633e475e6de4f8e148ceb4d7e "HTTP/1.1 200 OK"
2025-08-21 17:26:02,791 [INFO] HTTP Request: POST https://yolo-soft-daylight.solana-mainnet.quiknode.pro/057ff3aa7f3e3d9633e475e6de4f8e148ceb4d7e "HTTP/1.1 200 OK"
2025-08-21 17:26:04,184 [INFO] HTTP Request: POST https://yolo-soft-daylight.solana-mainnet.quiknode.pro/057ff3aa7f3e3d9633e475e6de4f8e148ceb4d7e "HTTP/1.1 200 OK"
2025-08-21 17:26:10,255 [INFO] HTTP Request: POST https://yolo-soft-daylight.solana-mainnet.quiknode.pro/057ff3aa7f3e3d9633e475e6de4f8e148ceb4d7e "HTTP/1.1 200 OK"
2025-08-21 17:26:11,550 [INFO] HTTP Request: POST https://yolo-soft-daylight.solana-mainnet.quiknode.pro/057ff3aa7f3e3d9633e475e6de4f8e148ceb4d7e "HTTP/1.1 200 OK"
2025-08-21 17:26:12,841 [INFO] HTTP Request: POST https://yolo-soft-daylight.solana-mainnet.quiknode.pro/057ff3aa7f3e3d9633e475e6de4f8e148ceb4d7e "HTTP/1.1 200 OK"
2025-08-21 17:26:18,853 [INFO] HTTP Request: POST https://yolo-soft-daylight.solana-mainnet.quiknode.pro/057ff3aa7f3e3d9633e475e6de4f8e148ceb4d7e "HTTP/1.1 200 OK"
2025-08-21 17:26:20,139 [INFO] HTTP Request: POST https://yolo-soft-daylight.solana-mainnet.quiknode.pro/057ff3aa7f3e3d9633e475e6de4f8e148ceb4d7e "HTTP/1.1 200 OK"
2025-08-21 17:26:21,373 [INFO] HTTP Request: POST https://yolo-soft-daylight.solana-mainnet.quiknode.pro/057ff3aa7f3e3d9633e475e6de4f8e148ceb4d7e "HTTP/1.1 200 OK"
2025-08-21 17:26:27,519 [INFO] HTTP Request: POST https://yolo-soft-daylight.solana-mainnet.quiknode.pro/057ff3aa7f3e3d9633e475e6de4f8e148ceb4d7e "HTTP/1.1 200 OK"
2025-08-21 17:26:29,212 [INFO] HTTP Request: POST https://yolo-soft-daylight.solana-mainnet.quiknode.pro/057ff3aa7f3e3d9633e475e6de4f8e148ceb4d7e "HTTP/1.1 200 OK"
2025-08-21 17:26:31,157 [INFO] HTTP Request: POST https://yolo-soft-daylight.solana-mainnet.quiknode.pro/057ff3aa7f3e3d9633e475e6de4f8e148ceb4d7e "HTTP/1.1 200 OK"
2025-08-21 17:26:38,890 [INFO] HTTP Request: POST https://yolo-soft-daylight.solana-mainnet.quiknode.pro/057ff3aa7f3e3d9633e475e6de4f8e148ceb4d7e "HTTP/1.1 200 OK"
2025-08-21 17:26:40,375 [INFO] HTTP Request: POST https://yolo-soft-daylight.solana-mainnet.quiknode.pro/057ff3aa7f3e3d9633e475e6de4f8e148ceb4d7e "HTTP/1.1 200 OK"
2025-08-21 17:26:41,797 [INFO] HTTP Request: POST https://yolo-soft-daylight.solana-mainnet.quiknode.pro/057ff3aa7f3e3d9633e475e6de4f8e148ceb4d7e "HTTP/1.1 200 OK"
2025-08-21 17:26:48,053 [INFO] HTTP Request: POST https://yolo-soft-daylight.solana-mainnet.quiknode.pro/057ff3aa7f3e3d9633e475e6de4f8e148ceb4d7e "HTTP/1.1 200 OK"
2025-08-21 17:26:49,360 [INFO] HTTP Request: POST https://yolo-soft-daylight.solana-mainnet.quiknode.pro/057ff3aa7f3e3d9633e475e6de4f8e148ceb4d7e "HTTP/1.1 200 OK"
2025-08-21 17:26:51,260 [INFO] HTTP Request: POST https://yolo-soft-daylight.solana-mainnet.quiknode.pro/057ff3aa7f3e3d9633e475e6de4f8e148ceb4d7e "HTTP/1.1 200 OK"
2025-08-21 17:26:57,307 [INFO] HTTP Request: POST https://yolo-soft-daylight.solana-mainnet.quiknode.pro/057ff3aa7f3e3d9633e475e6de4f8e148ceb4d7e "HTTP/1.1 200 OK"
2025-08-21 17:26:58,623 [INFO] HTTP Request: POST https://yolo-soft-daylight.solana-mainnet.quiknode.pro/057ff3aa7f3e3d9633e475e6de4f8e148ceb4d7e "HTTP/1.1 200 OK"
2025-08-21 17:26:59,983 [INFO] HTTP Request: POST https://yolo-soft-daylight.solana-mainnet.quiknode.pro/057ff3aa7f3e3d9633e475e6de4f8e148ceb4d7e "HTTP/1.1 200 OK"
2025-08-21 17:27:06,182 [INFO] HTTP Request: POST https://yolo-soft-daylight.solana-mainnet.quiknode.pro/057ff3aa7f3e3d9633e475e6de4f8e148ceb4d7e "HTTP/1.1 200 OK"
2025-08-21 17:27:08,556 [INFO] HTTP Request: POST https://yolo-soft-daylight.solana-mainnet.quiknode.pro/057ff3aa7f3e3d9633e475e6de4f8e148ceb4d7e "HTTP/1.1 200 OK"
2025-08-21 17:27:10,085 [INFO] HTTP Request: POST https://yolo-soft-daylight.solana-mainnet.quiknode.pro/057ff3aa7f3e3d9633e475e6de4f8e148ceb4d7e "HTTP/1.1 200 OK"
2025-08-21 17:27:16,439 [INFO] HTTP Request: POST https://yolo-soft-daylight.solana-mainnet.quiknode.pro/057ff3aa7f3e3d9633e475e6de4f8e148ceb4d7e "HTTP/1.1 200 OK"
2025-08-21 17:27:17,783 [INFO] HTTP Request: POST https://yolo-soft-daylight.solana-mainnet.quiknode.pro/057ff3aa7f3e3d9633e475e6de4f8e148ceb4d7e "HTTP/1.1 200 OK"
2025-08-21 17:27:19,053 [INFO] HTTP Request: POST https://yolo-soft-daylight.solana-mainnet.quiknode.pro/057ff3aa7f3e3d9633e475e6de4f8e148ceb4d7e "HTTP/1.1 200 OK"
2025-08-21 17:27:25,039 [INFO] HTTP Request: POST https://yolo-soft-daylight.solana-mainnet.quiknode.pro/057ff3aa7f3e3d9633e475e6de4f8e148ceb4d7e "HTTP/1.1 200 OK"
2025-08-21 17:27:26,269 [INFO] HTTP Request: POST https://yolo-soft-daylight.solana-mainnet.quiknode.pro/057ff3aa7f3e3d9633e475e6de4f8e148ceb4d7e "HTTP/1.1 200 OK"
2025-08-21 17:27:27,549 [INFO] HTTP Request: POST https://yolo-soft-daylight.solana-mainnet.quiknode.pro/057ff3aa7f3e3d9633e475e6de4f8e148ceb4d7e "HTTP/1.1 200 OK"
2025-08-21 17:27:33,642 [INFO] HTTP Request: POST https://yolo-soft-daylight.solana-mainnet.quiknode.pro/057ff3aa7f3e3d9633e475e6de4f8e148ceb4d7e "HTTP/1.1 200 OK"
2025-08-21 17:27:34,920 [INFO] HTTP Request: POST https://yolo-soft-daylight.solana-mainnet.quiknode.pro/057ff3aa7f3e3d9633e475e6de4f8e148ceb4d7e "HTTP/1.1 200 OK"
2025-08-21 17:27:36,192 [INFO] HTTP Request: POST https://yolo-soft-daylight.solana-mainnet.quiknode.pro/057ff3aa7f3e3d9633e475e6de4f8e148ceb4d7e "HTTP/1.1 200 OK"
2025-08-21 17:27:42,342 [INFO] HTTP Request: POST https://yolo-soft-daylight.solana-mainnet.quiknode.pro/057ff3aa7f3e3d9633e475e6de4f8e148ceb4d7e "HTTP/1.1 200 OK"
2025-08-21 17:27:43,837 [INFO] HTTP Request: POST https://yolo-soft-daylight.solana-mainnet.quiknode.pro/057ff3aa7f3e3d9633e475e6de4f8e148ceb4d7e "HTTP/1.1 200 OK"
2025-08-21 17:27:45,265 [INFO] HTTP Request: POST https://yolo-soft-daylight.solana-mainnet.quiknode.pro/057ff3aa7f3e3d9633e475e6de4f8e148ceb4d7e "HTTP/1.1 200 OK"
2025-08-21 17:27:51,284 [INFO] HTTP Request: POST https://yolo-soft-daylight.solana-mainnet.quiknode.pro/057ff3aa7f3e3d9633e475e6de4f8e148ceb4d7e "HTTP/1.1 200 OK"
2025-08-21 17:27:52,525 [INFO] HTTP Request: POST https://yolo-soft-daylight.solana-mainnet.quiknode.pro/057ff3aa7f3e3d9633e475e6de4f8e148ceb4d7e "HTTP/1.1 200 OK"
2025-08-21 17:27:53,772 [INFO] HTTP Request: POST https://yolo-soft-daylight.solana-mainnet.quiknode.pro/057ff3aa7f3e3d9633e475e6de4f8e148ceb4d7e "HTTP/1.1 200 OK"
2025-08-21 17:27:59,816 [INFO] HTTP Request: POST https://yolo-soft-daylight.solana-mainnet.quiknode.pro/057ff3aa7f3e3d9633e475e6de4f8e148ceb4d7e "HTTP/1.1 200 OK"
2025-08-21 17:28:01,151 [INFO] HTTP Request: POST https://yolo-soft-daylight.solana-mainnet.quiknode.pro/057ff3aa7f3e3d9633e475e6de4f8e148ceb4d7e "HTTP/1.1 200 OK"
2025-08-21 17:28:02,491 [INFO] HTTP Request: POST https://yolo-soft-daylight.solana-mainnet.quiknode.pro/057ff3aa7f3e3d9633e475e6de4f8e148ceb4d7e "HTTP/1.1 200 OK"
2025-08-21 17:28:08,475 [INFO] HTTP Request: POST https://yolo-soft-daylight.solana-mainnet.quiknode.pro/057ff3aa7f3e3d9633e475e6de4f8e148ceb4d7e "HTTP/1.1 200 OK"
2025-08-21 17:28:09,709 [INFO] HTTP Request: POST https://yolo-soft-daylight.solana-mainnet.quiknode.pro/057ff3aa7f3e3d9633e475e6de4f8e148ceb4d7e "HTTP/1.1 200 OK"
2025-08-21 17:28:11,025 [INFO] HTTP Request: POST https://yolo-soft-daylight.solana-mainnet.quiknode.pro/057ff3aa7f3e3d9633e475e6de4f8e148ceb4d7e "HTTP/1.1 200 OK"
2025-08-21 17:28:17,044 [INFO] HTTP Request: POST https://yolo-soft-daylight.solana-mainnet.quiknode.pro/057ff3aa7f3e3d9633e475e6de4f8e148ceb4d7e "HTTP/1.1 200 OK"
2025-08-21 17:28:18,371 [INFO] HTTP Request: POST https://yolo-soft-daylight.solana-mainnet.quiknode.pro/057ff3aa7f3e3d9633e475e6de4f8e148ceb4d7e "HTTP/1.1 200 OK"
2025-08-21 17:28:19,692 [INFO] HTTP Request: POST https://yolo-soft-daylight.solana-mainnet.quiknode.pro/057ff3aa7f3e3d9633e475e6de4f8e148ceb4d7e "HTTP/1.1 200 OK"
2025-08-21 17:28:25,725 [INFO] HTTP Request: POST https://yolo-soft-daylight.solana-mainnet.quiknode.pro/057ff3aa7f3e3d9633e475e6de4f8e148ceb4d7e "HTTP/1.1 200 OK"
2025-08-21 17:28:26,959 [INFO] HTTP Request: POST https://yolo-soft-daylight.solana-mainnet.quiknode.pro/057ff3aa7f3e3d9633e475e6de4f8e148ceb4d7e "HTTP/1.1 200 OK"
2025-08-21 17:28:28,225 [INFO] HTTP Request: POST https://yolo-soft-daylight.solana-mainnet.quiknode.pro/057ff3aa7f3e3d9633e475e6de4f8e148ceb4d7e "HTTP/1.1 200 OK"
2025-08-21 17:28:34,238 [INFO] HTTP Request: POST https://yolo-soft-daylight.solana-mainnet.quiknode.pro/057ff3aa7f3e3d9633e475e6de4f8e148ceb4d7e "HTTP/1.1 200 OK"
2025-08-21 17:28:35,508 [INFO] HTTP Request: POST https://yolo-soft-daylight.solana-mainnet.quiknode.pro/057ff3aa7f3e3d9633e475e6de4f8e148ceb4d7e "HTTP/1.1 200 OK"
2025-08-21 17:28:36,765 [INFO] HTTP Request: POST https://yolo-soft-daylight.solana-mainnet.quiknode.pro/057ff3aa7f3e3d9633e475e6de4f8e148ceb4d7e "HTTP/1.1 200 OK"
2025-08-21 17:28:42,923 [INFO] HTTP Request: POST https://yolo-soft-daylight.solana-mainnet.quiknode.pro/057ff3aa7f3e3d9633e475e6de4f8e148ceb4d7e "HTTP/1.1 200 OK"
2025-08-21 17:28:44,193 [INFO] HTTP Request: POST https://yolo-soft-daylight.solana-mainnet.quiknode.pro/057ff3aa7f3e3d9633e475e6de4f8e148ceb4d7e "HTTP/1.1 200 OK"
2025-08-21 17:28:45,404 [INFO] HTTP Request: POST https://yolo-soft-daylight.solana-mainnet.quiknode.pro/057ff3aa7f3e3d9633e475e6de4f8e148ceb4d7e "HTTP/1.1 200 OK"
2025-08-21 17:28:51,464 [INFO] HTTP Request: POST https://yolo-soft-daylight.solana-mainnet.quiknode.pro/057ff3aa7f3e3d9633e475e6de4f8e148ceb4d7e "HTTP/1.1 200 OK"
2025-08-21 17:28:52,687 [INFO] HTTP Request: POST https://yolo-soft-daylight.solana-mainnet.quiknode.pro/057ff3aa7f3e3d9633e475e6de4f8e148ceb4d7e "HTTP/1.1 200 OK"
2025-08-21 17:28:53,942 [INFO] HTTP Request: POST https://yolo-soft-daylight.solana-mainnet.quiknode.pro/057ff3aa7f3e3d9633e475e6de4f8e148ceb4d7e "HTTP/1.1 200 OK"
2025-08-21 17:28:59,946 [INFO] HTTP Request: POST https://yolo-soft-daylight.solana-mainnet.quiknode.pro/057ff3aa7f3e3d9633e475e6de4f8e148ceb4d7e "HTTP/1.1 200 OK"
2025-08-21 17:29:01,499 [INFO] HTTP Request: POST https://yolo-soft-daylight.solana-mainnet.quiknode.pro/057ff3aa7f3e3d9633e475e6de4f8e148ceb4d7e "HTTP/1.1 200 OK"
2025-08-21 17:29:02,872 [INFO] HTTP Request: POST https://yolo-soft-daylight.solana-mainnet.quiknode.pro/057ff3aa7f3e3d9633e475e6de4f8e148ceb4d7e "HTTP/1.1 200 OK"
2025-08-21 17:29:08,888 [INFO] HTTP Request: POST https://yolo-soft-daylight.solana-mainnet.quiknode.pro/057ff3aa7f3e3d9633e475e6de4f8e148ceb4d7e "HTTP/1.1 200 OK"
2025-08-21 17:29:10,148 [INFO] HTTP Request: POST https://yolo-soft-daylight.solana-mainnet.quiknode.pro/057ff3aa7f3e3d9633e475e6de4f8e148ceb4d7e "HTTP/1.1 200 OK"
2025-08-21 17:29:11,387 [INFO] HTTP Request: POST https://yolo-soft-daylight.solana-mainnet.quiknode.pro/057ff3aa7f3e3d9633e475e6de4f8e148ceb4d7e "HTTP/1.1 200 OK"
2025-08-21 17:29:17,481 [INFO] HTTP Request: POST https://yolo-soft-daylight.solana-mainnet.quiknode.pro/057ff3aa7f3e3d9633e475e6de4f8e148ceb4d7e "HTTP/1.1 200 OK"
2025-08-21 17:29:18,730 [INFO] HTTP Request: POST https://yolo-soft-daylight.solana-mainnet.quiknode.pro/057ff3aa7f3e3d9633e475e6de4f8e148ceb4d7e "HTTP/1.1 200 OK"
2025-08-21 17:29:20,019 [INFO] HTTP Request: POST https://yolo-soft-daylight.solana-mainnet.quiknode.pro/057ff3aa7f3e3d9633e475e6de4f8e148ceb4d7e "HTTP/1.1 200 OK"
2025-08-21 17:29:26,467 [INFO] HTTP Request: POST https://yolo-soft-daylight.solana-mainnet.quiknode.pro/057ff3aa7f3e3d9633e475e6de4f8e148ceb4d7e "HTTP/1.1 200 OK"
2025-08-21 17:29:27,897 [INFO] HTTP Request: POST https://yolo-soft-daylight.solana-mainnet.quiknode.pro/057ff3aa7f3e3d9633e475e6de4f8e148ceb4d7e "HTTP/1.1 200 OK"
2025-08-21 17:29:29,577 [INFO] HTTP Request: POST https://yolo-soft-daylight.solana-mainnet.quiknode.pro/057ff3aa7f3e3d9633e475e6de4f8e148ceb4d7e "HTTP/1.1 200 OK"
2025-08-21 17:29:36,184 [INFO] HTTP Request: POST https://yolo-soft-daylight.solana-mainnet.quiknode.pro/057ff3aa7f3e3d9633e475e6de4f8e148ceb4d7e "HTTP/1.1 200 OK"
2025-08-21 17:29:37,573 [INFO] HTTP Request: POST https://yolo-soft-daylight.solana-mainnet.quiknode.pro/057ff3aa7f3e3d9633e475e6de4f8e148ceb4d7e "HTTP/1.1 200 OK"
2025-08-21 17:29:38,957 [INFO] HTTP Request: POST https://yolo-soft-daylight.solana-mainnet.quiknode.pro/057ff3aa7f3e3d9633e475e6de4f8e148ceb4d7e "HTTP/1.1 200 OK"
2025-08-21 17:29:45,053 [INFO] HTTP Request: POST https://yolo-soft-daylight.solana-mainnet.quiknode.pro/057ff3aa7f3e3d9633e475e6de4f8e148ceb4d7e "HTTP/1.1 200 OK"
2025-08-21 17:29:46,282 [INFO] HTTP Request: POST https://yolo-soft-daylight.solana-mainnet.quiknode.pro/057ff3aa7f3e3d9633e475e6de4f8e148ceb4d7e "HTTP/1.1 200 OK"
2025-08-21 17:29:47,710 [INFO] HTTP Request: POST https://yolo-soft-daylight.solana-mainnet.quiknode.pro/057ff3aa7f3e3d9633e475e6de4f8e148ceb4d7e "HTTP/1.1 200 OK"
2025-08-21 17:29:53,832 [INFO] HTTP Request: POST https://yolo-soft-daylight.solana-mainnet.quiknode.pro/057ff3aa7f3e3d9633e475e6de4f8e148ceb4d7e "HTTP/1.1 200 OK"
2025-08-21 17:29:55,153 [INFO] HTTP Request: POST https://yolo-soft-daylight.solana-mainnet.quiknode.pro/057ff3aa7f3e3d9633e475e6de4f8e148ceb4d7e "HTTP/1.1 200 OK"
2025-08-21 17:29:56,445 [INFO] HTTP Request: POST https://yolo-soft-daylight.solana-mainnet.quiknode.pro/057ff3aa7f3e3d9633e475e6de4f8e148ceb4d7e "HTTP/1.1 200 OK"
2025-08-21 17:30:02,530 [INFO] HTTP Request: POST https://yolo-soft-daylight.solana-mainnet.quiknode.pro/057ff3aa7f3e3d9633e475e6de4f8e148ceb4d7e "HTTP/1.1 200 OK"
2025-08-21 17:30:03,862 [INFO] HTTP Request: POST https://yolo-soft-daylight.solana-mainnet.quiknode.pro/057ff3aa7f3e3d9633e475e6de4f8e148ceb4d7e "HTTP/1.1 200 OK"
2025-08-21 17:30:05,130 [INFO] HTTP Request: POST https://yolo-soft-daylight.solana-mainnet.quiknode.pro/057ff3aa7f3e3d9633e475e6de4f8e148ceb4d7e "HTTP/1.1 200 OK"
2025-08-21 17:30:11,152 [INFO] HTTP Request: POST https://yolo-soft-daylight.solana-mainnet.quiknode.pro/057ff3aa7f3e3d9633e475e6de4f8e148ceb4d7e "HTTP/1.1 200 OK"
2025-08-21 17:30:12,501 [INFO] HTTP Request: POST https://yolo-soft-daylight.solana-mainnet.quiknode.pro/057ff3aa7f3e3d9633e475e6de4f8e148ceb4d7e "HTTP/1.1 200 OK"
2025-08-21 17:30:13,759 [INFO] HTTP Request: POST https://yolo-soft-daylight.solana-mainnet.quiknode.pro/057ff3aa7f3e3d9633e475e6de4f8e148ceb4d7e "HTTP/1.1 200 OK"
2025-08-21 17:30:19,770 [INFO] HTTP Request: POST https://yolo-soft-daylight.solana-mainnet.quiknode.pro/057ff3aa7f3e3d9633e475e6de4f8e148ceb4d7e "HTTP/1.1 200 OK"
2025-08-21 17:30:21,059 [INFO] HTTP Request: POST https://yolo-soft-daylight.solana-mainnet.quiknode.pro/057ff3aa7f3e3d9633e475e6de4f8e148ceb4d7e "HTTP/1.1 200 OK"
2025-08-21 17:30:22,343 [INFO] HTTP Request: POST https://yolo-soft-daylight.solana-mainnet.quiknode.pro/057ff3aa7f3e3d9633e475e6de4f8e148ceb4d7e "HTTP/1.1 200 OK"
2025-08-21 17:30:28,372 [INFO] HTTP Request: POST https://yolo-soft-daylight.solana-mainnet.quiknode.pro/057ff3aa7f3e3d9633e475e6de4f8e148ceb4d7e "HTTP/1.1 200 OK"
2025-08-21 17:30:29,685 [INFO] HTTP Request: POST https://yolo-soft-daylight.solana-mainnet.quiknode.pro/057ff3aa7f3e3d9633e475e6de4f8e148ceb4d7e "HTTP/1.1 200 OK"
2025-08-21 17:30:30,982 [INFO] HTTP Request: POST https://yolo-soft-daylight.solana-mainnet.quiknode.pro/057ff3aa7f3e3d9633e475e6de4f8e148ceb4d7e "HTTP/1.1 200 OK"
2025-08-21 17:30:37,034 [INFO] HTTP Request: POST https://yolo-soft-daylight.solana-mainnet.quiknode.pro/057ff3aa7f3e3d9633e475e6de4f8e148ceb4d7e "HTTP/1.1 200 OK"
2025-08-21 17:30:38,324 [INFO] HTTP Request: POST https://yolo-soft-daylight.solana-mainnet.quiknode.pro/057ff3aa7f3e3d9633e475e6de4f8e148ceb4d7e "HTTP/1.1 200 OK"
2025-08-21 17:30:39,571 [INFO] HTTP Request: POST https://yolo-soft-daylight.solana-mainnet.quiknode.pro/057ff3aa7f3e3d9633e475e6de4f8e148ceb4d7e "HTTP/1.1 200 OK"
2025-08-21 17:30:45,689 [INFO] HTTP Request: POST https://yolo-soft-daylight.solana-mainnet.quiknode.pro/057ff3aa7f3e3d9633e475e6de4f8e148ceb4d7e "HTTP/1.1 200 OK"
2025-08-21 17:30:46,988 [INFO] HTTP Request: POST https://yolo-soft-daylight.solana-mainnet.quiknode.pro/057ff3aa7f3e3d9633e475e6de4f8e148ceb4d7e "HTTP/1.1 200 OK"
2025-08-21 17:30:48,268 [INFO] HTTP Request: POST https://yolo-soft-daylight.solana-mainnet.quiknode.pro/057ff3aa7f3e3d9633e475e6de4f8e148ceb4d7e "HTTP/1.1 200 OK"
2025-08-21 17:30:54,304 [INFO] HTTP Request: POST https://yolo-soft-daylight.solana-mainnet.quiknode.pro/057ff3aa7f3e3d9633e475e6de4f8e148ceb4d7e "HTTP/1.1 200 OK"
2025-08-21 17:30:55,534 [INFO] HTTP Request: POST https://yolo-soft-daylight.solana-mainnet.quiknode.pro/057ff3aa7f3e3d9633e475e6de4f8e148ceb4d7e "HTTP/1.1 200 OK"
2025-08-21 17:30:56,767 [INFO] HTTP Request: POST https://yolo-soft-daylight.solana-mainnet.quiknode.pro/057ff3aa7f3e3d9633e475e6de4f8e148ceb4d7e "HTTP/1.1 200 OK"
2025-08-21 17:31:02,907 [INFO] HTTP Request: POST https://yolo-soft-daylight.solana-mainnet.quiknode.pro/057ff3aa7f3e3d9633e475e6de4f8e148ceb4d7e "HTTP/1.1 200 OK"
2025-08-21 17:31:04,187 [INFO] HTTP Request: POST https://yolo-soft-daylight.solana-mainnet.quiknode.pro/057ff3aa7f3e3d9633e475e6de4f8e148ceb4d7e "HTTP/1.1 200 OK"
2025-08-21 17:31:05,478 [INFO] HTTP Request: POST https://yolo-soft-daylight.solana-mainnet.quiknode.pro/057ff3aa7f3e3d9633e475e6de4f8e148ceb4d7e "HTTP/1.1 200 OK"
2025-08-21 17:31:11,550 [INFO] HTTP Request: POST https://yolo-soft-daylight.solana-mainnet.quiknode.pro/057ff3aa7f3e3d9633e475e6de4f8e148ceb4d7e "HTTP/1.1 200 OK"
2025-08-21 17:31:13,028 [INFO] HTTP Request: POST https://yolo-soft-daylight.solana-mainnet.quiknode.pro/057ff3aa7f3e3d9633e475e6de4f8e148ceb4d7e "HTTP/1.1 200 OK"
2025-08-21 17:31:14,611 [INFO] HTTP Request: POST https://yolo-soft-daylight.solana-mainnet.quiknode.pro/057ff3aa7f3e3d9633e475e6de4f8e148ceb4d7e "HTTP/1.1 200 OK"
2025-08-21 17:31:20,659 [INFO] HTTP Request: POST https://yolo-soft-daylight.solana-mainnet.quiknode.pro/057ff3aa7f3e3d9633e475e6de4f8e148ceb4d7e "HTTP/1.1 200 OK"
2025-08-21 17:31:21,939 [INFO] HTTP Request: POST https://yolo-soft-daylight.solana-mainnet.quiknode.pro/057ff3aa7f3e3d9633e475e6de4f8e148ceb4d7e "HTTP/1.1 200 OK"
2025-08-21 17:31:23,233 [INFO] HTTP Request: POST https://yolo-soft-daylight.solana-mainnet.quiknode.pro/057ff3aa7f3e3d9633e475e6de4f8e148ceb4d7e "HTTP/1.1 200 OK"
2025-08-21 17:31:29,404 [INFO] HTTP Request: POST https://yolo-soft-daylight.solana-mainnet.quiknode.pro/057ff3aa7f3e3d9633e475e6de4f8e148ceb4d7e "HTTP/1.1 200 OK"
2025-08-21 17:31:30,774 [INFO] HTTP Request: POST https://yolo-soft-daylight.solana-mainnet.quiknode.pro/057ff3aa7f3e3d9633e475e6de4f8e148ceb4d7e "HTTP/1.1 200 OK"
2025-08-21 17:31:32,110 [INFO] HTTP Request: POST https://yolo-soft-daylight.solana-mainnet.quiknode.pro/057ff3aa7f3e3d9633e475e6de4f8e148ceb4d7e "HTTP/1.1 200 OK"
2025-08-21 17:31:38,325 [INFO] HTTP Request: POST https://yolo-soft-daylight.solana-mainnet.quiknode.pro/057ff3aa7f3e3d9633e475e6de4f8e148ceb4d7e "HTTP/1.1 200 OK"
2025-08-21 17:31:39,729 [INFO] HTTP Request: POST https://yolo-soft-daylight.solana-mainnet.quiknode.pro/057ff3aa7f3e3d9633e475e6de4f8e148ceb4d7e "HTTP/1.1 200 OK"
2025-08-21 17:31:41,012 [INFO] HTTP Request: POST https://yolo-soft-daylight.solana-mainnet.quiknode.pro/057ff3aa7f3e3d9633e475e6de4f8e148ceb4d7e "HTTP/1.1 200 OK"
2025-08-21 17:31:47,366 [INFO] HTTP Request: POST https://yolo-soft-daylight.solana-mainnet.quiknode.pro/057ff3aa7f3e3d9633e475e6de4f8e148ceb4d7e "HTTP/1.1 200 OK"
2025-08-21 17:31:48,827 [INFO] HTTP Request: POST https://yolo-soft-daylight.solana-mainnet.quiknode.pro/057ff3aa7f3e3d9633e475e6de4f8e148ceb4d7e "HTTP/1.1 200 OK"
2025-08-21 17:31:50,187 [INFO] HTTP Request: POST https://yolo-soft-daylight.solana-mainnet.quiknode.pro/057ff3aa7f3e3d9633e475e6de4f8e148ceb4d7e "HTTP/1.1 200 OK"
2025-08-21 17:31:56,312 [INFO] HTTP Request: POST https://yolo-soft-daylight.solana-mainnet.quiknode.pro/057ff3aa7f3e3d9633e475e6de4f8e148ceb4d7e "HTTP/1.1 200 OK"
2025-08-21 17:31:57,677 [INFO] HTTP Request: POST https://yolo-soft-daylight.solana-mainnet.quiknode.pro/057ff3aa7f3e3d9633e475e6de4f8e148ceb4d7e "HTTP/1.1 200 OK"
2025-08-21 17:31:59,173 [INFO] HTTP Request: POST https://yolo-soft-daylight.solana-mainnet.quiknode.pro/057ff3aa7f3e3d9633e475e6de4f8e148ceb4d7e "HTTP/1.1 200 OK"
2025-08-21 17:32:05,617 [INFO] HTTP Request: POST https://yolo-soft-daylight.solana-mainnet.quiknode.pro/057ff3aa7f3e3d9633e475e6de4f8e148ceb4d7e "HTTP/1.1 200 OK"
2025-08-21 17:32:06,979 [INFO] HTTP Request: POST https://yolo-soft-daylight.solana-mainnet.quiknode.pro/057ff3aa7f3e3d9633e475e6de4f8e148ceb4d7e "HTTP/1.1 200 OK"
2025-08-21 17:32:08,301 [INFO] HTTP Request: POST https://yolo-soft-daylight.solana-mainnet.quiknode.pro/057ff3aa7f3e3d9633e475e6de4f8e148ceb4d7e "HTTP/1.1 200 OK"
2025-08-21 17:32:14,505 [INFO] HTTP Request: POST https://yolo-soft-daylight.solana-mainnet.quiknode.pro/057ff3aa7f3e3d9633e475e6de4f8e148ceb4d7e "HTTP/1.1 200 OK"
2025-08-21 17:32:15,852 [INFO] HTTP Request: POST https://yolo-soft-daylight.solana-mainnet.quiknode.pro/057ff3aa7f3e3d9633e475e6de4f8e148ceb4d7e "HTTP/1.1 200 OK"
2025-08-21 17:32:17,301 [INFO] HTTP Request: POST https://yolo-soft-daylight.solana-mainnet.quiknode.pro/057ff3aa7f3e3d9633e475e6de4f8e148ceb4d7e "HTTP/1.1 200 OK"
2025-08-21 17:32:23,614 [INFO] HTTP Request: POST https://yolo-soft-daylight.solana-mainnet.quiknode.pro/057ff3aa7f3e3d9633e475e6de4f8e148ceb4d7e "HTTP/1.1 200 OK"
2025-08-21 17:32:24,959 [INFO] HTTP Request: POST https://yolo-soft-daylight.solana-mainnet.quiknode.pro/057ff3aa7f3e3d9633e475e6de4f8e148ceb4d7e "HTTP/1.1 200 OK"
2025-08-21 17:32:26,361 [INFO] HTTP Request: POST https://yolo-soft-daylight.solana-mainnet.quiknode.pro/057ff3aa7f3e3d9633e475e6de4f8e148ceb4d7e "HTTP/1.1 200 OK"
2025-08-21 17:32:32,523 [INFO] HTTP Request: POST https://yolo-soft-daylight.solana-mainnet.quiknode.pro/057ff3aa7f3e3d9633e475e6de4f8e148ceb4d7e "HTTP/1.1 200 OK"
2025-08-21 17:32:33,941 [INFO] HTTP Request: POST https://yolo-soft-daylight.solana-mainnet.quiknode.pro/057ff3aa7f3e3d9633e475e6de4f8e148ceb4d7e "HTTP/1.1 200 OK"
2025-08-21 17:32:35,284 [INFO] HTTP Request: POST https://yolo-soft-daylight.solana-mainnet.quiknode.pro/057ff3aa7f3e3d9633e475e6de4f8e148ceb4d7e "HTTP/1.1 200 OK"
2025-08-21 17:32:41,435 [INFO] HTTP Request: POST https://yolo-soft-daylight.solana-mainnet.quiknode.pro/057ff3aa7f3e3d9633e475e6de4f8e148ceb4d7e "HTTP/1.1 200 OK"
2025-08-21 17:32:43,064 [INFO] HTTP Request: POST https://yolo-soft-daylight.solana-mainnet.quiknode.pro/057ff3aa7f3e3d9633e475e6de4f8e148ceb4d7e "HTTP/1.1 200 OK"
2025-08-21 17:32:44,520 [INFO] HTTP Request: POST https://yolo-soft-daylight.solana-mainnet.quiknode.pro/057ff3aa7f3e3d9633e475e6de4f8e148ceb4d7e "HTTP/1.1 200 OK"
2025-08-21 17:32:50,926 [INFO] HTTP Request: POST https://yolo-soft-daylight.solana-mainnet.quiknode.pro/057ff3aa7f3e3d9633e475e6de4f8e148ceb4d7e "HTTP/1.1 200 OK"
2025-08-21 17:32:52,287 [INFO] HTTP Request: POST https://yolo-soft-daylight.solana-mainnet.quiknode.pro/057ff3aa7f3e3d9633e475e6de4f8e148ceb4d7e "HTTP/1.1 200 OK"
2025-08-21 17:32:53,671 [INFO] HTTP Request: POST https://yolo-soft-daylight.solana-mainnet.quiknode.pro/057ff3aa7f3e3d9633e475e6de4f8e148ceb4d7e "HTTP/1.1 200 OK"
2025-08-21 17:32:59,776 [INFO] HTTP Request: POST https://yolo-soft-daylight.solana-mainnet.quiknode.pro/057ff3aa7f3e3d9633e475e6de4f8e148ceb4d7e "HTTP/1.1 200 OK"
2025-08-21 17:33:01,176 [INFO] HTTP Request: POST https://yolo-soft-daylight.solana-mainnet.quiknode.pro/057ff3aa7f3e3d9633e475e6de4f8e148ceb4d7e "HTTP/1.1 200 OK"
2025-08-21 17:33:02,529 [INFO] HTTP Request: POST https://yolo-soft-daylight.solana-mainnet.quiknode.pro/057ff3aa7f3e3d9633e475e6de4f8e148ceb4d7e "HTTP/1.1 200 OK"
2025-08-21 17:33:08,624 [INFO] HTTP Request: POST https://yolo-soft-daylight.solana-mainnet.quiknode.pro/057ff3aa7f3e3d9633e475e6de4f8e148ceb4d7e "HTTP/1.1 200 OK"
2025-08-21 17:33:10,050 [INFO] HTTP Request: POST https://yolo-soft-daylight.solana-mainnet.quiknode.pro/057ff3aa7f3e3d9633e475e6de4f8e148ceb4d7e "HTTP/1.1 200 OK"
2025-08-21 17:33:11,642 [INFO] HTTP Request: POST https://yolo-soft-daylight.solana-mainnet.quiknode.pro/057ff3aa7f3e3d9633e475e6de4f8e148ceb4d7e "HTTP/1.1 200 OK"
2025-08-21 17:33:18,063 [INFO] HTTP Request: POST https://yolo-soft-daylight.solana-mainnet.quiknode.pro/057ff3aa7f3e3d9633e475e6de4f8e148ceb4d7e "HTTP/1.1 200 OK"
2025-08-21 17:33:19,456 [INFO] HTTP Request: POST https://yolo-soft-daylight.solana-mainnet.quiknode.pro/057ff3aa7f3e3d9633e475e6de4f8e148ceb4d7e "HTTP/1.1 200 OK"
2025-08-21 17:33:20,839 [INFO] HTTP Request: POST https://yolo-soft-daylight.solana-mainnet.quiknode.pro/057ff3aa7f3e3d9633e475e6de4f8e148ceb4d7e "HTTP/1.1 200 OK"
2025-08-21 17:33:27,103 [INFO] HTTP Request: POST https://yolo-soft-daylight.solana-mainnet.quiknode.pro/057ff3aa7f3e3d9633e475e6de4f8e148ceb4d7e "HTTP/1.1 200 OK"
2025-08-21 17:33:28,453 [INFO] HTTP Request: POST https://yolo-soft-daylight.solana-mainnet.quiknode.pro/057ff3aa7f3e3d9633e475e6de4f8e148ceb4d7e "HTTP/1.1 200 OK"
2025-08-21 17:33:30,155 [INFO] HTTP Request: POST https://yolo-soft-daylight.solana-mainnet.quiknode.pro/057ff3aa7f3e3d9633e475e6de4f8e148ceb4d7e "HTTP/1.1 200 OK"
2025-08-21 17:33:36,391 [INFO] HTTP Request: POST https://yolo-soft-daylight.solana-mainnet.quiknode.pro/057ff3aa7f3e3d9633e475e6de4f8e148ceb4d7e "HTTP/1.1 200 OK"
2025-08-21 17:33:37,747 [INFO] HTTP Request: POST https://yolo-soft-daylight.solana-mainnet.quiknode.pro/057ff3aa7f3e3d9633e475e6de4f8e148ceb4d7e "HTTP/1.1 200 OK"
2025-08-21 17:33:39,209 [INFO] HTTP Request: POST https://yolo-soft-daylight.solana-mainnet.quiknode.pro/057ff3aa7f3e3d9633e475e6de4f8e148ceb4d7e "HTTP/1.1 200 OK"
2025-08-21 17:33:45,262 [INFO] HTTP Request: POST https://yolo-soft-daylight.solana-mainnet.quiknode.pro/057ff3aa7f3e3d9633e475e6de4f8e148ceb4d7e "HTTP/1.1 200 OK"
2025-08-21 17:33:46,710 [INFO] HTTP Request: POST https://yolo-soft-daylight.solana-mainnet.quiknode.pro/057ff3aa7f3e3d9633e475e6de4f8e148ceb4d7e "HTTP/1.1 200 OK"
2025-08-21 17:33:48,170 [INFO] HTTP Request: POST https://yolo-soft-daylight.solana-mainnet.quiknode.pro/057ff3aa7f3e3d9633e475e6de4f8e148ceb4d7e "HTTP/1.1 200 OK"
2025-08-21 17:33:54,503 [INFO] HTTP Request: POST https://yolo-soft-daylight.solana-mainnet.quiknode.pro/057ff3aa7f3e3d9633e475e6de4f8e148ceb4d7e "HTTP/1.1 200 OK"
2025-08-21 17:33:55,917 [INFO] HTTP Request: POST https://yolo-soft-daylight.solana-mainnet.quiknode.pro/057ff3aa7f3e3d9633e475e6de4f8e148ceb4d7e "HTTP/1.1 200 OK"
2025-08-21 17:33:57,277 [INFO] HTTP Request: POST https://yolo-soft-daylight.solana-mainnet.quiknode.pro/057ff3aa7f3e3d9633e475e6de4f8e148ceb4d7e "HTTP/1.1 200 OK"
2025-08-21 17:34:03,370 [INFO] HTTP Request: POST https://yolo-soft-daylight.solana-mainnet.quiknode.pro/057ff3aa7f3e3d9633e475e6de4f8e148ceb4d7e "HTTP/1.1 200 OK"
2025-08-21 17:34:04,700 [INFO] HTTP Request: POST https://yolo-soft-daylight.solana-mainnet.quiknode.pro/057ff3aa7f3e3d9633e475e6de4f8e148ceb4d7e "HTTP/1.1 200 OK"
2025-08-21 17:34:06,115 [INFO] HTTP Request: POST https://yolo-soft-daylight.solana-mainnet.quiknode.pro/057ff3aa7f3e3d9633e475e6de4f8e148ceb4d7e "HTTP/1.1 200 OK"
2025-08-21 17:34:12,203 [INFO] HTTP Request: POST https://yolo-soft-daylight.solana-mainnet.quiknode.pro/057ff3aa7f3e3d9633e475e6de4f8e148ceb4d7e "HTTP/1.1 200 OK"
2025-08-21 17:34:13,503 [INFO] HTTP Request: POST https://yolo-soft-daylight.solana-mainnet.quiknode.pro/057ff3aa7f3e3d9633e475e6de4f8e148ceb4d7e "HTTP/1.1 200 OK"
2025-08-21 17:34:14,849 [INFO] HTTP Request: POST https://yolo-soft-daylight.solana-mainnet.quiknode.pro/057ff3aa7f3e3d9633e475e6de4f8e148ceb4d7e "HTTP/1.1 200 OK"
2025-08-21 17:34:21,025 [INFO] HTTP Request: POST https://yolo-soft-daylight.solana-mainnet.quiknode.pro/057ff3aa7f3e3d9633e475e6de4f8e148ceb4d7e "HTTP/1.1 200 OK"
2025-08-21 17:34:22,380 [INFO] HTTP Request: POST https://yolo-soft-daylight.solana-mainnet.quiknode.pro/057ff3aa7f3e3d9633e475e6de4f8e148ceb4d7e "HTTP/1.1 200 OK"
2025-08-21 17:34:23,847 [INFO] HTTP Request: POST https://yolo-soft-daylight.solana-mainnet.quiknode.pro/057ff3aa7f3e3d9633e475e6de4f8e148ceb4d7e "HTTP/1.1 200 OK"
2025-08-21 17:34:29,995 [INFO] HTTP Request: POST https://yolo-soft-daylight.solana-mainnet.quiknode.pro/057ff3aa7f3e3d9633e475e6de4f8e148ceb4d7e "HTTP/1.1 200 OK"
2025-08-21 17:34:31,293 [INFO] HTTP Request: POST https://yolo-soft-daylight.solana-mainnet.quiknode.pro/057ff3aa7f3e3d9633e475e6de4f8e148ceb4d7e "HTTP/1.1 200 OK"
2025-08-21 17:34:32,576 [INFO] HTTP Request: POST https://yolo-soft-daylight.solana-mainnet.quiknode.pro/057ff3aa7f3e3d9633e475e6de4f8e148ceb4d7e "HTTP/1.1 200 OK"
2025-08-21 17:34:38,646 [INFO] HTTP Request: POST https://yolo-soft-daylight.solana-mainnet.quiknode.pro/057ff3aa7f3e3d9633e475e6de4f8e148ceb4d7e "HTTP/1.1 200 OK"
2025-08-21 17:34:39,919 [INFO] HTTP Request: POST https://yolo-soft-daylight.solana-mainnet.quiknode.pro/057ff3aa7f3e3d9633e475e6de4f8e148ceb4d7e "HTTP/1.1 200 OK"
2025-08-21 17:34:41,194 [INFO] HTTP Request: POST https://yolo-soft-daylight.solana-mainnet.quiknode.pro/057ff3aa7f3e3d9633e475e6de4f8e148ceb4d7e "HTTP/1.1 200 OK"
2025-08-21 17:34:47,226 [INFO] HTTP Request: POST https://yolo-soft-daylight.solana-mainnet.quiknode.pro/057ff3aa7f3e3d9633e475e6de4f8e148ceb4d7e "HTTP/1.1 200 OK"
2025-08-21 17:34:48,594 [INFO] HTTP Request: POST https://yolo-soft-daylight.solana-mainnet.quiknode.pro/057ff3aa7f3e3d9633e475e6de4f8e148ceb4d7e "HTTP/1.1 200 OK"
2025-08-21 17:34:49,945 [INFO] HTTP Request: POST https://yolo-soft-daylight.solana-mainnet.quiknode.pro/057ff3aa7f3e3d9633e475e6de4f8e148ceb4d7e "HTTP/1.1 200 OK"
2025-08-21 17:34:56,076 [INFO] HTTP Request: POST https://yolo-soft-daylight.solana-mainnet.quiknode.pro/057ff3aa7f3e3d9633e475e6de4f8e148ceb4d7e "HTTP/1.1 200 OK"
2025-08-21 17:34:57,425 [INFO] HTTP Request: POST https://yolo-soft-daylight.solana-mainnet.quiknode.pro/057ff3aa7f3e3d9633e475e6de4f8e148ceb4d7e "HTTP/1.1 200 OK"
2025-08-21 17:34:58,688 [INFO] HTTP Request: POST https://yolo-soft-daylight.solana-mainnet.quiknode.pro/057ff3aa7f3e3d9633e475e6de4f8e148ceb4d7e "HTTP/1.1 200 OK"
2025-08-21 17:35:04,809 [INFO] HTTP Request: POST https://yolo-soft-daylight.solana-mainnet.quiknode.pro/057ff3aa7f3e3d9633e475e6de4f8e148ceb4d7e "HTTP/1.1 200 OK"
2025-08-21 17:35:06,287 [INFO] HTTP Request: POST https://yolo-soft-daylight.solana-mainnet.quiknode.pro/057ff3aa7f3e3d9633e475e6de4f8e148ceb4d7e "HTTP/1.1 200 OK"
2025-08-21 17:35:07,583 [INFO] HTTP Request: POST https://yolo-soft-daylight.solana-mainnet.quiknode.pro/057ff3aa7f3e3d9633e475e6de4f8e148ceb4d7e "HTTP/1.1 200 OK"
2025-08-21 17:35:13,651 [INFO] HTTP Request: POST https://yolo-soft-daylight.solana-mainnet.quiknode.pro/057ff3aa7f3e3d9633e475e6de4f8e148ceb4d7e "HTTP/1.1 200 OK"
2025-08-21 17:35:14,999 [INFO] HTTP Request: POST https://yolo-soft-daylight.solana-mainnet.quiknode.pro/057ff3aa7f3e3d9633e475e6de4f8e148ceb4d7e "HTTP/1.1 200 OK"
2025-08-21 17:35:16,937 [INFO] HTTP Request: POST https://yolo-soft-daylight.solana-mainnet.quiknode.pro/057ff3aa7f3e3d9633e475e6de4f8e148ceb4d7e "HTTP/1.1 200 OK"
2025-08-21 17:35:23,118 [INFO] HTTP Request: POST https://yolo-soft-daylight.solana-mainnet.quiknode.pro/057ff3aa7f3e3d9633e475e6de4f8e148ceb4d7e "HTTP/1.1 200 OK"
2025-08-21 17:35:24,805 [INFO] HTTP Request: POST https://yolo-soft-daylight.solana-mainnet.quiknode.pro/057ff3aa7f3e3d9633e475e6de4f8e148ceb4d7e "HTTP/1.1 200 OK"
2025-08-21 17:35:26,071 [INFO] HTTP Request: POST https://yolo-soft-daylight.solana-mainnet.quiknode.pro/057ff3aa7f3e3d9633e475e6de4f8e148ceb4d7e "HTTP/1.1 200 OK"
2025-08-21 17:35:33,043 [INFO] HTTP Request: POST https://yolo-soft-daylight.solana-mainnet.quiknode.pro/057ff3aa7f3e3d9633e475e6de4f8e148ceb4d7e "HTTP/1.1 200 OK"
2025-08-21 17:35:34,450 [INFO] HTTP Request: POST https://yolo-soft-daylight.solana-mainnet.quiknode.pro/057ff3aa7f3e3d9633e475e6de4f8e148ceb4d7e "HTTP/1.1 200 OK"
2025-08-21 17:35:35,956 [INFO] HTTP Request: POST https://yolo-soft-daylight.solana-mainnet.quiknode.pro/057ff3aa7f3e3d9633e475e6de4f8e148ceb4d7e "HTTP/1.1 200 OK"
2025-08-21 17:35:41,987 [INFO] HTTP Request: POST https://yolo-soft-daylight.solana-mainnet.quiknode.pro/057ff3aa7f3e3d9633e475e6de4f8e148ceb4d7e "HTTP/1.1 200 OK"
2025-08-21 17:35:43,343 [INFO] HTTP Request: POST https://yolo-soft-daylight.solana-mainnet.quiknode.pro/057ff3aa7f3e3d9633e475e6de4f8e148ceb4d7e "HTTP/1.1 200 OK"
2025-08-21 17:35:45,052 [INFO] HTTP Request: POST https://yolo-soft-daylight.solana-mainnet.quiknode.pro/057ff3aa7f3e3d9633e475e6de4f8e148ceb4d7e "HTTP/1.1 200 OK"
2025-08-21 17:35:51,124 [INFO] HTTP Request: POST https://yolo-soft-daylight.solana-mainnet.quiknode.pro/057ff3aa7f3e3d9633e475e6de4f8e148ceb4d7e "HTTP/1.1 200 OK"
2025-08-21 17:35:52,406 [INFO] HTTP Request: POST https://yolo-soft-daylight.solana-mainnet.quiknode.pro/057ff3aa7f3e3d9633e475e6de4f8e148ceb4d7e "HTTP/1.1 200 OK"
2025-08-21 17:35:53,712 [INFO] HTTP Request: POST https://yolo-soft-daylight.solana-mainnet.quiknode.pro/057ff3aa7f3e3d9633e475e6de4f8e148ceb4d7e "HTTP/1.1 200 OK"
2025-08-21 17:35:59,896 [INFO] HTTP Request: POST https://yolo-soft-daylight.solana-mainnet.quiknode.pro/057ff3aa7f3e3d9633e475e6de4f8e148ceb4d7e "HTTP/1.1 200 OK"
2025-08-21 17:36:01,427 [INFO] HTTP Request: POST https://yolo-soft-daylight.solana-mainnet.quiknode.pro/057ff3aa7f3e3d9633e475e6de4f8e148ceb4d7e "HTTP/1.1 200 OK"
2025-08-21 17:36:02,719 [INFO] HTTP Request: POST https://yolo-soft-daylight.solana-mainnet.quiknode.pro/057ff3aa7f3e3d9633e475e6de4f8e148ceb4d7e "HTTP/1.1 200 OK"
2025-08-21 17:36:08,692 [INFO] HTTP Request: POST https://yolo-soft-daylight.solana-mainnet.quiknode.pro/057ff3aa7f3e3d9633e475e6de4f8e148ceb4d7e "HTTP/1.1 200 OK"
2025-08-21 17:36:09,957 [INFO] HTTP Request: POST https://yolo-soft-daylight.solana-mainnet.quiknode.pro/057ff3aa7f3e3d9633e475e6de4f8e148ceb4d7e "HTTP/1.1 200 OK"
2025-08-21 17:36:11,379 [INFO] HTTP Request: POST https://yolo-soft-daylight.solana-mainnet.quiknode.pro/057ff3aa7f3e3d9633e475e6de4f8e148ceb4d7e "HTTP/1.1 200 OK"
2025-08-21 17:36:17,389 [INFO] HTTP Request: POST https://yolo-soft-daylight.solana-mainnet.quiknode.pro/057ff3aa7f3e3d9633e475e6de4f8e148ceb4d7e "HTTP/1.1 200 OK"
2025-08-21 17:36:18,634 [INFO] HTTP Request: POST https://yolo-soft-daylight.solana-mainnet.quiknode.pro/057ff3aa7f3e3d9633e475e6de4f8e148ceb4d7e "HTTP/1.1 200 OK"
2025-08-21 17:36:19,844 [INFO] HTTP Request: POST https://yolo-soft-daylight.solana-mainnet.quiknode.pro/057ff3aa7f3e3d9633e475e6de4f8e148ceb4d7e "HTTP/1.1 200 OK"
2025-08-21 17:36:25,804 [INFO] HTTP Request: POST https://yolo-soft-daylight.solana-mainnet.quiknode.pro/057ff3aa7f3e3d9633e475e6de4f8e148ceb4d7e "HTTP/1.1 200 OK"
2025-08-21 17:36:27,006 [INFO] HTTP Request: POST https://yolo-soft-daylight.solana-mainnet.quiknode.pro/057ff3aa7f3e3d9633e475e6de4f8e148ceb4d7e "HTTP/1.1 200 OK"
2025-08-21 17:36:28,219 [INFO] HTTP Request: POST https://yolo-soft-daylight.solana-mainnet.quiknode.pro/057ff3aa7f3e3d9633e475e6de4f8e148ceb4d7e "HTTP/1.1 200 OK"
2025-08-21 17:36:34,184 [INFO] HTTP Request: POST https://yolo-soft-daylight.solana-mainnet.quiknode.pro/057ff3aa7f3e3d9633e475e6de4f8e148ceb4d7e "HTTP/1.1 200 OK"
2025-08-21 17:36:35,424 [INFO] HTTP Request: POST https://yolo-soft-daylight.solana-mainnet.quiknode.pro/057ff3aa7f3e3d9633e475e6de4f8e148ceb4d7e "HTTP/1.1 200 OK"
2025-08-21 17:36:36,664 [INFO] HTTP Request: POST https://yolo-soft-daylight.solana-mainnet.quiknode.pro/057ff3aa7f3e3d9633e475e6de4f8e148ceb4d7e "HTTP/1.1 200 OK"
2025-08-21 17:36:42,627 [INFO] HTTP Request: POST https://yolo-soft-daylight.solana-mainnet.quiknode.pro/057ff3aa7f3e3d9633e475e6de4f8e148ceb4d7e "HTTP/1.1 200 OK"
2025-08-21 17:36:43,829 [INFO] HTTP Request: POST https://yolo-soft-daylight.solana-mainnet.quiknode.pro/057ff3aa7f3e3d9633e475e6de4f8e148ceb4d7e "HTTP/1.1 200 OK"
2025-08-21 17:36:45,029 [INFO] HTTP Request: POST https://yolo-soft-daylight.solana-mainnet.quiknode.pro/057ff3aa7f3e3d9633e475e6de4f8e148ceb4d7e "HTTP/1.1 200 OK"
2025-08-21 17:36:51,024 [INFO] HTTP Request: POST https://yolo-soft-daylight.solana-mainnet.quiknode.pro/057ff3aa7f3e3d9633e475e6de4f8e148ceb4d7e "HTTP/1.1 200 OK"
2025-08-21 17:36:52,455 [INFO] HTTP Request: POST https://yolo-soft-daylight.solana-mainnet.quiknode.pro/057ff3aa7f3e3d9633e475e6de4f8e148ceb4d7e "HTTP/1.1 200 OK"
2025-08-21 17:36:53,780 [INFO] HTTP Request: POST https://yolo-soft-daylight.solana-mainnet.quiknode.pro/057ff3aa7f3e3d9633e475e6de4f8e148ceb4d7e "HTTP/1.1 200 OK"
2025-08-21 17:36:59,876 [INFO] HTTP Request: POST https://yolo-soft-daylight.solana-mainnet.quiknode.pro/057ff3aa7f3e3d9633e475e6de4f8e148ceb4d7e "HTTP/1.1 200 OK"
2025-08-21 17:37:01,162 [INFO] HTTP Request: POST https://yolo-soft-daylight.solana-mainnet.quiknode.pro/057ff3aa7f3e3d9633e475e6de4f8e148ceb4d7e "HTTP/1.1 200 OK"
2025-08-21 17:37:02,376 [INFO] HTTP Request: POST https://yolo-soft-daylight.solana-mainnet.quiknode.pro/057ff3aa7f3e3d9633e475e6de4f8e148ceb4d7e "HTTP/1.1 200 OK"
2025-08-21 17:37:08,385 [INFO] HTTP Request: POST https://yolo-soft-daylight.solana-mainnet.quiknode.pro/057ff3aa7f3e3d9633e475e6de4f8e148ceb4d7e "HTTP/1.1 200 OK"
2025-08-21 17:37:09,686 [INFO] HTTP Request: POST https://yolo-soft-daylight.solana-mainnet.quiknode.pro/057ff3aa7f3e3d9633e475e6de4f8e148ceb4d7e "HTTP/1.1 200 OK"
2025-08-21 17:37:10,951 [INFO] HTTP Request: POST https://yolo-soft-daylight.solana-mainnet.quiknode.pro/057ff3aa7f3e3d9633e475e6de4f8e148ceb4d7e "HTTP/1.1 200 OK"
2025-08-21 17:37:16,983 [INFO] HTTP Request: POST https://yolo-soft-daylight.solana-mainnet.quiknode.pro/057ff3aa7f3e3d9633e475e6de4f8e148ceb4d7e "HTTP/1.1 200 OK"
2025-08-21 17:37:18,307 [INFO] HTTP Request: POST https://yolo-soft-daylight.solana-mainnet.quiknode.pro/057ff3aa7f3e3d9633e475e6de4f8e148ceb4d7e "HTTP/1.1 200 OK"
2025-08-21 17:37:19,580 [INFO] HTTP Request: POST https://yolo-soft-daylight.solana-mainnet.quiknode.pro/057ff3aa7f3e3d9633e475e6de4f8e148ceb4d7e "HTTP/1.1 200 OK"
2025-08-21 17:37:25,593 [INFO] HTTP Request: POST https://yolo-soft-daylight.solana-mainnet.quiknode.pro/057ff3aa7f3e3d9633e475e6de4f8e148ceb4d7e "HTTP/1.1 200 OK"
2025-08-21 17:37:26,884 [INFO] HTTP Request: POST https://yolo-soft-daylight.solana-mainnet.quiknode.pro/057ff3aa7f3e3d9633e475e6de4f8e148ceb4d7e "HTTP/1.1 200 OK"
2025-08-21 17:37:28,128 [INFO] HTTP Request: POST https://yolo-soft-daylight.solana-mainnet.quiknode.pro/057ff3aa7f3e3d9633e475e6de4f8e148ceb4d7e "HTTP/1.1 200 OK"
2025-08-21 17:37:34,276 [INFO] HTTP Request: POST https://yolo-soft-daylight.solana-mainnet.quiknode.pro/057ff3aa7f3e3d9633e475e6de4f8e148ceb4d7e "HTTP/1.1 200 OK"
2025-08-21 17:37:35,585 [INFO] HTTP Request: POST https://yolo-soft-daylight.solana-mainnet.quiknode.pro/057ff3aa7f3e3d9633e475e6de4f8e148ceb4d7e "HTTP/1.1 200 OK"
2025-08-21 17:37:37,194 [INFO] HTTP Request: POST https://yolo-soft-daylight.solana-mainnet.quiknode.pro/057ff3aa7f3e3d9633e475e6de4f8e148ceb4d7e "HTTP/1.1 200 OK"
2025-08-21 17:37:43,235 [INFO] HTTP Request: POST https://yolo-soft-daylight.solana-mainnet.quiknode.pro/057ff3aa7f3e3d9633e475e6de4f8e148ceb4d7e "HTTP/1.1 200 OK"
2025-08-21 17:37:44,514 [INFO] HTTP Request: POST https://yolo-soft-daylight.solana-mainnet.quiknode.pro/057ff3aa7f3e3d9633e475e6de4f8e148ceb4d7e "HTTP/1.1 200 OK"
2025-08-21 17:37:45,826 [INFO] HTTP Request: POST https://yolo-soft-daylight.solana-mainnet.quiknode.pro/057ff3aa7f3e3d9633e475e6de4f8e148ceb4d7e "HTTP/1.1 200 OK"
2025-08-21 17:37:51,936 [INFO] HTTP Request: POST https://yolo-soft-daylight.solana-mainnet.quiknode.pro/057ff3aa7f3e3d9633e475e6de4f8e148ceb4d7e "HTTP/1.1 200 OK"
2025-08-21 17:37:53,245 [INFO] HTTP Request: POST https://yolo-soft-daylight.solana-mainnet.quiknode.pro/057ff3aa7f3e3d9633e475e6de4f8e148ceb4d7e "HTTP/1.1 200 OK"
2025-08-21 17:37:54,443 [INFO] HTTP Request: POST https://yolo-soft-daylight.solana-mainnet.quiknode.pro/057ff3aa7f3e3d9633e475e6de4f8e148ceb4d7e "HTTP/1.1 200 OK"
2025-08-21 17:38:00,562 [INFO] HTTP Request: POST https://yolo-soft-daylight.solana-mainnet.quiknode.pro/057ff3aa7f3e3d9633e475e6de4f8e148ceb4d7e "HTTP/1.1 200 OK"
2025-08-21 17:38:01,767 [INFO] HTTP Request: POST https://yolo-soft-daylight.solana-mainnet.quiknode.pro/057ff3aa7f3e3d9633e475e6de4f8e148ceb4d7e "HTTP/1.1 200 OK"
2025-08-21 17:38:03,021 [INFO] HTTP Request: POST https://yolo-soft-daylight.solana-mainnet.quiknode.pro/057ff3aa7f3e3d9633e475e6de4f8e148ceb4d7e "HTTP/1.1 200 OK"
2025-08-21 17:38:09,075 [INFO] HTTP Request: POST https://yolo-soft-daylight.solana-mainnet.quiknode.pro/057ff3aa7f3e3d9633e475e6de4f8e148ceb4d7e "HTTP/1.1 200 OK"
2025-08-21 17:38:10,315 [INFO] HTTP Request: POST https://yolo-soft-daylight.solana-mainnet.quiknode.pro/057ff3aa7f3e3d9633e475e6de4f8e148ceb4d7e "HTTP/1.1 200 OK"
2025-08-21 17:38:11,521 [INFO] HTTP Request: POST https://yolo-soft-daylight.solana-mainnet.quiknode.pro/057ff3aa7f3e3d9633e475e6de4f8e148ceb4d7e "HTTP/1.1 200 OK"
2025-08-21 17:38:17,546 [INFO] HTTP Request: POST https://yolo-soft-daylight.solana-mainnet.quiknode.pro/057ff3aa7f3e3d9633e475e6de4f8e148ceb4d7e "HTTP/1.1 200 OK"
2025-08-21 17:38:18,817 [INFO] HTTP Request: POST https://yolo-soft-daylight.solana-mainnet.quiknode.pro/057ff3aa7f3e3d9633e475e6de4f8e148ceb4d7e "HTTP/1.1 200 OK"
2025-08-21 17:38:20,109 [INFO] HTTP Request: POST https://yolo-soft-daylight.solana-mainnet.quiknode.pro/057ff3aa7f3e3d9633e475e6de4f8e148ceb4d7e "HTTP/1.1 200 OK"
2025-08-21 17:38:26,254 [INFO] HTTP Request: POST https://yolo-soft-daylight.solana-mainnet.quiknode.pro/057ff3aa7f3e3d9633e475e6de4f8e148ceb4d7e "HTTP/1.1 200 OK"
2025-08-21 17:38:27,508 [INFO] HTTP Request: POST https://yolo-soft-daylight.solana-mainnet.quiknode.pro/057ff3aa7f3e3d9633e475e6de4f8e148ceb4d7e "HTTP/1.1 200 OK"
2025-08-21 17:38:28,789 [INFO] HTTP Request: POST https://yolo-soft-daylight.solana-mainnet.quiknode.pro/057ff3aa7f3e3d9633e475e6de4f8e148ceb4d7e "HTTP/1.1 200 OK"
2025-08-21 17:38:34,867 [INFO] HTTP Request: POST https://yolo-soft-daylight.solana-mainnet.quiknode.pro/057ff3aa7f3e3d9633e475e6de4f8e148ceb4d7e "HTTP/1.1 200 OK"
2025-08-21 17:38:36,154 [INFO] HTTP Request: POST https://yolo-soft-daylight.solana-mainnet.quiknode.pro/057ff3aa7f3e3d9633e475e6de4f8e148ceb4d7e "HTTP/1.1 200 OK"
2025-08-21 17:38:37,612 [INFO] HTTP Request: POST https://yolo-soft-daylight.solana-mainnet.quiknode.pro/057ff3aa7f3e3d9633e475e6de4f8e148ceb4d7e "HTTP/1.1 200 OK"
2025-08-21 17:38:43,640 [INFO] HTTP Request: POST https://yolo-soft-daylight.solana-mainnet.quiknode.pro/057ff3aa7f3e3d9633e475e6de4f8e148ceb4d7e "HTTP/1.1 200 OK"
2025-08-21 17:38:44,899 [INFO] HTTP Request: POST https://yolo-soft-daylight.solana-mainnet.quiknode.pro/057ff3aa7f3e3d9633e475e6de4f8e148ceb4d7e "HTTP/1.1 200 OK"
2025-08-21 17:38:46,195 [INFO] HTTP Request: POST https://yolo-soft-daylight.solana-mainnet.quiknode.pro/057ff3aa7f3e3d9633e475e6de4f8e148ceb4d7e "HTTP/1.1 200 OK"
2025-08-21 17:38:52,241 [INFO] HTTP Request: POST https://yolo-soft-daylight.solana-mainnet.quiknode.pro/057ff3aa7f3e3d9633e475e6de4f8e148ceb4d7e "HTTP/1.1 200 OK"
2025-08-21 17:38:53,520 [INFO] HTTP Request: POST https://yolo-soft-daylight.solana-mainnet.quiknode.pro/057ff3aa7f3e3d9633e475e6de4f8e148ceb4d7e "HTTP/1.1 200 OK"
2025-08-21 17:38:54,784 [INFO] HTTP Request: POST https://yolo-soft-daylight.solana-mainnet.quiknode.pro/057ff3aa7f3e3d9633e475e6de4f8e148ceb4d7e "HTTP/1.1 200 OK"
2025-08-21 17:39:00,980 [INFO] HTTP Request: POST https://yolo-soft-daylight.solana-mainnet.quiknode.pro/057ff3aa7f3e3d9633e475e6de4f8e148ceb4d7e "HTTP/1.1 200 OK"
2025-08-21 17:39:02,301 [INFO] HTTP Request: POST https://yolo-soft-daylight.solana-mainnet.quiknode.pro/057ff3aa7f3e3d9633e475e6de4f8e148ceb4d7e "HTTP/1.1 200 OK"
2025-08-21 17:39:03,721 [INFO] HTTP Request: POST https://yolo-soft-daylight.solana-mainnet.quiknode.pro/057ff3aa7f3e3d9633e475e6de4f8e148ceb4d7e "HTTP/1.1 200 OK"
2025-08-21 17:39:09,788 [INFO] HTTP Request: POST https://yolo-soft-daylight.solana-mainnet.quiknode.pro/057ff3aa7f3e3d9633e475e6de4f8e148ceb4d7e "HTTP/1.1 200 OK"
2025-08-21 17:39:11,025 [INFO] HTTP Request: POST https://yolo-soft-daylight.solana-mainnet.quiknode.pro/057ff3aa7f3e3d9633e475e6de4f8e148ceb4d7e "HTTP/1.1 200 OK"
2025-08-21 17:39:12,327 [INFO] HTTP Request: POST https://yolo-soft-daylight.solana-mainnet.quiknode.pro/057ff3aa7f3e3d9633e475e6de4f8e148ceb4d7e "HTTP/1.1 200 OK"
2025-08-21 17:39:18,490 [INFO] HTTP Request: POST https://yolo-soft-daylight.solana-mainnet.quiknode.pro/057ff3aa7f3e3d9633e475e6de4f8e148ceb4d7e "HTTP/1.1 200 OK"
2025-08-21 17:39:19,736 [INFO] HTTP Request: POST https://yolo-soft-daylight.solana-mainnet.quiknode.pro/057ff3aa7f3e3d9633e475e6de4f8e148ceb4d7e "HTTP/1.1 200 OK"
2025-08-21 17:39:21,021 [INFO] HTTP Request: POST https://yolo-soft-daylight.solana-mainnet.quiknode.pro/057ff3aa7f3e3d9633e475e6de4f8e148ceb4d7e "HTTP/1.1 200 OK"
2025-08-21 17:39:27,086 [INFO] HTTP Request: POST https://yolo-soft-daylight.solana-mainnet.quiknode.pro/057ff3aa7f3e3d9633e475e6de4f8e148ceb4d7e "HTTP/1.1 200 OK"
2025-08-21 17:39:28,382 [INFO] HTTP Request: POST https://yolo-soft-daylight.solana-mainnet.quiknode.pro/057ff3aa7f3e3d9633e475e6de4f8e148ceb4d7e "HTTP/1.1 200 OK"
2025-08-21 17:39:29,672 [INFO] HTTP Request: POST https://yolo-soft-daylight.solana-mainnet.quiknode.pro/057ff3aa7f3e3d9633e475e6de4f8e148ceb4d7e "HTTP/1.1 200 OK"
2025-08-21 17:39:35,720 [INFO] HTTP Request: POST https://yolo-soft-daylight.solana-mainnet.quiknode.pro/057ff3aa7f3e3d9633e475e6de4f8e148ceb4d7e "HTTP/1.1 200 OK"
2025-08-21 17:39:37,017 [INFO] HTTP Request: POST https://yolo-soft-daylight.solana-mainnet.quiknode.pro/057ff3aa7f3e3d9633e475e6de4f8e148ceb4d7e "HTTP/1.1 200 OK"
2025-08-21 17:39:38,290 [INFO] HTTP Request: POST https://yolo-soft-daylight.solana-mainnet.quiknode.pro/057ff3aa7f3e3d9633e475e6de4f8e148ceb4d7e "HTTP/1.1 200 OK"
2025-08-21 17:39:44,259 [INFO] HTTP Request: POST https://yolo-soft-daylight.solana-mainnet.quiknode.pro/057ff3aa7f3e3d9633e475e6de4f8e148ceb4d7e "HTTP/1.1 200 OK"
2025-08-21 17:39:45,528 [INFO] HTTP Request: POST https://yolo-soft-daylight.solana-mainnet.quiknode.pro/057ff3aa7f3e3d9633e475e6de4f8e148ceb4d7e "HTTP/1.1 200 OK"
2025-08-21 17:39:46,780 [INFO] HTTP Request: POST https://yolo-soft-daylight.solana-mainnet.quiknode.pro/057ff3aa7f3e3d9633e475e6de4f8e148ceb4d7e "HTTP/1.1 200 OK"
2025-08-21 17:39:52,904 [INFO] HTTP Request: POST https://yolo-soft-daylight.solana-mainnet.quiknode.pro/057ff3aa7f3e3d9633e475e6de4f8e148ceb4d7e "HTTP/1.1 200 OK"
2025-08-21 17:39:54,566 [INFO] HTTP Request: POST https://yolo-soft-daylight.solana-mainnet.quiknode.pro/057ff3aa7f3e3d9633e475e6de4f8e148ceb4d7e "HTTP/1.1 200 OK"
2025-08-21 17:39:55,912 [INFO] HTTP Request: POST https://yolo-soft-daylight.solana-mainnet.quiknode.pro/057ff3aa7f3e3d9633e475e6de4f8e148ceb4d7e "HTTP/1.1 200 OK"
2025-08-21 17:40:02,290 [INFO] HTTP Request: POST https://yolo-soft-daylight.solana-mainnet.quiknode.pro/057ff3aa7f3e3d9633e475e6de4f8e148ceb4d7e "HTTP/1.1 200 OK"
2025-08-21 17:40:03,558 [INFO] HTTP Request: POST https://yolo-soft-daylight.solana-mainnet.quiknode.pro/057ff3aa7f3e3d9633e475e6de4f8e148ceb4d7e "HTTP/1.1 200 OK"
2025-08-21 17:40:04,894 [INFO] HTTP Request: POST https://yolo-soft-daylight.solana-mainnet.quiknode.pro/057ff3aa7f3e3d9633e475e6de4f8e148ceb4d7e "HTTP/1.1 200 OK"
2025-08-21 17:40:11,080 [INFO] HTTP Request: POST https://yolo-soft-daylight.solana-mainnet.quiknode.pro/057ff3aa7f3e3d9633e475e6de4f8e148ceb4d7e "HTTP/1.1 200 OK"
2025-08-21 17:40:12,651 [INFO] HTTP Request: POST https://yolo-soft-daylight.solana-mainnet.quiknode.pro/057ff3aa7f3e3d9633e475e6de4f8e148ceb4d7e "HTTP/1.1 200 OK"
2025-08-21 17:40:14,102 [INFO] HTTP Request: POST https://yolo-soft-daylight.solana-mainnet.quiknode.pro/057ff3aa7f3e3d9633e475e6de4f8e148ceb4d7e "HTTP/1.1 200 OK"
2025-08-21 17:40:20,119 [INFO] HTTP Request: POST https://yolo-soft-daylight.solana-mainnet.quiknode.pro/057ff3aa7f3e3d9633e475e6de4f8e148ceb4d7e "HTTP/1.1 200 OK"
2025-08-21 17:40:21,488 [INFO] HTTP Request: POST https://yolo-soft-daylight.solana-mainnet.quiknode.pro/057ff3aa7f3e3d9633e475e6de4f8e148ceb4d7e "HTTP/1.1 200 OK"
2025-08-21 17:40:22,767 [INFO] HTTP Request: POST https://yolo-soft-daylight.solana-mainnet.quiknode.pro/057ff3aa7f3e3d9633e475e6de4f8e148ceb4d7e "HTTP/1.1 200 OK"
2025-08-21 17:40:28,799 [INFO] HTTP Request: POST https://yolo-soft-daylight.solana-mainnet.quiknode.pro/057ff3aa7f3e3d9633e475e6de4f8e148ceb4d7e "HTTP/1.1 200 OK"
2025-08-21 17:40:30,052 [INFO] HTTP Request: POST https://yolo-soft-daylight.solana-mainnet.quiknode.pro/057ff3aa7f3e3d9633e475e6de4f8e148ceb4d7e "HTTP/1.1 200 OK"
2025-08-21 17:40:31,304 [INFO] HTTP Request: POST https://yolo-soft-daylight.solana-mainnet.quiknode.pro/057ff3aa7f3e3d9633e475e6de4f8e148ceb4d7e "HTTP/1.1 200 OK"
2025-08-21 17:40:37,297 [INFO] HTTP Request: POST https://yolo-soft-daylight.solana-mainnet.quiknode.pro/057ff3aa7f3e3d9633e475e6de4f8e148ceb4d7e "HTTP/1.1 200 OK"
2025-08-21 17:40:38,524 [INFO] HTTP Request: POST https://yolo-soft-daylight.solana-mainnet.quiknode.pro/057ff3aa7f3e3d9633e475e6de4f8e148ceb4d7e "HTTP/1.1 200 OK"
2025-08-21 17:40:39,751 [INFO] HTTP Request: POST https://yolo-soft-daylight.solana-mainnet.quiknode.pro/057ff3aa7f3e3d9633e475e6de4f8e148ceb4d7e "HTTP/1.1 200 OK"
2025-08-21 17:40:45,755 [INFO] HTTP Request: POST https://yolo-soft-daylight.solana-mainnet.quiknode.pro/057ff3aa7f3e3d9633e475e6de4f8e148ceb4d7e "HTTP/1.1 200 OK"
2025-08-21 17:40:47,016 [INFO] HTTP Request: POST https://yolo-soft-daylight.solana-mainnet.quiknode.pro/057ff3aa7f3e3d9633e475e6de4f8e148ceb4d7e "HTTP/1.1 200 OK"
2025-08-21 17:40:48,516 [INFO] HTTP Request: POST https://yolo-soft-daylight.solana-mainnet.quiknode.pro/057ff3aa7f3e3d9633e475e6de4f8e148ceb4d7e "HTTP/1.1 200 OK"
2025-08-21 17:40:54,527 [INFO] HTTP Request: POST https://yolo-soft-daylight.solana-mainnet.quiknode.pro/057ff3aa7f3e3d9633e475e6de4f8e148ceb4d7e "HTTP/1.1 200 OK"
2025-08-21 17:40:55,727 [INFO] HTTP Request: POST https://yolo-soft-daylight.solana-mainnet.quiknode.pro/057ff3aa7f3e3d9633e475e6de4f8e148ceb4d7e "HTTP/1.1 200 OK"
2025-08-21 17:40:56,983 [INFO] HTTP Request: POST https://yolo-soft-daylight.solana-mainnet.quiknode.pro/057ff3aa7f3e3d9633e475e6de4f8e148ceb4d7e "HTTP/1.1 200 OK"
2025-08-21 17:41:03,112 [INFO] HTTP Request: POST https://yolo-soft-daylight.solana-mainnet.quiknode.pro/057ff3aa7f3e3d9633e475e6de4f8e148ceb4d7e "HTTP/1.1 200 OK"
2025-08-21 17:41:04,347 [INFO] HTTP Request: POST https://yolo-soft-daylight.solana-mainnet.quiknode.pro/057ff3aa7f3e3d9633e475e6de4f8e148ceb4d7e "HTTP/1.1 200 OK"
2025-08-21 17:41:05,639 [INFO] HTTP Request: POST https://yolo-soft-daylight.solana-mainnet.quiknode.pro/057ff3aa7f3e3d9633e475e6de4f8e148ceb4d7e "HTTP/1.1 200 OK"
2025-08-21 17:41:11,657 [INFO] HTTP Request: POST https://yolo-soft-daylight.solana-mainnet.quiknode.pro/057ff3aa7f3e3d9633e475e6de4f8e148ceb4d7e "HTTP/1.1 200 OK"
2025-08-21 17:41:12,912 [INFO] HTTP Request: POST https://yolo-soft-daylight.solana-mainnet.quiknode.pro/057ff3aa7f3e3d9633e475e6de4f8e148ceb4d7e "HTTP/1.1 200 OK"
2025-08-21 17:41:14,314 [INFO] HTTP Request: POST https://yolo-soft-daylight.solana-mainnet.quiknode.pro/057ff3aa7f3e3d9633e475e6de4f8e148ceb4d7e "HTTP/1.1 200 OK"
2025-08-21 17:41:20,618 [INFO] HTTP Request: POST https://yolo-soft-daylight.solana-mainnet.quiknode.pro/057ff3aa7f3e3d9633e475e6de4f8e148ceb4d7e "HTTP/1.1 200 OK"
2025-08-21 17:41:21,911 [INFO] HTTP Request: POST https://yolo-soft-daylight.solana-mainnet.quiknode.pro/057ff3aa7f3e3d9633e475e6de4f8e148ceb4d7e "HTTP/1.1 200 OK"
2025-08-21 17:41:23,142 [INFO] HTTP Request: POST https://yolo-soft-daylight.solana-mainnet.quiknode.pro/057ff3aa7f3e3d9633e475e6de4f8e148ceb4d7e "HTTP/1.1 200 OK"
2025-08-21 17:41:29,189 [INFO] HTTP Request: POST https://yolo-soft-daylight.solana-mainnet.quiknode.pro/057ff3aa7f3e3d9633e475e6de4f8e148ceb4d7e "HTTP/1.1 200 OK"
2025-08-21 17:41:30,472 [INFO] HTTP Request: POST https://yolo-soft-daylight.solana-mainnet.quiknode.pro/057ff3aa7f3e3d9633e475e6de4f8e148ceb4d7e "HTTP/1.1 200 OK"
2025-08-21 17:41:31,690 [INFO] HTTP Request: POST https://yolo-soft-daylight.solana-mainnet.quiknode.pro/057ff3aa7f3e3d9633e475e6de4f8e148ceb4d7e "HTTP/1.1 200 OK"
2025-08-21 17:41:37,695 [INFO] HTTP Request: POST https://yolo-soft-daylight.solana-mainnet.quiknode.pro/057ff3aa7f3e3d9633e475e6de4f8e148ceb4d7e "HTTP/1.1 200 OK"
2025-08-21 17:41:38,981 [INFO] HTTP Request: POST https://yolo-soft-daylight.solana-mainnet.quiknode.pro/057ff3aa7f3e3d9633e475e6de4f8e148ceb4d7e "HTTP/1.1 200 OK"
2025-08-21 17:41:40,257 [INFO] HTTP Request: POST https://yolo-soft-daylight.solana-mainnet.quiknode.pro/057ff3aa7f3e3d9633e475e6de4f8e148ceb4d7e "HTTP/1.1 200 OK"
2025-08-21 17:41:46,476 [INFO] HTTP Request: POST https://yolo-soft-daylight.solana-mainnet.quiknode.pro/057ff3aa7f3e3d9633e475e6de4f8e148ceb4d7e "HTTP/1.1 200 OK"
2025-08-21 17:41:47,998 [INFO] HTTP Request: POST https://yolo-soft-daylight.solana-mainnet.quiknode.pro/057ff3aa7f3e3d9633e475e6de4f8e148ceb4d7e "HTTP/1.1 200 OK"
2025-08-21 17:41:49,326 [INFO] HTTP Request: POST https://yolo-soft-daylight.solana-mainnet.quiknode.pro/057ff3aa7f3e3d9633e475e6de4f8e148ceb4d7e "HTTP/1.1 200 OK"
2025-08-21 17:41:55,879 [INFO] HTTP Request: POST https://yolo-soft-daylight.solana-mainnet.quiknode.pro/057ff3aa7f3e3d9633e475e6de4f8e148ceb4d7e "HTTP/1.1 200 OK"
2025-08-21 17:41:57,408 [INFO] HTTP Request: POST https://yolo-soft-daylight.solana-mainnet.quiknode.pro/057ff3aa7f3e3d9633e475e6de4f8e148ceb4d7e "HTTP/1.1 200 OK"
2025-08-21 17:41:58,775 [INFO] HTTP Request: POST https://yolo-soft-daylight.solana-mainnet.quiknode.pro/057ff3aa7f3e3d9633e475e6de4f8e148ceb4d7e "HTTP/1.1 200 OK"
2025-08-21 17:42:05,380 [INFO] HTTP Request: POST https://yolo-soft-daylight.solana-mainnet.quiknode.pro/057ff3aa7f3e3d9633e475e6de4f8e148ceb4d7e "HTTP/1.1 200 OK"
2025-08-21 17:42:06,665 [INFO] HTTP Request: POST https://yolo-soft-daylight.solana-mainnet.quiknode.pro/057ff3aa7f3e3d9633e475e6de4f8e148ceb4d7e "HTTP/1.1 200 OK"
2025-08-21 17:42:07,962 [INFO] HTTP Request: POST https://yolo-soft-daylight.solana-mainnet.quiknode.pro/057ff3aa7f3e3d9633e475e6de4f8e148ceb4d7e "HTTP/1.1 200 OK"
2025-08-21 17:42:13,972 [INFO] HTTP Request: POST https://yolo-soft-daylight.solana-mainnet.quiknode.pro/057ff3aa7f3e3d9633e475e6de4f8e148ceb4d7e "HTTP/1.1 200 OK"
2025-08-21 17:42:15,214 [INFO] HTTP Request: POST https://yolo-soft-daylight.solana-mainnet.quiknode.pro/057ff3aa7f3e3d9633e475e6de4f8e148ceb4d7e "HTTP/1.1 200 OK"
2025-08-21 17:42:16,448 [INFO] HTTP Request: POST https://yolo-soft-daylight.solana-mainnet.quiknode.pro/057ff3aa7f3e3d9633e475e6de4f8e148ceb4d7e "HTTP/1.1 200 OK"
2025-08-21 17:42:22,459 [INFO] HTTP Request: POST https://yolo-soft-daylight.solana-mainnet.quiknode.pro/057ff3aa7f3e3d9633e475e6de4f8e148ceb4d7e "HTTP/1.1 200 OK"
2025-08-21 17:42:23,664 [INFO] HTTP Request: POST https://yolo-soft-daylight.solana-mainnet.quiknode.pro/057ff3aa7f3e3d9633e475e6de4f8e148ceb4d7e "HTTP/1.1 200 OK"
2025-08-21 17:42:24,916 [INFO] HTTP Request: POST https://yolo-soft-daylight.solana-mainnet.quiknode.pro/057ff3aa7f3e3d9633e475e6de4f8e148ceb4d7e "HTTP/1.1 200 OK"
2025-08-21 17:42:30,963 [INFO] HTTP Request: POST https://yolo-soft-daylight.solana-mainnet.quiknode.pro/057ff3aa7f3e3d9633e475e6de4f8e148ceb4d7e "HTTP/1.1 200 OK"
2025-08-21 17:42:32,203 [INFO] HTTP Request: POST https://yolo-soft-daylight.solana-mainnet.quiknode.pro/057ff3aa7f3e3d9633e475e6de4f8e148ceb4d7e "HTTP/1.1 200 OK"
2025-08-21 17:42:33,422 [INFO] HTTP Request: POST https://yolo-soft-daylight.solana-mainnet.quiknode.pro/057ff3aa7f3e3d9633e475e6de4f8e148ceb4d7e "HTTP/1.1 200 OK"
2025-08-21 17:42:39,383 [INFO] HTTP Request: POST https://yolo-soft-daylight.solana-mainnet.quiknode.pro/057ff3aa7f3e3d9633e475e6de4f8e148ceb4d7e "HTTP/1.1 200 OK"
2025-08-21 17:42:40,589 [INFO] HTTP Request: POST https://yolo-soft-daylight.solana-mainnet.quiknode.pro/057ff3aa7f3e3d9633e475e6de4f8e148ceb4d7e "HTTP/1.1 200 OK"
2025-08-21 17:42:41,797 [INFO] HTTP Request: POST https://yolo-soft-daylight.solana-mainnet.quiknode.pro/057ff3aa7f3e3d9633e475e6de4f8e148ceb4d7e "HTTP/1.1 200 OK"
2025-08-21 17:42:47,832 [INFO] HTTP Request: POST https://yolo-soft-daylight.solana-mainnet.quiknode.pro/057ff3aa7f3e3d9633e475e6de4f8e148ceb4d7e "HTTP/1.1 200 OK"
2025-08-21 17:42:49,100 [INFO] HTTP Request: POST https://yolo-soft-daylight.solana-mainnet.quiknode.pro/057ff3aa7f3e3d9633e475e6de4f8e148ceb4d7e "HTTP/1.1 200 OK"
2025-08-21 17:42:50,355 [INFO] HTTP Request: POST https://yolo-soft-daylight.solana-mainnet.quiknode.pro/057ff3aa7f3e3d9633e475e6de4f8e148ceb4d7e "HTTP/1.1 200 OK"
2025-08-21 17:42:56,364 [INFO] HTTP Request: POST https://yolo-soft-daylight.solana-mainnet.quiknode.pro/057ff3aa7f3e3d9633e475e6de4f8e148ceb4d7e "HTTP/1.1 200 OK"
2025-08-21 17:42:57,624 [INFO] HTTP Request: POST https://yolo-soft-daylight.solana-mainnet.quiknode.pro/057ff3aa7f3e3d9633e475e6de4f8e148ceb4d7e "HTTP/1.1 200 OK"
2025-08-21 17:42:58,862 [INFO] HTTP Request: POST https://yolo-soft-daylight.solana-mainnet.quiknode.pro/057ff3aa7f3e3d9633e475e6de4f8e148ceb4d7e "HTTP/1.1 200 OK"
2025-08-21 17:43:04,922 [INFO] HTTP Request: POST https://yolo-soft-daylight.solana-mainnet.quiknode.pro/057ff3aa7f3e3d9633e475e6de4f8e148ceb4d7e "HTTP/1.1 200 OK"
2025-08-21 17:43:06,265 [INFO] HTTP Request: POST https://yolo-soft-daylight.solana-mainnet.quiknode.pro/057ff3aa7f3e3d9633e475e6de4f8e148ceb4d7e "HTTP/1.1 200 OK"
2025-08-21 17:43:07,601 [INFO] HTTP Request: POST https://yolo-soft-daylight.solana-mainnet.quiknode.pro/057ff3aa7f3e3d9633e475e6de4f8e148ceb4d7e "HTTP/1.1 200 OK"
2025-08-21 17:43:13,808 [INFO] HTTP Request: POST https://yolo-soft-daylight.solana-mainnet.quiknode.pro/057ff3aa7f3e3d9633e475e6de4f8e148ceb4d7e "HTTP/1.1 200 OK"
2025-08-21 17:43:15,121 [INFO] HTTP Request: POST https://yolo-soft-daylight.solana-mainnet.quiknode.pro/057ff3aa7f3e3d9633e475e6de4f8e148ceb4d7e "HTTP/1.1 200 OK"
2025-08-21 17:43:16,388 [INFO] HTTP Request: POST https://yolo-soft-daylight.solana-mainnet.quiknode.pro/057ff3aa7f3e3d9633e475e6de4f8e148ceb4d7e "HTTP/1.1 200 OK"
2025-08-21 17:43:22,560 [INFO] HTTP Request: POST https://yolo-soft-daylight.solana-mainnet.quiknode.pro/057ff3aa7f3e3d9633e475e6de4f8e148ceb4d7e "HTTP/1.1 200 OK"
2025-08-21 17:43:23,809 [INFO] HTTP Request: POST https://yolo-soft-daylight.solana-mainnet.quiknode.pro/057ff3aa7f3e3d9633e475e6de4f8e148ceb4d7e "HTTP/1.1 200 OK"
2025-08-21 17:43:25,746 [INFO] HTTP Request: POST https://yolo-soft-daylight.solana-mainnet.quiknode.pro/057ff3aa7f3e3d9633e475e6de4f8e148ceb4d7e "HTTP/1.1 200 OK"
2025-08-21 17:43:31,936 [INFO] HTTP Request: POST https://yolo-soft-daylight.solana-mainnet.quiknode.pro/057ff3aa7f3e3d9633e475e6de4f8e148ceb4d7e "HTTP/1.1 200 OK"
2025-08-21 17:43:33,299 [INFO] HTTP Request: POST https://yolo-soft-daylight.solana-mainnet.quiknode.pro/057ff3aa7f3e3d9633e475e6de4f8e148ceb4d7e "HTTP/1.1 200 OK"
2025-08-21 17:43:34,630 [INFO] HTTP Request: POST https://yolo-soft-daylight.solana-mainnet.quiknode.pro/057ff3aa7f3e3d9633e475e6de4f8e148ceb4d7e "HTTP/1.1 200 OK"
2025-08-21 17:43:40,884 [INFO] HTTP Request: POST https://yolo-soft-daylight.solana-mainnet.quiknode.pro/057ff3aa7f3e3d9633e475e6de4f8e148ceb4d7e "HTTP/1.1 200 OK"
2025-08-21 17:43:42,298 [INFO] HTTP Request: POST https://yolo-soft-daylight.solana-mainnet.quiknode.pro/057ff3aa7f3e3d9633e475e6de4f8e148ceb4d7e "HTTP/1.1 200 OK"
2025-08-21 17:43:43,635 [INFO] HTTP Request: POST https://yolo-soft-daylight.solana-mainnet.quiknode.pro/057ff3aa7f3e3d9633e475e6de4f8e148ceb4d7e "HTTP/1.1 200 OK"
2025-08-21 17:43:49,929 [INFO] HTTP Request: POST https://yolo-soft-daylight.solana-mainnet.quiknode.pro/057ff3aa7f3e3d9633e475e6de4f8e148ceb4d7e "HTTP/1.1 200 OK"
2025-08-21 17:43:51,281 [INFO] HTTP Request: POST https://yolo-soft-daylight.solana-mainnet.quiknode.pro/057ff3aa7f3e3d9633e475e6de4f8e148ceb4d7e "HTTP/1.1 200 OK"
2025-08-21 17:43:52,562 [INFO] HTTP Request: POST https://yolo-soft-daylight.solana-mainnet.quiknode.pro/057ff3aa7f3e3d9633e475e6de4f8e148ceb4d7e "HTTP/1.1 200 OK"
2025-08-21 17:43:58,618 [INFO] HTTP Request: POST https://yolo-soft-daylight.solana-mainnet.quiknode.pro/057ff3aa7f3e3d9633e475e6de4f8e148ceb4d7e "HTTP/1.1 200 OK"
2025-08-21 17:43:59,933 [INFO] HTTP Request: POST https://yolo-soft-daylight.solana-mainnet.quiknode.pro/057ff3aa7f3e3d9633e475e6de4f8e148ceb4d7e "HTTP/1.1 200 OK"
2025-08-21 17:44:01,298 [INFO] HTTP Request: POST https://yolo-soft-daylight.solana-mainnet.quiknode.pro/057ff3aa7f3e3d9633e475e6de4f8e148ceb4d7e "HTTP/1.1 200 OK"
2025-08-21 17:44:08,099 [INFO] HTTP Request: POST https://yolo-soft-daylight.solana-mainnet.quiknode.pro/057ff3aa7f3e3d9633e475e6de4f8e148ceb4d7e "HTTP/1.1 200 OK"
2025-08-21 17:44:09,658 [INFO] HTTP Request: POST https://yolo-soft-daylight.solana-mainnet.quiknode.pro/057ff3aa7f3e3d9633e475e6de4f8e148ceb4d7e "HTTP/1.1 200 OK"
2025-08-21 17:44:11,197 [INFO] HTTP Request: POST https://yolo-soft-daylight.solana-mainnet.quiknode.pro/057ff3aa7f3e3d9633e475e6de4f8e148ceb4d7e "HTTP/1.1 200 OK"
2025-08-21 17:44:17,239 [INFO] HTTP Request: POST https://yolo-soft-daylight.solana-mainnet.quiknode.pro/057ff3aa7f3e3d9633e475e6de4f8e148ceb4d7e "HTTP/1.1 200 OK"
2025-08-21 17:44:18,509 [INFO] HTTP Request: POST https://yolo-soft-daylight.solana-mainnet.quiknode.pro/057ff3aa7f3e3d9633e475e6de4f8e148ceb4d7e "HTTP/1.1 200 OK"
2025-08-21 17:44:20,001 [INFO] HTTP Request: POST https://yolo-soft-daylight.solana-mainnet.quiknode.pro/057ff3aa7f3e3d9633e475e6de4f8e148ceb4d7e "HTTP/1.1 200 OK"
2025-08-21 17:44:26,072 [INFO] HTTP Request: POST https://yolo-soft-daylight.solana-mainnet.quiknode.pro/057ff3aa7f3e3d9633e475e6de4f8e148ceb4d7e "HTTP/1.1 200 OK"
2025-08-21 17:44:27,387 [INFO] HTTP Request: POST https://yolo-soft-daylight.solana-mainnet.quiknode.pro/057ff3aa7f3e3d9633e475e6de4f8e148ceb4d7e "HTTP/1.1 200 OK"
2025-08-21 17:44:47,029 [INFO] HTTP Request: POST https://yolo-soft-daylight.solana-mainnet.quiknode.pro/057ff3aa7f3e3d9633e475e6de4f8e148ceb4d7e "HTTP/1.1 200 OK"
2025-08-21 17:44:48,308 [INFO] HTTP Request: POST https://yolo-soft-daylight.solana-mainnet.quiknode.pro/057ff3aa7f3e3d9633e475e6de4f8e148ceb4d7e "HTTP/1.1 200 OK"
2025-08-21 17:44:49,537 [INFO] HTTP Request: POST https://yolo-soft-daylight.solana-mainnet.quiknode.pro/057ff3aa7f3e3d9633e475e6de4f8e148ceb4d7e "HTTP/1.1 200 OK"
2025-08-21 17:44:50,585 [INFO] HTTP Request: POST https://yolo-soft-daylight.solana-mainnet.quiknode.pro/057ff3aa7f3e3d9633e475e6de4f8e148ceb4d7e "HTTP/1.1 200 OK"
2025-08-21 17:44:51,805 [INFO] HTTP Request: POST https://yolo-soft-daylight.solana-mainnet.quiknode.pro/057ff3aa7f3e3d9633e475e6de4f8e148ceb4d7e "HTTP/1.1 200 OK"
2025-08-21 17:44:53,034 [INFO] HTTP Request: POST https://yolo-soft-daylight.solana-mainnet.quiknode.pro/057ff3aa7f3e3d9633e475e6de4f8e148ceb4d7e "HTTP/1.1 200 OK"
2025-08-21 17:44:59,076 [INFO] HTTP Request: POST https://yolo-soft-daylight.solana-mainnet.quiknode.pro/057ff3aa7f3e3d9633e475e6de4f8e148ceb4d7e "HTTP/1.1 200 OK"
2025-08-21 17:45:00,338 [INFO] HTTP Request: POST https://yolo-soft-daylight.solana-mainnet.quiknode.pro/057ff3aa7f3e3d9633e475e6de4f8e148ceb4d7e "HTTP/1.1 200 OK"
2025-08-21 17:45:01,575 [INFO] HTTP Request: POST https://yolo-soft-daylight.solana-mainnet.quiknode.pro/057ff3aa7f3e3d9633e475e6de4f8e148ceb4d7e "HTTP/1.1 200 OK"
2025-08-21 17:45:07,799 [INFO] HTTP Request: POST https://yolo-soft-daylight.solana-mainnet.quiknode.pro/057ff3aa7f3e3d9633e475e6de4f8e148ceb4d7e "HTTP/1.1 200 OK"
2025-08-21 17:45:09,206 [INFO] HTTP Request: POST https://yolo-soft-daylight.solana-mainnet.quiknode.pro/057ff3aa7f3e3d9633e475e6de4f8e148ceb4d7e "HTTP/1.1 200 OK"
2025-08-21 17:45:10,622 [INFO] HTTP Request: POST https://yolo-soft-daylight.solana-mainnet.quiknode.pro/057ff3aa7f3e3d9633e475e6de4f8e148ceb4d7e "HTTP/1.1 200 OK"
2025-08-21 17:45:16,647 [INFO] HTTP Request: POST https://yolo-soft-daylight.solana-mainnet.quiknode.pro/057ff3aa7f3e3d9633e475e6de4f8e148ceb4d7e "HTTP/1.1 200 OK"
2025-08-21 17:45:17,873 [INFO] HTTP Request: POST https://yolo-soft-daylight.solana-mainnet.quiknode.pro/057ff3aa7f3e3d9633e475e6de4f8e148ceb4d7e "HTTP/1.1 200 OK"
2025-08-21 17:45:19,135 [INFO] HTTP Request: POST https://yolo-soft-daylight.solana-mainnet.quiknode.pro/057ff3aa7f3e3d9633e475e6de4f8e148ceb4d7e "HTTP/1.1 200 OK"
2025-08-21 17:45:26,660 [INFO] HTTP Request: POST https://yolo-soft-daylight.solana-mainnet.quiknode.pro/057ff3aa7f3e3d9633e475e6de4f8e148ceb4d7e "HTTP/1.1 200 OK"
2025-08-21 17:45:28,483 [INFO] HTTP Request: POST https://yolo-soft-daylight.solana-mainnet.quiknode.pro/057ff3aa7f3e3d9633e475e6de4f8e148ceb4d7e "HTTP/1.1 200 OK"
2025-08-21 17:45:29,915 [INFO] HTTP Request: POST https://yolo-soft-daylight.solana-mainnet.quiknode.pro/057ff3aa7f3e3d9633e475e6de4f8e148ceb4d7e "HTTP/1.1 200 OK"
2025-08-21 17:45:35,934 [INFO] HTTP Request: POST https://yolo-soft-daylight.solana-mainnet.quiknode.pro/057ff3aa7f3e3d9633e475e6de4f8e148ceb4d7e "HTTP/1.1 200 OK"
2025-08-21 17:45:37,188 [INFO] HTTP Request: POST https://yolo-soft-daylight.solana-mainnet.quiknode.pro/057ff3aa7f3e3d9633e475e6de4f8e148ceb4d7e "HTTP/1.1 200 OK"
2025-08-21 17:45:38,478 [INFO] HTTP Request: POST https://yolo-soft-daylight.solana-mainnet.quiknode.pro/057ff3aa7f3e3d9633e475e6de4f8e148ceb4d7e "HTTP/1.1 200 OK"
2025-08-21 17:45:44,472 [INFO] HTTP Request: POST https://yolo-soft-daylight.solana-mainnet.quiknode.pro/057ff3aa7f3e3d9633e475e6de4f8e148ceb4d7e "HTTP/1.1 200 OK"
2025-08-21 17:45:45,718 [INFO] HTTP Request: POST https://yolo-soft-daylight.solana-mainnet.quiknode.pro/057ff3aa7f3e3d9633e475e6de4f8e148ceb4d7e "HTTP/1.1 200 OK"
2025-08-21 17:45:47,687 [INFO] HTTP Request: POST https://yolo-soft-daylight.solana-mainnet.quiknode.pro/057ff3aa7f3e3d9633e475e6de4f8e148ceb4d7e "HTTP/1.1 200 OK"
2025-08-21 17:45:53,833 [INFO] HTTP Request: POST https://yolo-soft-daylight.solana-mainnet.quiknode.pro/057ff3aa7f3e3d9633e475e6de4f8e148ceb4d7e "HTTP/1.1 200 OK"
2025-08-21 17:45:55,173 [INFO] HTTP Request: POST https://yolo-soft-daylight.solana-mainnet.quiknode.pro/057ff3aa7f3e3d9633e475e6de4f8e148ceb4d7e "HTTP/1.1 200 OK"
2025-08-21 17:45:57,558 [INFO] HTTP Request: POST https://yolo-soft-daylight.solana-mainnet.quiknode.pro/057ff3aa7f3e3d9633e475e6de4f8e148ceb4d7e "HTTP/1.1 200 OK"
2025-08-21 17:46:03,722 [INFO] HTTP Request: POST https://yolo-soft-daylight.solana-mainnet.quiknode.pro/057ff3aa7f3e3d9633e475e6de4f8e148ceb4d7e "HTTP/1.1 200 OK"
2025-08-21 17:46:05,060 [INFO] HTTP Request: POST https://yolo-soft-daylight.solana-mainnet.quiknode.pro/057ff3aa7f3e3d9633e475e6de4f8e148ceb4d7e "HTTP/1.1 200 OK"
2025-08-21 17:46:06,354 [INFO] HTTP Request: POST https://yolo-soft-daylight.solana-mainnet.quiknode.pro/057ff3aa7f3e3d9633e475e6de4f8e148ceb4d7e "HTTP/1.1 200 OK"
2025-08-21 17:46:12,612 [INFO] HTTP Request: POST https://yolo-soft-daylight.solana-mainnet.quiknode.pro/057ff3aa7f3e3d9633e475e6de4f8e148ceb4d7e "HTTP/1.1 200 OK"
2025-08-21 17:46:13,922 [INFO] HTTP Request: POST https://yolo-soft-daylight.solana-mainnet.quiknode.pro/057ff3aa7f3e3d9633e475e6de4f8e148ceb4d7e "HTTP/1.1 200 OK"
2025-08-21 17:46:15,432 [INFO] HTTP Request: POST https://yolo-soft-daylight.solana-mainnet.quiknode.pro/057ff3aa7f3e3d9633e475e6de4f8e148ceb4d7e "HTTP/1.1 200 OK"
2025-08-21 17:46:21,545 [INFO] HTTP Request: POST https://yolo-soft-daylight.solana-mainnet.quiknode.pro/057ff3aa7f3e3d9633e475e6de4f8e148ceb4d7e "HTTP/1.1 200 OK"
2025-08-21 17:46:22,807 [INFO] HTTP Request: POST https://yolo-soft-daylight.solana-mainnet.quiknode.pro/057ff3aa7f3e3d9633e475e6de4f8e148ceb4d7e "HTTP/1.1 200 OK"
2025-08-21 17:46:24,321 [INFO] HTTP Request: POST https://yolo-soft-daylight.solana-mainnet.quiknode.pro/057ff3aa7f3e3d9633e475e6de4f8e148ceb4d7e "HTTP/1.1 200 OK"
2025-08-21 17:46:30,437 [INFO] HTTP Request: POST https://yolo-soft-daylight.solana-mainnet.quiknode.pro/057ff3aa7f3e3d9633e475e6de4f8e148ceb4d7e "HTTP/1.1 200 OK"
2025-08-21 17:46:32,243 [INFO] HTTP Request: POST https://yolo-soft-daylight.solana-mainnet.quiknode.pro/057ff3aa7f3e3d9633e475e6de4f8e148ceb4d7e "HTTP/1.1 200 OK"
2025-08-21 17:46:33,529 [INFO] HTTP Request: POST https://yolo-soft-daylight.solana-mainnet.quiknode.pro/057ff3aa7f3e3d9633e475e6de4f8e148ceb4d7e "HTTP/1.1 200 OK"
2025-08-21 17:46:39,536 [INFO] HTTP Request: POST https://yolo-soft-daylight.solana-mainnet.quiknode.pro/057ff3aa7f3e3d9633e475e6de4f8e148ceb4d7e "HTTP/1.1 200 OK"
2025-08-21 17:46:40,772 [INFO] HTTP Request: POST https://yolo-soft-daylight.solana-mainnet.quiknode.pro/057ff3aa7f3e3d9633e475e6de4f8e148ceb4d7e "HTTP/1.1 200 OK"
2025-08-21 17:46:42,270 [INFO] HTTP Request: POST https://yolo-soft-daylight.solana-mainnet.quiknode.pro/057ff3aa7f3e3d9633e475e6de4f8e148ceb4d7e "HTTP/1.1 200 OK"
2025-08-21 17:46:48,357 [INFO] HTTP Request: POST https://yolo-soft-daylight.solana-mainnet.quiknode.pro/057ff3aa7f3e3d9633e475e6de4f8e148ceb4d7e "HTTP/1.1 200 OK"
2025-08-21 17:46:49,752 [INFO] HTTP Request: POST https://yolo-soft-daylight.solana-mainnet.quiknode.pro/057ff3aa7f3e3d9633e475e6de4f8e148ceb4d7e "HTTP/1.1 200 OK"
2025-08-21 17:46:51,127 [INFO] HTTP Request: POST https://yolo-soft-daylight.solana-mainnet.quiknode.pro/057ff3aa7f3e3d9633e475e6de4f8e148ceb4d7e "HTTP/1.1 200 OK"
2025-08-21 17:46:57,220 [INFO] HTTP Request: POST https://yolo-soft-daylight.solana-mainnet.quiknode.pro/057ff3aa7f3e3d9633e475e6de4f8e148ceb4d7e "HTTP/1.1 200 OK"
2025-08-21 17:46:58,481 [INFO] HTTP Request: POST https://yolo-soft-daylight.solana-mainnet.quiknode.pro/057ff3aa7f3e3d9633e475e6de4f8e148ceb4d7e "HTTP/1.1 200 OK"
2025-08-21 17:46:59,807 [INFO] HTTP Request: POST https://yolo-soft-daylight.solana-mainnet.quiknode.pro/057ff3aa7f3e3d9633e475e6de4f8e148ceb4d7e "HTTP/1.1 200 OK"
2025-08-21 17:47:05,809 [INFO] HTTP Request: POST https://yolo-soft-daylight.solana-mainnet.quiknode.pro/057ff3aa7f3e3d9633e475e6de4f8e148ceb4d7e "HTTP/1.1 200 OK"
2025-08-21 17:47:07,042 [INFO] HTTP Request: POST https://yolo-soft-daylight.solana-mainnet.quiknode.pro/057ff3aa7f3e3d9633e475e6de4f8e148ceb4d7e "HTTP/1.1 200 OK"
2025-08-21 17:47:08,343 [INFO] HTTP Request: POST https://yolo-soft-daylight.solana-mainnet.quiknode.pro/057ff3aa7f3e3d9633e475e6de4f8e148ceb4d7e "HTTP/1.1 200 OK"
2025-08-21 17:47:14,452 [INFO] HTTP Request: POST https://yolo-soft-daylight.solana-mainnet.quiknode.pro/057ff3aa7f3e3d9633e475e6de4f8e148ceb4d7e "HTTP/1.1 200 OK"
2025-08-21 17:47:15,669 [INFO] HTTP Request: POST https://yolo-soft-daylight.solana-mainnet.quiknode.pro/057ff3aa7f3e3d9633e475e6de4f8e148ceb4d7e "HTTP/1.1 200 OK"
2025-08-21 17:47:16,915 [INFO] HTTP Request: POST https://yolo-soft-daylight.solana-mainnet.quiknode.pro/057ff3aa7f3e3d9633e475e6de4f8e148ceb4d7e "HTTP/1.1 200 OK"
2025-08-21 17:47:22,912 [INFO] HTTP Request: POST https://yolo-soft-daylight.solana-mainnet.quiknode.pro/057ff3aa7f3e3d9633e475e6de4f8e148ceb4d7e "HTTP/1.1 200 OK"
2025-08-21 17:47:24,161 [INFO] HTTP Request: POST https://yolo-soft-daylight.solana-mainnet.quiknode.pro/057ff3aa7f3e3d9633e475e6de4f8e148ceb4d7e "HTTP/1.1 200 OK"
2025-08-21 17:47:25,420 [INFO] HTTP Request: POST https://yolo-soft-daylight.solana-mainnet.quiknode.pro/057ff3aa7f3e3d9633e475e6de4f8e148ceb4d7e "HTTP/1.1 200 OK"
2025-08-21 17:47:31,453 [INFO] HTTP Request: POST https://yolo-soft-daylight.solana-mainnet.quiknode.pro/057ff3aa7f3e3d9633e475e6de4f8e148ceb4d7e "HTTP/1.1 200 OK"
2025-08-21 17:47:32,816 [INFO] HTTP Request: POST https://yolo-soft-daylight.solana-mainnet.quiknode.pro/057ff3aa7f3e3d9633e475e6de4f8e148ceb4d7e "HTTP/1.1 200 OK"
2025-08-21 17:47:34,036 [INFO] HTTP Request: POST https://yolo-soft-daylight.solana-mainnet.quiknode.pro/057ff3aa7f3e3d9633e475e6de4f8e148ceb4d7e "HTTP/1.1 200 OK"
2025-08-21 17:47:40,007 [INFO] HTTP Request: POST https://yolo-soft-daylight.solana-mainnet.quiknode.pro/057ff3aa7f3e3d9633e475e6de4f8e148ceb4d7e "HTTP/1.1 200 OK"
2025-08-21 17:47:41,216 [INFO] HTTP Request: POST https://yolo-soft-daylight.solana-mainnet.quiknode.pro/057ff3aa7f3e3d9633e475e6de4f8e148ceb4d7e "HTTP/1.1 200 OK"
2025-08-21 17:47:42,439 [INFO] HTTP Request: POST https://yolo-soft-daylight.solana-mainnet.quiknode.pro/057ff3aa7f3e3d9633e475e6de4f8e148ceb4d7e "HTTP/1.1 200 OK"
2025-08-21 17:47:48,474 [INFO] HTTP Request: POST https://yolo-soft-daylight.solana-mainnet.quiknode.pro/057ff3aa7f3e3d9633e475e6de4f8e148ceb4d7e "HTTP/1.1 200 OK"
2025-08-21 17:47:49,892 [INFO] HTTP Request: POST https://yolo-soft-daylight.solana-mainnet.quiknode.pro/057ff3aa7f3e3d9633e475e6de4f8e148ceb4d7e "HTTP/1.1 200 OK"
2025-08-21 17:47:51,170 [INFO] HTTP Request: POST https://yolo-soft-daylight.solana-mainnet.quiknode.pro/057ff3aa7f3e3d9633e475e6de4f8e148ceb4d7e "HTTP/1.1 200 OK"
2025-08-21 17:47:57,213 [INFO] HTTP Request: POST https://yolo-soft-daylight.solana-mainnet.quiknode.pro/057ff3aa7f3e3d9633e475e6de4f8e148ceb4d7e "HTTP/1.1 200 OK"
2025-08-21 17:47:58,474 [INFO] HTTP Request: POST https://yolo-soft-daylight.solana-mainnet.quiknode.pro/057ff3aa7f3e3d9633e475e6de4f8e148ceb4d7e "HTTP/1.1 200 OK"
2025-08-21 17:47:59,662 [INFO] HTTP Request: POST https://yolo-soft-daylight.solana-mainnet.quiknode.pro/057ff3aa7f3e3d9633e475e6de4f8e148ceb4d7e "HTTP/1.1 200 OK"
2025-08-21 17:48:05,676 [INFO] HTTP Request: POST https://yolo-soft-daylight.solana-mainnet.quiknode.pro/057ff3aa7f3e3d9633e475e6de4f8e148ceb4d7e "HTTP/1.1 200 OK"
2025-08-21 17:48:06,917 [INFO] HTTP Request: POST https://yolo-soft-daylight.solana-mainnet.quiknode.pro/057ff3aa7f3e3d9633e475e6de4f8e148ceb4d7e "HTTP/1.1 200 OK"
2025-08-21 17:48:08,164 [INFO] HTTP Request: POST https://yolo-soft-daylight.solana-mainnet.quiknode.pro/057ff3aa7f3e3d9633e475e6de4f8e148ceb4d7e "HTTP/1.1 200 OK"
2025-08-21 17:48:14,149 [INFO] HTTP Request: POST https://yolo-soft-daylight.solana-mainnet.quiknode.pro/057ff3aa7f3e3d9633e475e6de4f8e148ceb4d7e "HTTP/1.1 200 OK"
2025-08-21 17:48:15,438 [INFO] HTTP Request: POST https://yolo-soft-daylight.solana-mainnet.quiknode.pro/057ff3aa7f3e3d9633e475e6de4f8e148ceb4d7e "HTTP/1.1 200 OK"
2025-08-21 17:48:16,651 [INFO] HTTP Request: POST https://yolo-soft-daylight.solana-mainnet.quiknode.pro/057ff3aa7f3e3d9633e475e6de4f8e148ceb4d7e "HTTP/1.1 200 OK"
2025-08-21 17:48:22,744 [INFO] HTTP Request: POST https://yolo-soft-daylight.solana-mainnet.quiknode.pro/057ff3aa7f3e3d9633e475e6de4f8e148ceb4d7e "HTTP/1.1 200 OK"
2025-08-21 17:48:24,014 [INFO] HTTP Request: POST https://yolo-soft-daylight.solana-mainnet.quiknode.pro/057ff3aa7f3e3d9633e475e6de4f8e148ceb4d7e "HTTP/1.1 200 OK"
2025-08-21 17:48:25,555 [INFO] HTTP Request: POST https://yolo-soft-daylight.solana-mainnet.quiknode.pro/057ff3aa7f3e3d9633e475e6de4f8e148ceb4d7e "HTTP/1.1 200 OK"
2025-08-21 17:48:31,648 [INFO] HTTP Request: POST https://yolo-soft-daylight.solana-mainnet.quiknode.pro/057ff3aa7f3e3d9633e475e6de4f8e148ceb4d7e "HTTP/1.1 200 OK"
2025-08-21 17:48:32,855 [INFO] HTTP Request: POST https://yolo-soft-daylight.solana-mainnet.quiknode.pro/057ff3aa7f3e3d9633e475e6de4f8e148ceb4d7e "HTTP/1.1 200 OK"
2025-08-21 17:48:34,094 [INFO] HTTP Request: POST https://yolo-soft-daylight.solana-mainnet.quiknode.pro/057ff3aa7f3e3d9633e475e6de4f8e148ceb4d7e "HTTP/1.1 200 OK"
2025-08-21 17:48:40,100 [INFO] HTTP Request: POST https://yolo-soft-daylight.solana-mainnet.quiknode.pro/057ff3aa7f3e3d9633e475e6de4f8e148ceb4d7e "HTTP/1.1 200 OK"
2025-08-21 17:48:41,388 [INFO] HTTP Request: POST https://yolo-soft-daylight.solana-mainnet.quiknode.pro/057ff3aa7f3e3d9633e475e6de4f8e148ceb4d7e "HTTP/1.1 200 OK"
2025-08-21 17:48:42,628 [INFO] HTTP Request: POST https://yolo-soft-daylight.solana-mainnet.quiknode.pro/057ff3aa7f3e3d9633e475e6de4f8e148ceb4d7e "HTTP/1.1 200 OK"
2025-08-21 17:48:48,634 [INFO] HTTP Request: POST https://yolo-soft-daylight.solana-mainnet.quiknode.pro/057ff3aa7f3e3d9633e475e6de4f8e148ceb4d7e "HTTP/1.1 200 OK"
2025-08-21 17:48:49,863 [INFO] HTTP Request: POST https://yolo-soft-daylight.solana-mainnet.quiknode.pro/057ff3aa7f3e3d9633e475e6de4f8e148ceb4d7e "HTTP/1.1 200 OK"
2025-08-21 17:48:51,122 [INFO] HTTP Request: POST https://yolo-soft-daylight.solana-mainnet.quiknode.pro/057ff3aa7f3e3d9633e475e6de4f8e148ceb4d7e "HTTP/1.1 200 OK"
2025-08-21 17:48:57,118 [INFO] HTTP Request: POST https://yolo-soft-daylight.solana-mainnet.quiknode.pro/057ff3aa7f3e3d9633e475e6de4f8e148ceb4d7e "HTTP/1.1 200 OK"
2025-08-21 17:48:58,366 [INFO] HTTP Request: POST https://yolo-soft-daylight.solana-mainnet.quiknode.pro/057ff3aa7f3e3d9633e475e6de4f8e148ceb4d7e "HTTP/1.1 200 OK"
2025-08-21 17:48:59,599 [INFO] HTTP Request: POST https://yolo-soft-daylight.solana-mainnet.quiknode.pro/057ff3aa7f3e3d9633e475e6de4f8e148ceb4d7e "HTTP/1.1 200 OK"
2025-08-21 17:49:05,601 [INFO] HTTP Request: POST https://yolo-soft-daylight.solana-mainnet.quiknode.pro/057ff3aa7f3e3d9633e475e6de4f8e148ceb4d7e "HTTP/1.1 200 OK"
2025-08-21 17:49:06,915 [INFO] HTTP Request: POST https://yolo-soft-daylight.solana-mainnet.quiknode.pro/057ff3aa7f3e3d9633e475e6de4f8e148ceb4d7e "HTTP/1.1 200 OK"
2025-08-21 17:49:08,116 [INFO] HTTP Request: POST https://yolo-soft-daylight.solana-mainnet.quiknode.pro/057ff3aa7f3e3d9633e475e6de4f8e148ceb4d7e "HTTP/1.1 200 OK"
2025-08-21 17:49:14,096 [INFO] HTTP Request: POST https://yolo-soft-daylight.solana-mainnet.quiknode.pro/057ff3aa7f3e3d9633e475e6de4f8e148ceb4d7e "HTTP/1.1 200 OK"
2025-08-21 17:49:15,456 [INFO] HTTP Request: POST https://yolo-soft-daylight.solana-mainnet.quiknode.pro/057ff3aa7f3e3d9633e475e6de4f8e148ceb4d7e "HTTP/1.1 200 OK"
2025-08-21 17:49:16,750 [INFO] HTTP Request: POST https://yolo-soft-daylight.solana-mainnet.quiknode.pro/057ff3aa7f3e3d9633e475e6de4f8e148ceb4d7e "HTTP/1.1 200 OK"
2025-08-21 17:49:22,768 [INFO] HTTP Request: POST https://yolo-soft-daylight.solana-mainnet.quiknode.pro/057ff3aa7f3e3d9633e475e6de4f8e148ceb4d7e "HTTP/1.1 200 OK"
2025-08-21 17:49:24,023 [INFO] HTTP Request: POST https://yolo-soft-daylight.solana-mainnet.quiknode.pro/057ff3aa7f3e3d9633e475e6de4f8e148ceb4d7e "HTTP/1.1 200 OK"
2025-08-21 17:49:25,267 [INFO] HTTP Request: POST https://yolo-soft-daylight.solana-mainnet.quiknode.pro/057ff3aa7f3e3d9633e475e6de4f8e148ceb4d7e "HTTP/1.1 200 OK"
2025-08-21 17:49:31,307 [INFO] HTTP Request: POST https://yolo-soft-daylight.solana-mainnet.quiknode.pro/057ff3aa7f3e3d9633e475e6de4f8e148ceb4d7e "HTTP/1.1 200 OK"
2025-08-21 17:49:32,653 [INFO] HTTP Request: POST https://yolo-soft-daylight.solana-mainnet.quiknode.pro/057ff3aa7f3e3d9633e475e6de4f8e148ceb4d7e "HTTP/1.1 200 OK"
2025-08-21 17:49:33,933 [INFO] HTTP Request: POST https://yolo-soft-daylight.solana-mainnet.quiknode.pro/057ff3aa7f3e3d9633e475e6de4f8e148ceb4d7e "HTTP/1.1 200 OK"
2025-08-21 17:49:39,906 [INFO] HTTP Request: POST https://yolo-soft-daylight.solana-mainnet.quiknode.pro/057ff3aa7f3e3d9633e475e6de4f8e148ceb4d7e "HTTP/1.1 200 OK"
2025-08-21 17:49:41,218 [INFO] HTTP Request: POST https://yolo-soft-daylight.solana-mainnet.quiknode.pro/057ff3aa7f3e3d9633e475e6de4f8e148ceb4d7e "HTTP/1.1 200 OK"
2025-08-21 17:49:42,519 [INFO] HTTP Request: POST https://yolo-soft-daylight.solana-mainnet.quiknode.pro/057ff3aa7f3e3d9633e475e6de4f8e148ceb4d7e "HTTP/1.1 200 OK"
2025-08-21 17:49:48,699 [INFO] HTTP Request: POST https://yolo-soft-daylight.solana-mainnet.quiknode.pro/057ff3aa7f3e3d9633e475e6de4f8e148ceb4d7e "HTTP/1.1 200 OK"
2025-08-21 17:49:49,995 [INFO] HTTP Request: POST https://yolo-soft-daylight.solana-mainnet.quiknode.pro/057ff3aa7f3e3d9633e475e6de4f8e148ceb4d7e "HTTP/1.1 200 OK"
2025-08-21 17:49:51,317 [INFO] HTTP Request: POST https://yolo-soft-daylight.solana-mainnet.quiknode.pro/057ff3aa7f3e3d9633e475e6de4f8e148ceb4d7e "HTTP/1.1 200 OK"
2025-08-21 17:49:57,351 [INFO] HTTP Request: POST https://yolo-soft-daylight.solana-mainnet.quiknode.pro/057ff3aa7f3e3d9633e475e6de4f8e148ceb4d7e "HTTP/1.1 200 OK"
2025-08-21 17:49:58,560 [INFO] HTTP Request: POST https://yolo-soft-daylight.solana-mainnet.quiknode.pro/057ff3aa7f3e3d9633e475e6de4f8e148ceb4d7e "HTTP/1.1 200 OK"
2025-08-21 17:49:59,903 [INFO] HTTP Request: POST https://yolo-soft-daylight.solana-mainnet.quiknode.pro/057ff3aa7f3e3d9633e475e6de4f8e148ceb4d7e "HTTP/1.1 200 OK"
2025-08-21 17:50:05,872 [INFO] HTTP Request: POST https://yolo-soft-daylight.solana-mainnet.quiknode.pro/057ff3aa7f3e3d9633e475e6de4f8e148ceb4d7e "HTTP/1.1 200 OK"
2025-08-21 17:50:07,139 [INFO] HTTP Request: POST https://yolo-soft-daylight.solana-mainnet.quiknode.pro/057ff3aa7f3e3d9633e475e6de4f8e148ceb4d7e "HTTP/1.1 200 OK"
2025-08-21 17:50:08,416 [INFO] HTTP Request: POST https://yolo-soft-daylight.solana-mainnet.quiknode.pro/057ff3aa7f3e3d9633e475e6de4f8e148ceb4d7e "HTTP/1.1 200 OK"
2025-08-21 17:50:14,632 [INFO] HTTP Request: POST https://yolo-soft-daylight.solana-mainnet.quiknode.pro/057ff3aa7f3e3d9633e475e6de4f8e148ceb4d7e "HTTP/1.1 200 OK"
2025-08-21 17:50:16,295 [INFO] HTTP Request: POST https://yolo-soft-daylight.solana-mainnet.quiknode.pro/057ff3aa7f3e3d9633e475e6de4f8e148ceb4d7e "HTTP/1.1 200 OK"
2025-08-21 17:50:17,521 [INFO] HTTP Request: POST https://yolo-soft-daylight.solana-mainnet.quiknode.pro/057ff3aa7f3e3d9633e475e6de4f8e148ceb4d7e "HTTP/1.1 200 OK"
2025-08-21 17:50:23,761 [INFO] HTTP Request: POST https://yolo-soft-daylight.solana-mainnet.quiknode.pro/057ff3aa7f3e3d9633e475e6de4f8e148ceb4d7e "HTTP/1.1 200 OK"
2025-08-21 17:50:25,206 [INFO] HTTP Request: POST https://yolo-soft-daylight.solana-mainnet.quiknode.pro/057ff3aa7f3e3d9633e475e6de4f8e148ceb4d7e "HTTP/1.1 200 OK"
2025-08-21 17:50:26,465 [INFO] HTTP Request: POST https://yolo-soft-daylight.solana-mainnet.quiknode.pro/057ff3aa7f3e3d9633e475e6de4f8e148ceb4d7e "HTTP/1.1 200 OK"
2025-08-21 17:50:32,533 [INFO] HTTP Request: POST https://yolo-soft-daylight.solana-mainnet.quiknode.pro/057ff3aa7f3e3d9633e475e6de4f8e148ceb4d7e "HTTP/1.1 200 OK"
2025-08-21 17:50:33,782 [INFO] HTTP Request: POST https://yolo-soft-daylight.solana-mainnet.quiknode.pro/057ff3aa7f3e3d9633e475e6de4f8e148ceb4d7e "HTTP/1.1 200 OK"
2025-08-21 17:50:35,099 [INFO] HTTP Request: POST https://yolo-soft-daylight.solana-mainnet.quiknode.pro/057ff3aa7f3e3d9633e475e6de4f8e148ceb4d7e "HTTP/1.1 200 OK"
2025-08-21 17:50:41,189 [INFO] HTTP Request: POST https://yolo-soft-daylight.solana-mainnet.quiknode.pro/057ff3aa7f3e3d9633e475e6de4f8e148ceb4d7e "HTTP/1.1 200 OK"
2025-08-21 17:50:42,544 [INFO] HTTP Request: POST https://yolo-soft-daylight.solana-mainnet.quiknode.pro/057ff3aa7f3e3d9633e475e6de4f8e148ceb4d7e "HTTP/1.1 200 OK"
2025-08-21 17:50:44,006 [INFO] HTTP Request: POST https://yolo-soft-daylight.solana-mainnet.quiknode.pro/057ff3aa7f3e3d9633e475e6de4f8e148ceb4d7e "HTTP/1.1 200 OK"
2025-08-21 17:50:49,985 [INFO] HTTP Request: POST https://yolo-soft-daylight.solana-mainnet.quiknode.pro/057ff3aa7f3e3d9633e475e6de4f8e148ceb4d7e "HTTP/1.1 200 OK"
2025-08-21 17:50:51,244 [INFO] HTTP Request: POST https://yolo-soft-daylight.solana-mainnet.quiknode.pro/057ff3aa7f3e3d9633e475e6de4f8e148ceb4d7e "HTTP/1.1 200 OK"
2025-08-21 17:50:52,469 [INFO] HTTP Request: POST https://yolo-soft-daylight.solana-mainnet.quiknode.pro/057ff3aa7f3e3d9633e475e6de4f8e148ceb4d7e "HTTP/1.1 200 OK"
2025-08-21 17:50:58,439 [INFO] HTTP Request: POST https://yolo-soft-daylight.solana-mainnet.quiknode.pro/057ff3aa7f3e3d9633e475e6de4f8e148ceb4d7e "HTTP/1.1 200 OK"
2025-08-21 17:50:59,653 [INFO] HTTP Request: POST https://yolo-soft-daylight.solana-mainnet.quiknode.pro/057ff3aa7f3e3d9633e475e6de4f8e148ceb4d7e "HTTP/1.1 200 OK"
2025-08-21 17:51:00,970 [INFO] HTTP Request: POST https://yolo-soft-daylight.solana-mainnet.quiknode.pro/057ff3aa7f3e3d9633e475e6de4f8e148ceb4d7e "HTTP/1.1 200 OK"
2025-08-21 17:51:06,979 [INFO] HTTP Request: POST https://yolo-soft-daylight.solana-mainnet.quiknode.pro/057ff3aa7f3e3d9633e475e6de4f8e148ceb4d7e "HTTP/1.1 200 OK"
2025-08-21 17:51:08,245 [INFO] HTTP Request: POST https://yolo-soft-daylight.solana-mainnet.quiknode.pro/057ff3aa7f3e3d9633e475e6de4f8e148ceb4d7e "HTTP/1.1 200 OK"
2025-08-21 17:51:09,474 [INFO] HTTP Request: POST https://yolo-soft-daylight.solana-mainnet.quiknode.pro/057ff3aa7f3e3d9633e475e6de4f8e148ceb4d7e "HTTP/1.1 200 OK"
2025-08-21 17:51:15,601 [INFO] HTTP Request: POST https://yolo-soft-daylight.solana-mainnet.quiknode.pro/057ff3aa7f3e3d9633e475e6de4f8e148ceb4d7e "HTTP/1.1 200 OK"
2025-08-21 17:51:16,821 [INFO] HTTP Request: POST https://yolo-soft-daylight.solana-mainnet.quiknode.pro/057ff3aa7f3e3d9633e475e6de4f8e148ceb4d7e "HTTP/1.1 200 OK"
2025-08-21 17:51:18,131 [INFO] HTTP Request: POST https://yolo-soft-daylight.solana-mainnet.quiknode.pro/057ff3aa7f3e3d9633e475e6de4f8e148ceb4d7e "HTTP/1.1 200 OK"
2025-08-21 17:51:24,110 [INFO] HTTP Request: POST https://yolo-soft-daylight.solana-mainnet.quiknode.pro/057ff3aa7f3e3d9633e475e6de4f8e148ceb4d7e "HTTP/1.1 200 OK"
2025-08-21 17:51:25,388 [INFO] HTTP Request: POST https://yolo-soft-daylight.solana-mainnet.quiknode.pro/057ff3aa7f3e3d9633e475e6de4f8e148ceb4d7e "HTTP/1.1 200 OK"
2025-08-21 17:51:26,651 [INFO] HTTP Request: POST https://yolo-soft-daylight.solana-mainnet.quiknode.pro/057ff3aa7f3e3d9633e475e6de4f8e148ceb4d7e "HTTP/1.1 200 OK"
2025-08-21 17:51:32,667 [INFO] HTTP Request: POST https://yolo-soft-daylight.solana-mainnet.quiknode.pro/057ff3aa7f3e3d9633e475e6de4f8e148ceb4d7e "HTTP/1.1 200 OK"
2025-08-21 17:51:33,946 [INFO] HTTP Request: POST https://yolo-soft-daylight.solana-mainnet.quiknode.pro/057ff3aa7f3e3d9633e475e6de4f8e148ceb4d7e "HTTP/1.1 200 OK"
2025-08-21 17:51:35,189 [INFO] HTTP Request: POST https://yolo-soft-daylight.solana-mainnet.quiknode.pro/057ff3aa7f3e3d9633e475e6de4f8e148ceb4d7e "HTTP/1.1 200 OK"
2025-08-21 17:51:41,184 [INFO] HTTP Request: POST https://yolo-soft-daylight.solana-mainnet.quiknode.pro/057ff3aa7f3e3d9633e475e6de4f8e148ceb4d7e "HTTP/1.1 200 OK"
2025-08-21 17:51:42,408 [INFO] HTTP Request: POST https://yolo-soft-daylight.solana-mainnet.quiknode.pro/057ff3aa7f3e3d9633e475e6de4f8e148ceb4d7e "HTTP/1.1 200 OK"
2025-08-21 17:51:43,681 [INFO] HTTP Request: POST https://yolo-soft-daylight.solana-mainnet.quiknode.pro/057ff3aa7f3e3d9633e475e6de4f8e148ceb4d7e "HTTP/1.1 200 OK"
2025-08-21 17:51:49,780 [INFO] HTTP Request: POST https://yolo-soft-daylight.solana-mainnet.quiknode.pro/057ff3aa7f3e3d9633e475e6de4f8e148ceb4d7e "HTTP/1.1 200 OK"
2025-08-21 17:51:51,250 [INFO] HTTP Request: POST https://yolo-soft-daylight.solana-mainnet.quiknode.pro/057ff3aa7f3e3d9633e475e6de4f8e148ceb4d7e "HTTP/1.1 200 OK"
2025-08-21 17:51:52,638 [INFO] HTTP Request: POST https://yolo-soft-daylight.solana-mainnet.quiknode.pro/057ff3aa7f3e3d9633e475e6de4f8e148ceb4d7e "HTTP/1.1 200 OK"
2025-08-21 17:51:58,742 [INFO] HTTP Request: POST https://yolo-soft-daylight.solana-mainnet.quiknode.pro/057ff3aa7f3e3d9633e475e6de4f8e148ceb4d7e "HTTP/1.1 200 OK"
2025-08-21 17:52:00,007 [INFO] HTTP Request: POST https://yolo-soft-daylight.solana-mainnet.quiknode.pro/057ff3aa7f3e3d9633e475e6de4f8e148ceb4d7e "HTTP/1.1 200 OK"
2025-08-21 17:52:01,298 [INFO] HTTP Request: POST https://yolo-soft-daylight.solana-mainnet.quiknode.pro/057ff3aa7f3e3d9633e475e6de4f8e148ceb4d7e "HTTP/1.1 200 OK"
2025-08-21 17:52:07,373 [INFO] HTTP Request: POST https://yolo-soft-daylight.solana-mainnet.quiknode.pro/057ff3aa7f3e3d9633e475e6de4f8e148ceb4d7e "HTTP/1.1 200 OK"
2025-08-21 17:52:08,607 [INFO] HTTP Request: POST https://yolo-soft-daylight.solana-mainnet.quiknode.pro/057ff3aa7f3e3d9633e475e6de4f8e148ceb4d7e "HTTP/1.1 200 OK"
2025-08-21 17:52:09,955 [INFO] HTTP Request: POST https://yolo-soft-daylight.solana-mainnet.quiknode.pro/057ff3aa7f3e3d9633e475e6de4f8e148ceb4d7e "HTTP/1.1 200 OK"
2025-08-21 17:52:15,993 [INFO] HTTP Request: POST https://yolo-soft-daylight.solana-mainnet.quiknode.pro/057ff3aa7f3e3d9633e475e6de4f8e148ceb4d7e "HTTP/1.1 200 OK"
2025-08-21 17:52:17,258 [INFO] HTTP Request: POST https://yolo-soft-daylight.solana-mainnet.quiknode.pro/057ff3aa7f3e3d9633e475e6de4f8e148ceb4d7e "HTTP/1.1 200 OK"
2025-08-21 17:52:18,520 [INFO] HTTP Request: POST https://yolo-soft-daylight.solana-mainnet.quiknode.pro/057ff3aa7f3e3d9633e475e6de4f8e148ceb4d7e "HTTP/1.1 200 OK"
2025-08-21 17:52:24,512 [INFO] HTTP Request: POST https://yolo-soft-daylight.solana-mainnet.quiknode.pro/057ff3aa7f3e3d9633e475e6de4f8e148ceb4d7e "HTTP/1.1 200 OK"
2025-08-21 17:52:25,728 [INFO] HTTP Request: POST https://yolo-soft-daylight.solana-mainnet.quiknode.pro/057ff3aa7f3e3d9633e475e6de4f8e148ceb4d7e "HTTP/1.1 200 OK"
2025-08-21 17:52:26,978 [INFO] HTTP Request: POST https://yolo-soft-daylight.solana-mainnet.quiknode.pro/057ff3aa7f3e3d9633e475e6de4f8e148ceb4d7e "HTTP/1.1 200 OK"
2025-08-21 17:52:32,948 [INFO] HTTP Request: POST https://yolo-soft-daylight.solana-mainnet.quiknode.pro/057ff3aa7f3e3d9633e475e6de4f8e148ceb4d7e "HTTP/1.1 200 OK"
2025-08-21 17:52:34,181 [INFO] HTTP Request: POST https://yolo-soft-daylight.solana-mainnet.quiknode.pro/057ff3aa7f3e3d9633e475e6de4f8e148ceb4d7e "HTTP/1.1 200 OK"
2025-08-21 17:52:35,388 [INFO] HTTP Request: POST https://yolo-soft-daylight.solana-mainnet.quiknode.pro/057ff3aa7f3e3d9633e475e6de4f8e148ceb4d7e "HTTP/1.1 200 OK"
2025-08-21 17:52:41,499 [INFO] HTTP Request: POST https://yolo-soft-daylight.solana-mainnet.quiknode.pro/057ff3aa7f3e3d9633e475e6de4f8e148ceb4d7e "HTTP/1.1 200 OK"
2025-08-21 17:52:42,766 [INFO] HTTP Request: POST https://yolo-soft-daylight.solana-mainnet.quiknode.pro/057ff3aa7f3e3d9633e475e6de4f8e148ceb4d7e "HTTP/1.1 200 OK"
2025-08-21 17:52:44,027 [INFO] HTTP Request: POST https://yolo-soft-daylight.solana-mainnet.quiknode.pro/057ff3aa7f3e3d9633e475e6de4f8e148ceb4d7e "HTTP/1.1 200 OK"
2025-08-21 17:52:50,104 [INFO] HTTP Request: POST https://yolo-soft-daylight.solana-mainnet.quiknode.pro/057ff3aa7f3e3d9633e475e6de4f8e148ceb4d7e "HTTP/1.1 200 OK"
2025-08-21 17:52:51,371 [INFO] HTTP Request: POST https://yolo-soft-daylight.solana-mainnet.quiknode.pro/057ff3aa7f3e3d9633e475e6de4f8e148ceb4d7e "HTTP/1.1 200 OK"
2025-08-21 17:52:52,672 [INFO] HTTP Request: POST https://yolo-soft-daylight.solana-mainnet.quiknode.pro/057ff3aa7f3e3d9633e475e6de4f8e148ceb4d7e "HTTP/1.1 200 OK"
2025-08-21 17:52:58,776 [INFO] HTTP Request: POST https://yolo-soft-daylight.solana-mainnet.quiknode.pro/057ff3aa7f3e3d9633e475e6de4f8e148ceb4d7e "HTTP/1.1 200 OK"
2025-08-21 17:53:00,029 [INFO] HTTP Request: POST https://yolo-soft-daylight.solana-mainnet.quiknode.pro/057ff3aa7f3e3d9633e475e6de4f8e148ceb4d7e "HTTP/1.1 200 OK"
2025-08-21 17:53:01,320 [INFO] HTTP Request: POST https://yolo-soft-daylight.solana-mainnet.quiknode.pro/057ff3aa7f3e3d9633e475e6de4f8e148ceb4d7e "HTTP/1.1 200 OK"
2025-08-21 17:53:07,443 [INFO] HTTP Request: POST https://yolo-soft-daylight.solana-mainnet.quiknode.pro/057ff3aa7f3e3d9633e475e6de4f8e148ceb4d7e "HTTP/1.1 200 OK"
2025-08-21 17:53:08,671 [INFO] HTTP Request: POST https://yolo-soft-daylight.solana-mainnet.quiknode.pro/057ff3aa7f3e3d9633e475e6de4f8e148ceb4d7e "HTTP/1.1 200 OK"
2025-08-21 17:53:10,093 [INFO] HTTP Request: POST https://yolo-soft-daylight.solana-mainnet.quiknode.pro/057ff3aa7f3e3d9633e475e6de4f8e148ceb4d7e "HTTP/1.1 200 OK"
2025-08-21 17:53:16,162 [INFO] HTTP Request: POST https://yolo-soft-daylight.solana-mainnet.quiknode.pro/057ff3aa7f3e3d9633e475e6de4f8e148ceb4d7e "HTTP/1.1 200 OK"
2025-08-21 17:53:17,443 [INFO] HTTP Request: POST https://yolo-soft-daylight.solana-mainnet.quiknode.pro/057ff3aa7f3e3d9633e475e6de4f8e148ceb4d7e "HTTP/1.1 200 OK"
2025-08-21 17:53:18,693 [INFO] HTTP Request: POST https://yolo-soft-daylight.solana-mainnet.quiknode.pro/057ff3aa7f3e3d9633e475e6de4f8e148ceb4d7e "HTTP/1.1 200 OK"
2025-08-21 17:53:24,755 [INFO] HTTP Request: POST https://yolo-soft-daylight.solana-mainnet.quiknode.pro/057ff3aa7f3e3d9633e475e6de4f8e148ceb4d7e "HTTP/1.1 200 OK"
2025-08-21 17:53:26,066 [INFO] HTTP Request: POST https://yolo-soft-daylight.solana-mainnet.quiknode.pro/057ff3aa7f3e3d9633e475e6de4f8e148ceb4d7e "HTTP/1.1 200 OK"
2025-08-21 17:53:27,376 [INFO] HTTP Request: POST https://yolo-soft-daylight.solana-mainnet.quiknode.pro/057ff3aa7f3e3d9633e475e6de4f8e148ceb4d7e "HTTP/1.1 200 OK"
2025-08-21 17:53:33,403 [INFO] HTTP Request: POST https://yolo-soft-daylight.solana-mainnet.quiknode.pro/057ff3aa7f3e3d9633e475e6de4f8e148ceb4d7e "HTTP/1.1 200 OK"
2025-08-21 17:53:34,634 [INFO] HTTP Request: POST https://yolo-soft-daylight.solana-mainnet.quiknode.pro/057ff3aa7f3e3d9633e475e6de4f8e148ceb4d7e "HTTP/1.1 200 OK"
2025-08-21 17:53:35,935 [INFO] HTTP Request: POST https://yolo-soft-daylight.solana-mainnet.quiknode.pro/057ff3aa7f3e3d9633e475e6de4f8e148ceb4d7e "HTTP/1.1 200 OK"
2025-08-21 17:53:41,998 [INFO] HTTP Request: POST https://yolo-soft-daylight.solana-mainnet.quiknode.pro/057ff3aa7f3e3d9633e475e6de4f8e148ceb4d7e "HTTP/1.1 200 OK"
2025-08-21 17:53:43,217 [INFO] HTTP Request: POST https://yolo-soft-daylight.solana-mainnet.quiknode.pro/057ff3aa7f3e3d9633e475e6de4f8e148ceb4d7e "HTTP/1.1 200 OK"
2025-08-21 17:53:44,417 [INFO] HTTP Request: POST https://yolo-soft-daylight.solana-mainnet.quiknode.pro/057ff3aa7f3e3d9633e475e6de4f8e148ceb4d7e "HTTP/1.1 200 OK"
2025-08-21 17:53:50,385 [INFO] HTTP Request: POST https://yolo-soft-daylight.solana-mainnet.quiknode.pro/057ff3aa7f3e3d9633e475e6de4f8e148ceb4d7e "HTTP/1.1 200 OK"
2025-08-21 17:53:51,629 [INFO] HTTP Request: POST https://yolo-soft-daylight.solana-mainnet.quiknode.pro/057ff3aa7f3e3d9633e475e6de4f8e148ceb4d7e "HTTP/1.1 200 OK"
2025-08-21 17:53:52,882 [INFO] HTTP Request: POST https://yolo-soft-daylight.solana-mainnet.quiknode.pro/057ff3aa7f3e3d9633e475e6de4f8e148ceb4d7e "HTTP/1.1 200 OK"
2025-08-21 17:53:58,918 [INFO] HTTP Request: POST https://yolo-soft-daylight.solana-mainnet.quiknode.pro/057ff3aa7f3e3d9633e475e6de4f8e148ceb4d7e "HTTP/1.1 200 OK"
2025-08-21 17:54:00,593 [INFO] HTTP Request: POST https://yolo-soft-daylight.solana-mainnet.quiknode.pro/057ff3aa7f3e3d9633e475e6de4f8e148ceb4d7e "HTTP/1.1 200 OK"
2025-08-21 17:54:01,846 [INFO] HTTP Request: POST https://yolo-soft-daylight.solana-mainnet.quiknode.pro/057ff3aa7f3e3d9633e475e6de4f8e148ceb4d7e "HTTP/1.1 200 OK"
2025-08-21 17:54:07,879 [INFO] HTTP Request: POST https://yolo-soft-daylight.solana-mainnet.quiknode.pro/057ff3aa7f3e3d9633e475e6de4f8e148ceb4d7e "HTTP/1.1 200 OK"
2025-08-21 17:54:09,130 [INFO] HTTP Request: POST https://yolo-soft-daylight.solana-mainnet.quiknode.pro/057ff3aa7f3e3d9633e475e6de4f8e148ceb4d7e "HTTP/1.1 200 OK"
2025-08-21 17:54:10,738 [INFO] HTTP Request: POST https://yolo-soft-daylight.solana-mainnet.quiknode.pro/057ff3aa7f3e3d9633e475e6de4f8e148ceb4d7e "HTTP/1.1 200 OK"
2025-08-21 17:54:16,762 [INFO] HTTP Request: POST https://yolo-soft-daylight.solana-mainnet.quiknode.pro/057ff3aa7f3e3d9633e475e6de4f8e148ceb4d7e "HTTP/1.1 200 OK"
2025-08-21 17:54:18,213 [INFO] HTTP Request: POST https://yolo-soft-daylight.solana-mainnet.quiknode.pro/057ff3aa7f3e3d9633e475e6de4f8e148ceb4d7e "HTTP/1.1 200 OK"
2025-08-21 17:54:19,561 [INFO] HTTP Request: POST https://yolo-soft-daylight.solana-mainnet.quiknode.pro/057ff3aa7f3e3d9633e475e6de4f8e148ceb4d7e "HTTP/1.1 200 OK"
2025-08-21 17:54:25,570 [INFO] HTTP Request: POST https://yolo-soft-daylight.solana-mainnet.quiknode.pro/057ff3aa7f3e3d9633e475e6de4f8e148ceb4d7e "HTTP/1.1 200 OK"
2025-08-21 17:54:26,813 [INFO] HTTP Request: POST https://yolo-soft-daylight.solana-mainnet.quiknode.pro/057ff3aa7f3e3d9633e475e6de4f8e148ceb4d7e "HTTP/1.1 200 OK"
2025-08-21 17:54:28,034 [INFO] HTTP Request: POST https://yolo-soft-daylight.solana-mainnet.quiknode.pro/057ff3aa7f3e3d9633e475e6de4f8e148ceb4d7e "HTTP/1.1 200 OK"
2025-08-21 17:54:34,030 [INFO] HTTP Request: POST https://yolo-soft-daylight.solana-mainnet.quiknode.pro/057ff3aa7f3e3d9633e475e6de4f8e148ceb4d7e "HTTP/1.1 200 OK"
2025-08-21 17:54:35,242 [INFO] HTTP Request: POST https://yolo-soft-daylight.solana-mainnet.quiknode.pro/057ff3aa7f3e3d9633e475e6de4f8e148ceb4d7e "HTTP/1.1 200 OK"
2025-08-21 17:54:36,606 [INFO] HTTP Request: POST https://yolo-soft-daylight.solana-mainnet.quiknode.pro/057ff3aa7f3e3d9633e475e6de4f8e148ceb4d7e "HTTP/1.1 200 OK"
2025-08-21 17:54:42,623 [INFO] HTTP Request: POST https://yolo-soft-daylight.solana-mainnet.quiknode.pro/057ff3aa7f3e3d9633e475e6de4f8e148ceb4d7e "HTTP/1.1 200 OK"
2025-08-21 17:54:43,855 [INFO] HTTP Request: POST https://yolo-soft-daylight.solana-mainnet.quiknode.pro/057ff3aa7f3e3d9633e475e6de4f8e148ceb4d7e "HTTP/1.1 200 OK"
2025-08-21 17:54:45,039 [INFO] HTTP Request: POST https://yolo-soft-daylight.solana-mainnet.quiknode.pro/057ff3aa7f3e3d9633e475e6de4f8e148ceb4d7e "HTTP/1.1 200 OK"
2025-08-21 17:54:51,052 [INFO] HTTP Request: POST https://yolo-soft-daylight.solana-mainnet.quiknode.pro/057ff3aa7f3e3d9633e475e6de4f8e148ceb4d7e "HTTP/1.1 200 OK"
2025-08-21 17:54:52,324 [INFO] HTTP Request: POST https://yolo-soft-daylight.solana-mainnet.quiknode.pro/057ff3aa7f3e3d9633e475e6de4f8e148ceb4d7e "HTTP/1.1 200 OK"
2025-08-21 17:54:53,544 [INFO] HTTP Request: POST https://yolo-soft-daylight.solana-mainnet.quiknode.pro/057ff3aa7f3e3d9633e475e6de4f8e148ceb4d7e "HTTP/1.1 200 OK"
2025-08-21 17:54:59,592 [INFO] HTTP Request: POST https://yolo-soft-daylight.solana-mainnet.quiknode.pro/057ff3aa7f3e3d9633e475e6de4f8e148ceb4d7e "HTTP/1.1 200 OK"
2025-08-21 17:55:00,815 [INFO] HTTP Request: POST https://yolo-soft-daylight.solana-mainnet.quiknode.pro/057ff3aa7f3e3d9633e475e6de4f8e148ceb4d7e "HTTP/1.1 200 OK"
2025-08-21 17:55:02,030 [INFO] HTTP Request: POST https://yolo-soft-daylight.solana-mainnet.quiknode.pro/057ff3aa7f3e3d9633e475e6de4f8e148ceb4d7e "HTTP/1.1 200 OK"
2025-08-21 17:55:08,128 [INFO] HTTP Request: POST https://yolo-soft-daylight.solana-mainnet.quiknode.pro/057ff3aa7f3e3d9633e475e6de4f8e148ceb4d7e "HTTP/1.1 200 OK"
2025-08-21 17:55:09,424 [INFO] HTTP Request: POST https://yolo-soft-daylight.solana-mainnet.quiknode.pro/057ff3aa7f3e3d9633e475e6de4f8e148ceb4d7e "HTTP/1.1 200 OK"
2025-08-21 17:55:10,732 [INFO] HTTP Request: POST https://yolo-soft-daylight.solana-mainnet.quiknode.pro/057ff3aa7f3e3d9633e475e6de4f8e148ceb4d7e "HTTP/1.1 200 OK"
2025-08-21 17:55:16,997 [INFO] HTTP Request: POST https://yolo-soft-daylight.solana-mainnet.quiknode.pro/057ff3aa7f3e3d9633e475e6de4f8e148ceb4d7e "HTTP/1.1 200 OK"
2025-08-21 17:55:18,289 [INFO] HTTP Request: POST https://yolo-soft-daylight.solana-mainnet.quiknode.pro/057ff3aa7f3e3d9633e475e6de4f8e148ceb4d7e "HTTP/1.1 200 OK"
2025-08-21 17:55:19,715 [INFO] HTTP Request: POST https://yolo-soft-daylight.solana-mainnet.quiknode.pro/057ff3aa7f3e3d9633e475e6de4f8e148ceb4d7e "HTTP/1.1 200 OK"
2025-08-21 17:55:25,704 [INFO] HTTP Request: POST https://yolo-soft-daylight.solana-mainnet.quiknode.pro/057ff3aa7f3e3d9633e475e6de4f8e148ceb4d7e "HTTP/1.1 200 OK"
2025-08-21 17:55:26,934 [INFO] HTTP Request: POST https://yolo-soft-daylight.solana-mainnet.quiknode.pro/057ff3aa7f3e3d9633e475e6de4f8e148ceb4d7e "HTTP/1.1 200 OK"
2025-08-21 17:55:28,205 [INFO] HTTP Request: POST https://yolo-soft-daylight.solana-mainnet.quiknode.pro/057ff3aa7f3e3d9633e475e6de4f8e148ceb4d7e "HTTP/1.1 200 OK"
2025-08-21 17:55:34,239 [INFO] HTTP Request: POST https://yolo-soft-daylight.solana-mainnet.quiknode.pro/057ff3aa7f3e3d9633e475e6de4f8e148ceb4d7e "HTTP/1.1 200 OK"
2025-08-21 17:55:35,471 [INFO] HTTP Request: POST https://yolo-soft-daylight.solana-mainnet.quiknode.pro/057ff3aa7f3e3d9633e475e6de4f8e148ceb4d7e "HTTP/1.1 200 OK"
2025-08-21 17:55:36,724 [INFO] HTTP Request: POST https://yolo-soft-daylight.solana-mainnet.quiknode.pro/057ff3aa7f3e3d9633e475e6de4f8e148ceb4d7e "HTTP/1.1 200 OK"
2025-08-21 17:55:42,713 [INFO] HTTP Request: POST https://yolo-soft-daylight.solana-mainnet.quiknode.pro/057ff3aa7f3e3d9633e475e6de4f8e148ceb4d7e "HTTP/1.1 200 OK"
2025-08-21 17:55:43,975 [INFO] HTTP Request: POST https://yolo-soft-daylight.solana-mainnet.quiknode.pro/057ff3aa7f3e3d9633e475e6de4f8e148ceb4d7e "HTTP/1.1 200 OK"
2025-08-21 17:55:45,213 [INFO] HTTP Request: POST https://yolo-soft-daylight.solana-mainnet.quiknode.pro/057ff3aa7f3e3d9633e475e6de4f8e148ceb4d7e "HTTP/1.1 200 OK"
2025-08-21 17:55:51,505 [INFO] HTTP Request: POST https://yolo-soft-daylight.solana-mainnet.quiknode.pro/057ff3aa7f3e3d9633e475e6de4f8e148ceb4d7e "HTTP/1.1 200 OK"
2025-08-21 17:55:52,953 [INFO] HTTP Request: POST https://yolo-soft-daylight.solana-mainnet.quiknode.pro/057ff3aa7f3e3d9633e475e6de4f8e148ceb4d7e "HTTP/1.1 200 OK"
2025-08-21 17:55:54,353 [INFO] HTTP Request: POST https://yolo-soft-daylight.solana-mainnet.quiknode.pro/057ff3aa7f3e3d9633e475e6de4f8e148ceb4d7e "HTTP/1.1 200 OK"
2025-08-21 17:56:00,431 [INFO] HTTP Request: POST https://yolo-soft-daylight.solana-mainnet.quiknode.pro/057ff3aa7f3e3d9633e475e6de4f8e148ceb4d7e "HTTP/1.1 200 OK"
2025-08-21 17:56:01,710 [INFO] HTTP Request: POST https://yolo-soft-daylight.solana-mainnet.quiknode.pro/057ff3aa7f3e3d9633e475e6de4f8e148ceb4d7e "HTTP/1.1 200 OK"
2025-08-21 17:56:03,028 [INFO] HTTP Request: POST https://yolo-soft-daylight.solana-mainnet.quiknode.pro/057ff3aa7f3e3d9633e475e6de4f8e148ceb4d7e "HTTP/1.1 200 OK"
2025-08-21 17:56:09,234 [INFO] HTTP Request: POST https://yolo-soft-daylight.solana-mainnet.quiknode.pro/057ff3aa7f3e3d9633e475e6de4f8e148ceb4d7e "HTTP/1.1 200 OK"
2025-08-21 17:56:10,497 [INFO] HTTP Request: POST https://yolo-soft-daylight.solana-mainnet.quiknode.pro/057ff3aa7f3e3d9633e475e6de4f8e148ceb4d7e "HTTP/1.1 200 OK"
2025-08-21 17:56:11,746 [INFO] HTTP Request: POST https://yolo-soft-daylight.solana-mainnet.quiknode.pro/057ff3aa7f3e3d9633e475e6de4f8e148ceb4d7e "HTTP/1.1 200 OK"
2025-08-21 17:56:18,096 [INFO] HTTP Request: POST https://yolo-soft-daylight.solana-mainnet.quiknode.pro/057ff3aa7f3e3d9633e475e6de4f8e148ceb4d7e "HTTP/1.1 200 OK"
2025-08-21 17:56:19,406 [INFO] HTTP Request: POST https://yolo-soft-daylight.solana-mainnet.quiknode.pro/057ff3aa7f3e3d9633e475e6de4f8e148ceb4d7e "HTTP/1.1 200 OK"
2025-08-21 17:56:20,709 [INFO] HTTP Request: POST https://yolo-soft-daylight.solana-mainnet.quiknode.pro/057ff3aa7f3e3d9633e475e6de4f8e148ceb4d7e "HTTP/1.1 200 OK"
2025-08-21 17:56:26,767 [INFO] HTTP Request: POST https://yolo-soft-daylight.solana-mainnet.quiknode.pro/057ff3aa7f3e3d9633e475e6de4f8e148ceb4d7e "HTTP/1.1 200 OK"
2025-08-21 17:56:28,066 [INFO] HTTP Request: POST https://yolo-soft-daylight.solana-mainnet.quiknode.pro/057ff3aa7f3e3d9633e475e6de4f8e148ceb4d7e "HTTP/1.1 200 OK"
2025-08-21 17:56:29,396 [INFO] HTTP Request: POST https://yolo-soft-daylight.solana-mainnet.quiknode.pro/057ff3aa7f3e3d9633e475e6de4f8e148ceb4d7e "HTTP/1.1 200 OK"
2025-08-21 17:56:35,717 [INFO] HTTP Request: POST https://yolo-soft-daylight.solana-mainnet.quiknode.pro/057ff3aa7f3e3d9633e475e6de4f8e148ceb4d7e "HTTP/1.1 200 OK"
2025-08-21 17:56:37,005 [INFO] HTTP Request: POST https://yolo-soft-daylight.solana-mainnet.quiknode.pro/057ff3aa7f3e3d9633e475e6de4f8e148ceb4d7e "HTTP/1.1 200 OK"
2025-08-21 17:56:38,329 [INFO] HTTP Request: POST https://yolo-soft-daylight.solana-mainnet.quiknode.pro/057ff3aa7f3e3d9633e475e6de4f8e148ceb4d7e "HTTP/1.1 200 OK"
2025-08-21 17:56:44,497 [INFO] HTTP Request: POST https://yolo-soft-daylight.solana-mainnet.quiknode.pro/057ff3aa7f3e3d9633e475e6de4f8e148ceb4d7e "HTTP/1.1 200 OK"
2025-08-21 17:56:45,978 [INFO] HTTP Request: POST https://yolo-soft-daylight.solana-mainnet.quiknode.pro/057ff3aa7f3e3d9633e475e6de4f8e148ceb4d7e "HTTP/1.1 200 OK"
2025-08-21 17:56:47,289 [INFO] HTTP Request: POST https://yolo-soft-daylight.solana-mainnet.quiknode.pro/057ff3aa7f3e3d9633e475e6de4f8e148ceb4d7e "HTTP/1.1 200 OK"
2025-08-21 17:56:53,398 [INFO] HTTP Request: POST https://yolo-soft-daylight.solana-mainnet.quiknode.pro/057ff3aa7f3e3d9633e475e6de4f8e148ceb4d7e "HTTP/1.1 200 OK"
2025-08-21 17:56:54,801 [INFO] HTTP Request: POST https://yolo-soft-daylight.solana-mainnet.quiknode.pro/057ff3aa7f3e3d9633e475e6de4f8e148ceb4d7e "HTTP/1.1 200 OK"
2025-08-21 17:56:56,158 [INFO] HTTP Request: POST https://yolo-soft-daylight.solana-mainnet.quiknode.pro/057ff3aa7f3e3d9633e475e6de4f8e148ceb4d7e "HTTP/1.1 200 OK"
2025-08-21 17:57:02,346 [INFO] HTTP Request: POST https://yolo-soft-daylight.solana-mainnet.quiknode.pro/057ff3aa7f3e3d9633e475e6de4f8e148ceb4d7e "HTTP/1.1 200 OK"
2025-08-21 17:57:03,694 [INFO] HTTP Request: POST https://yolo-soft-daylight.solana-mainnet.quiknode.pro/057ff3aa7f3e3d9633e475e6de4f8e148ceb4d7e "HTTP/1.1 200 OK"
2025-08-21 17:57:05,059 [INFO] HTTP Request: POST https://yolo-soft-daylight.solana-mainnet.quiknode.pro/057ff3aa7f3e3d9633e475e6de4f8e148ceb4d7e "HTTP/1.1 200 OK"
2025-08-21 17:57:11,212 [INFO] HTTP Request: POST https://yolo-soft-daylight.solana-mainnet.quiknode.pro/057ff3aa7f3e3d9633e475e6de4f8e148ceb4d7e "HTTP/1.1 200 OK"
2025-08-21 17:57:12,481 [INFO] HTTP Request: POST https://yolo-soft-daylight.solana-mainnet.quiknode.pro/057ff3aa7f3e3d9633e475e6de4f8e148ceb4d7e "HTTP/1.1 200 OK"
2025-08-21 17:57:13,835 [INFO] HTTP Request: POST https://yolo-soft-daylight.solana-mainnet.quiknode.pro/057ff3aa7f3e3d9633e475e6de4f8e148ceb4d7e "HTTP/1.1 200 OK"
2025-08-21 17:57:20,407 [INFO] HTTP Request: POST https://yolo-soft-daylight.solana-mainnet.quiknode.pro/057ff3aa7f3e3d9633e475e6de4f8e148ceb4d7e "HTTP/1.1 200 OK"
2025-08-21 17:57:21,755 [INFO] HTTP Request: POST https://yolo-soft-daylight.solana-mainnet.quiknode.pro/057ff3aa7f3e3d9633e475e6de4f8e148ceb4d7e "HTTP/1.1 200 OK"
2025-08-21 17:57:23,112 [INFO] HTTP Request: POST https://yolo-soft-daylight.solana-mainnet.quiknode.pro/057ff3aa7f3e3d9633e475e6de4f8e148ceb4d7e "HTTP/1.1 200 OK"
2025-08-21 17:57:29,298 [INFO] HTTP Request: POST https://yolo-soft-daylight.solana-mainnet.quiknode.pro/057ff3aa7f3e3d9633e475e6de4f8e148ceb4d7e "HTTP/1.1 200 OK"
2025-08-21 17:57:30,614 [INFO] HTTP Request: POST https://yolo-soft-daylight.solana-mainnet.quiknode.pro/057ff3aa7f3e3d9633e475e6de4f8e148ceb4d7e "HTTP/1.1 200 OK"
2025-08-21 17:57:31,884 [INFO] HTTP Request: POST https://yolo-soft-daylight.solana-mainnet.quiknode.pro/057ff3aa7f3e3d9633e475e6de4f8e148ceb4d7e "HTTP/1.1 200 OK"
2025-08-21 17:57:38,008 [INFO] HTTP Request: POST https://yolo-soft-daylight.solana-mainnet.quiknode.pro/057ff3aa7f3e3d9633e475e6de4f8e148ceb4d7e "HTTP/1.1 200 OK"
2025-08-21 17:57:39,262 [INFO] HTTP Request: POST https://yolo-soft-daylight.solana-mainnet.quiknode.pro/057ff3aa7f3e3d9633e475e6de4f8e148ceb4d7e "HTTP/1.1 200 OK"
2025-08-21 17:57:40,619 [INFO] HTTP Request: POST https://yolo-soft-daylight.solana-mainnet.quiknode.pro/057ff3aa7f3e3d9633e475e6de4f8e148ceb4d7e "HTTP/1.1 200 OK"
2025-08-21 17:57:46,650 [INFO] HTTP Request: POST https://yolo-soft-daylight.solana-mainnet.quiknode.pro/057ff3aa7f3e3d9633e475e6de4f8e148ceb4d7e "HTTP/1.1 200 OK"
2025-08-21 17:57:47,907 [INFO] HTTP Request: POST https://yolo-soft-daylight.solana-mainnet.quiknode.pro/057ff3aa7f3e3d9633e475e6de4f8e148ceb4d7e "HTTP/1.1 200 OK"
2025-08-21 17:57:49,483 [INFO] HTTP Request: POST https://yolo-soft-daylight.solana-mainnet.quiknode.pro/057ff3aa7f3e3d9633e475e6de4f8e148ceb4d7e "HTTP/1.1 200 OK"
2025-08-21 17:57:55,537 [INFO] HTTP Request: POST https://yolo-soft-daylight.solana-mainnet.quiknode.pro/057ff3aa7f3e3d9633e475e6de4f8e148ceb4d7e "HTTP/1.1 200 OK"
2025-08-21 17:57:56,815 [INFO] HTTP Request: POST https://yolo-soft-daylight.solana-mainnet.quiknode.pro/057ff3aa7f3e3d9633e475e6de4f8e148ceb4d7e "HTTP/1.1 200 OK"
2025-08-21 17:57:58,130 [INFO] HTTP Request: POST https://yolo-soft-daylight.solana-mainnet.quiknode.pro/057ff3aa7f3e3d9633e475e6de4f8e148ceb4d7e "HTTP/1.1 200 OK"
2025-08-21 17:58:04,383 [INFO] HTTP Request: POST https://yolo-soft-daylight.solana-mainnet.quiknode.pro/057ff3aa7f3e3d9633e475e6de4f8e148ceb4d7e "HTTP/1.1 200 OK"
2025-08-21 17:58:05,798 [INFO] HTTP Request: POST https://yolo-soft-daylight.solana-mainnet.quiknode.pro/057ff3aa7f3e3d9633e475e6de4f8e148ceb4d7e "HTTP/1.1 200 OK"
2025-08-21 17:58:07,262 [INFO] HTTP Request: POST https://yolo-soft-daylight.solana-mainnet.quiknode.pro/057ff3aa7f3e3d9633e475e6de4f8e148ceb4d7e "HTTP/1.1 200 OK"
2025-08-21 17:58:13,317 [INFO] HTTP Request: POST https://yolo-soft-daylight.solana-mainnet.quiknode.pro/057ff3aa7f3e3d9633e475e6de4f8e148ceb4d7e "HTTP/1.1 200 OK"
2025-08-21 17:58:14,659 [INFO] HTTP Request: POST https://yolo-soft-daylight.solana-mainnet.quiknode.pro/057ff3aa7f3e3d9633e475e6de4f8e148ceb4d7e "HTTP/1.1 200 OK"
2025-08-21 17:58:16,010 [INFO] HTTP Request: POST https://yolo-soft-daylight.solana-mainnet.quiknode.pro/057ff3aa7f3e3d9633e475e6de4f8e148ceb4d7e "HTTP/1.1 200 OK"
2025-08-21 17:58:22,234 [INFO] HTTP Request: POST https://yolo-soft-daylight.solana-mainnet.quiknode.pro/057ff3aa7f3e3d9633e475e6de4f8e148ceb4d7e "HTTP/1.1 200 OK"
2025-08-21 17:58:23,741 [INFO] HTTP Request: POST https://yolo-soft-daylight.solana-mainnet.quiknode.pro/057ff3aa7f3e3d9633e475e6de4f8e148ceb4d7e "HTTP/1.1 200 OK"
2025-08-21 17:58:25,182 [INFO] HTTP Request: POST https://yolo-soft-daylight.solana-mainnet.quiknode.pro/057ff3aa7f3e3d9633e475e6de4f8e148ceb4d7e "HTTP/1.1 200 OK"
2025-08-21 17:58:31,339 [INFO] HTTP Request: POST https://yolo-soft-daylight.solana-mainnet.quiknode.pro/057ff3aa7f3e3d9633e475e6de4f8e148ceb4d7e "HTTP/1.1 200 OK"
2025-08-21 17:58:32,696 [INFO] HTTP Request: POST https://yolo-soft-daylight.solana-mainnet.quiknode.pro/057ff3aa7f3e3d9633e475e6de4f8e148ceb4d7e "HTTP/1.1 200 OK"
2025-08-21 17:58:33,933 [INFO] HTTP Request: POST https://yolo-soft-daylight.solana-mainnet.quiknode.pro/057ff3aa7f3e3d9633e475e6de4f8e148ceb4d7e "HTTP/1.1 200 OK"
2025-08-21 17:58:40,020 [INFO] HTTP Request: POST https://yolo-soft-daylight.solana-mainnet.quiknode.pro/057ff3aa7f3e3d9633e475e6de4f8e148ceb4d7e "HTTP/1.1 200 OK"
2025-08-21 17:58:41,954 [INFO] HTTP Request: POST https://yolo-soft-daylight.solana-mainnet.quiknode.pro/057ff3aa7f3e3d9633e475e6de4f8e148ceb4d7e "HTTP/1.1 200 OK"
2025-08-21 17:58:43,304 [INFO] HTTP Request: POST https://yolo-soft-daylight.solana-mainnet.quiknode.pro/057ff3aa7f3e3d9633e475e6de4f8e148ceb4d7e "HTTP/1.1 200 OK"
2025-08-21 17:58:49,422 [INFO] HTTP Request: POST https://yolo-soft-daylight.solana-mainnet.quiknode.pro/057ff3aa7f3e3d9633e475e6de4f8e148ceb4d7e "HTTP/1.1 200 OK"
2025-08-21 17:58:50,747 [INFO] HTTP Request: POST https://yolo-soft-daylight.solana-mainnet.quiknode.pro/057ff3aa7f3e3d9633e475e6de4f8e148ceb4d7e "HTTP/1.1 200 OK"
2025-08-21 17:58:52,068 [INFO] HTTP Request: POST https://yolo-soft-daylight.solana-mainnet.quiknode.pro/057ff3aa7f3e3d9633e475e6de4f8e148ceb4d7e "HTTP/1.1 200 OK"
2025-08-21 17:58:58,154 [INFO] HTTP Request: POST https://yolo-soft-daylight.solana-mainnet.quiknode.pro/057ff3aa7f3e3d9633e475e6de4f8e148ceb4d7e "HTTP/1.1 200 OK"
2025-08-21 17:58:59,412 [INFO] HTTP Request: POST https://yolo-soft-daylight.solana-mainnet.quiknode.pro/057ff3aa7f3e3d9633e475e6de4f8e148ceb4d7e "HTTP/1.1 200 OK"
2025-08-21 17:59:00,723 [INFO] HTTP Request: POST https://yolo-soft-daylight.solana-mainnet.quiknode.pro/057ff3aa7f3e3d9633e475e6de4f8e148ceb4d7e "HTTP/1.1 200 OK"
2025-08-21 17:59:07,049 [INFO] HTTP Request: POST https://yolo-soft-daylight.solana-mainnet.quiknode.pro/057ff3aa7f3e3d9633e475e6de4f8e148ceb4d7e "HTTP/1.1 200 OK"
2025-08-21 17:59:08,368 [INFO] HTTP Request: POST https://yolo-soft-daylight.solana-mainnet.quiknode.pro/057ff3aa7f3e3d9633e475e6de4f8e148ceb4d7e "HTTP/1.1 200 OK"
2025-08-21 17:59:09,733 [INFO] HTTP Request: POST https://yolo-soft-daylight.solana-mainnet.quiknode.pro/057ff3aa7f3e3d9633e475e6de4f8e148ceb4d7e "HTTP/1.1 200 OK"
2025-08-21 17:59:16,094 [INFO] HTTP Request: POST https://yolo-soft-daylight.solana-mainnet.quiknode.pro/057ff3aa7f3e3d9633e475e6de4f8e148ceb4d7e "HTTP/1.1 200 OK"
2025-08-21 17:59:17,430 [INFO] HTTP Request: POST https://yolo-soft-daylight.solana-mainnet.quiknode.pro/057ff3aa7f3e3d9633e475e6de4f8e148ceb4d7e "HTTP/1.1 200 OK"
2025-08-21 17:59:18,869 [INFO] HTTP Request: POST https://yolo-soft-daylight.solana-mainnet.quiknode.pro/057ff3aa7f3e3d9633e475e6de4f8e148ceb4d7e "HTTP/1.1 200 OK"
2025-08-21 17:59:25,360 [INFO] HTTP Request: POST https://yolo-soft-daylight.solana-mainnet.quiknode.pro/057ff3aa7f3e3d9633e475e6de4f8e148ceb4d7e "HTTP/1.1 200 OK"
2025-08-21 17:59:26,685 [INFO] HTTP Request: POST https://yolo-soft-daylight.solana-mainnet.quiknode.pro/057ff3aa7f3e3d9633e475e6de4f8e148ceb4d7e "HTTP/1.1 200 OK"
2025-08-21 17:59:28,047 [INFO] HTTP Request: POST https://yolo-soft-daylight.solana-mainnet.quiknode.pro/057ff3aa7f3e3d9633e475e6de4f8e148ceb4d7e "HTTP/1.1 200 OK"
2025-08-21 17:59:34,110 [INFO] HTTP Request: POST https://yolo-soft-daylight.solana-mainnet.quiknode.pro/057ff3aa7f3e3d9633e475e6de4f8e148ceb4d7e "HTTP/1.1 200 OK"
2025-08-21 17:59:35,793 [INFO] HTTP Request: POST https://yolo-soft-daylight.solana-mainnet.quiknode.pro/057ff3aa7f3e3d9633e475e6de4f8e148ceb4d7e "HTTP/1.1 200 OK"
2025-08-21 17:59:37,103 [INFO] HTTP Request: POST https://yolo-soft-daylight.solana-mainnet.quiknode.pro/057ff3aa7f3e3d9633e475e6de4f8e148ceb4d7e "HTTP/1.1 200 OK"
2025-08-21 17:59:43,165 [INFO] HTTP Request: POST https://yolo-soft-daylight.solana-mainnet.quiknode.pro/057ff3aa7f3e3d9633e475e6de4f8e148ceb4d7e "HTTP/1.1 200 OK"
2025-08-21 17:59:44,487 [INFO] HTTP Request: POST https://yolo-soft-daylight.solana-mainnet.quiknode.pro/057ff3aa7f3e3d9633e475e6de4f8e148ceb4d7e "HTTP/1.1 200 OK"
2025-08-21 17:59:45,966 [INFO] HTTP Request: POST https://yolo-soft-daylight.solana-mainnet.quiknode.pro/057ff3aa7f3e3d9633e475e6de4f8e148ceb4d7e "HTTP/1.1 200 OK"
2025-08-21 17:59:52,092 [INFO] HTTP Request: POST https://yolo-soft-daylight.solana-mainnet.quiknode.pro/057ff3aa7f3e3d9633e475e6de4f8e148ceb4d7e "HTTP/1.1 200 OK"
2025-08-21 17:59:53,430 [INFO] HTTP Request: POST https://yolo-soft-daylight.solana-mainnet.quiknode.pro/057ff3aa7f3e3d9633e475e6de4f8e148ceb4d7e "HTTP/1.1 200 OK"
2025-08-21 17:59:54,782 [INFO] HTTP Request: POST https://yolo-soft-daylight.solana-mainnet.quiknode.pro/057ff3aa7f3e3d9633e475e6de4f8e148ceb4d7e "HTTP/1.1 200 OK"
2025-08-21 18:00:00,901 [INFO] HTTP Request: POST https://yolo-soft-daylight.solana-mainnet.quiknode.pro/057ff3aa7f3e3d9633e475e6de4f8e148ceb4d7e "HTTP/1.1 200 OK"
2025-08-21 18:00:02,331 [INFO] HTTP Request: POST https://yolo-soft-daylight.solana-mainnet.quiknode.pro/057ff3aa7f3e3d9633e475e6de4f8e148ceb4d7e "HTTP/1.1 200 OK"
2025-08-21 18:00:03,657 [INFO] HTTP Request: POST https://yolo-soft-daylight.solana-mainnet.quiknode.pro/057ff3aa7f3e3d9633e475e6de4f8e148ceb4d7e "HTTP/1.1 200 OK"
2025-08-21 18:00:09,813 [INFO] HTTP Request: POST https://yolo-soft-daylight.solana-mainnet.quiknode.pro/057ff3aa7f3e3d9633e475e6de4f8e148ceb4d7e "HTTP/1.1 200 OK"
2025-08-21 18:00:11,162 [INFO] HTTP Request: POST https://yolo-soft-daylight.solana-mainnet.quiknode.pro/057ff3aa7f3e3d9633e475e6de4f8e148ceb4d7e "HTTP/1.1 200 OK"
2025-08-21 18:00:12,478 [INFO] HTTP Request: POST https://yolo-soft-daylight.solana-mainnet.quiknode.pro/057ff3aa7f3e3d9633e475e6de4f8e148ceb4d7e "HTTP/1.1 200 OK"
2025-08-21 18:00:18,539 [INFO] HTTP Request: POST https://yolo-soft-daylight.solana-mainnet.quiknode.pro/057ff3aa7f3e3d9633e475e6de4f8e148ceb4d7e "HTTP/1.1 200 OK"
2025-08-21 18:00:19,827 [INFO] HTTP Request: POST https://yolo-soft-daylight.solana-mainnet.quiknode.pro/057ff3aa7f3e3d9633e475e6de4f8e148ceb4d7e "HTTP/1.1 200 OK"
2025-08-21 18:00:21,050 [INFO] HTTP Request: POST https://yolo-soft-daylight.solana-mainnet.quiknode.pro/057ff3aa7f3e3d9633e475e6de4f8e148ceb4d7e "HTTP/1.1 200 OK"
2025-08-21 18:00:27,317 [INFO] HTTP Request: POST https://yolo-soft-daylight.solana-mainnet.quiknode.pro/057ff3aa7f3e3d9633e475e6de4f8e148ceb4d7e "HTTP/1.1 200 OK"
2025-08-21 18:00:28,606 [INFO] HTTP Request: POST https://yolo-soft-daylight.solana-mainnet.quiknode.pro/057ff3aa7f3e3d9633e475e6de4f8e148ceb4d7e "HTTP/1.1 200 OK"
2025-08-21 18:00:29,909 [INFO] HTTP Request: POST https://yolo-soft-daylight.solana-mainnet.quiknode.pro/057ff3aa7f3e3d9633e475e6de4f8e148ceb4d7e "HTTP/1.1 200 OK"
2025-08-21 18:00:35,953 [INFO] HTTP Request: POST https://yolo-soft-daylight.solana-mainnet.quiknode.pro/057ff3aa7f3e3d9633e475e6de4f8e148ceb4d7e "HTTP/1.1 200 OK"
2025-08-21 18:00:37,328 [INFO] HTTP Request: POST https://yolo-soft-daylight.solana-mainnet.quiknode.pro/057ff3aa7f3e3d9633e475e6de4f8e148ceb4d7e "HTTP/1.1 200 OK"
2025-08-21 18:00:38,776 [INFO] HTTP Request: POST https://yolo-soft-daylight.solana-mainnet.quiknode.pro/057ff3aa7f3e3d9633e475e6de4f8e148ceb4d7e "HTTP/1.1 200 OK"
2025-08-21 18:00:44,960 [INFO] HTTP Request: POST https://yolo-soft-daylight.solana-mainnet.quiknode.pro/057ff3aa7f3e3d9633e475e6de4f8e148ceb4d7e "HTTP/1.1 200 OK"
2025-08-21 18:00:46,445 [INFO] HTTP Request: POST https://yolo-soft-daylight.solana-mainnet.quiknode.pro/057ff3aa7f3e3d9633e475e6de4f8e148ceb4d7e "HTTP/1.1 200 OK"
2025-08-21 18:00:47,738 [INFO] HTTP Request: POST https://yolo-soft-daylight.solana-mainnet.quiknode.pro/057ff3aa7f3e3d9633e475e6de4f8e148ceb4d7e "HTTP/1.1 200 OK"
2025-08-21 18:00:53,960 [INFO] HTTP Request: POST https://yolo-soft-daylight.solana-mainnet.quiknode.pro/057ff3aa7f3e3d9633e475e6de4f8e148ceb4d7e "HTTP/1.1 200 OK"
2025-08-21 18:00:55,483 [INFO] HTTP Request: POST https://yolo-soft-daylight.solana-mainnet.quiknode.pro/057ff3aa7f3e3d9633e475e6de4f8e148ceb4d7e "HTTP/1.1 200 OK"
2025-08-21 18:00:56,726 [INFO] HTTP Request: POST https://yolo-soft-daylight.solana-mainnet.quiknode.pro/057ff3aa7f3e3d9633e475e6de4f8e148ceb4d7e "HTTP/1.1 200 OK"
2025-08-21 18:01:02,765 [INFO] HTTP Request: POST https://yolo-soft-daylight.solana-mainnet.quiknode.pro/057ff3aa7f3e3d9633e475e6de4f8e148ceb4d7e "HTTP/1.1 200 OK"
2025-08-21 18:01:04,115 [INFO] HTTP Request: POST https://yolo-soft-daylight.solana-mainnet.quiknode.pro/057ff3aa7f3e3d9633e475e6de4f8e148ceb4d7e "HTTP/1.1 200 OK"
2025-08-21 18:01:05,322 [INFO] HTTP Request: POST https://yolo-soft-daylight.solana-mainnet.quiknode.pro/057ff3aa7f3e3d9633e475e6de4f8e148ceb4d7e "HTTP/1.1 200 OK"
2025-08-21 18:01:11,296 [INFO] HTTP Request: POST https://yolo-soft-daylight.solana-mainnet.quiknode.pro/057ff3aa7f3e3d9633e475e6de4f8e148ceb4d7e "HTTP/1.1 200 OK"
2025-08-21 18:01:12,582 [INFO] HTTP Request: POST https://yolo-soft-daylight.solana-mainnet.quiknode.pro/057ff3aa7f3e3d9633e475e6de4f8e148ceb4d7e "HTTP/1.1 200 OK"
2025-08-21 18:01:13,890 [INFO] HTTP Request: POST https://yolo-soft-daylight.solana-mainnet.quiknode.pro/057ff3aa7f3e3d9633e475e6de4f8e148ceb4d7e "HTTP/1.1 200 OK"
2025-08-21 18:01:19,951 [INFO] HTTP Request: POST https://yolo-soft-daylight.solana-mainnet.quiknode.pro/057ff3aa7f3e3d9633e475e6de4f8e148ceb4d7e "HTTP/1.1 200 OK"
2025-08-21 18:01:21,214 [INFO] HTTP Request: POST https://yolo-soft-daylight.solana-mainnet.quiknode.pro/057ff3aa7f3e3d9633e475e6de4f8e148ceb4d7e "HTTP/1.1 200 OK"
2025-08-21 18:01:22,512 [INFO] HTTP Request: POST https://yolo-soft-daylight.solana-mainnet.quiknode.pro/057ff3aa7f3e3d9633e475e6de4f8e148ceb4d7e "HTTP/1.1 200 OK"
2025-08-21 18:01:28,679 [INFO] HTTP Request: POST https://yolo-soft-daylight.solana-mainnet.quiknode.pro/057ff3aa7f3e3d9633e475e6de4f8e148ceb4d7e "HTTP/1.1 200 OK"
2025-08-21 18:01:29,928 [INFO] HTTP Request: POST https://yolo-soft-daylight.solana-mainnet.quiknode.pro/057ff3aa7f3e3d9633e475e6de4f8e148ceb4d7e "HTTP/1.1 200 OK"
2025-08-21 18:01:31,234 [INFO] HTTP Request: POST https://yolo-soft-daylight.solana-mainnet.quiknode.pro/057ff3aa7f3e3d9633e475e6de4f8e148ceb4d7e "HTTP/1.1 200 OK"
2025-08-21 18:01:37,271 [INFO] HTTP Request: POST https://yolo-soft-daylight.solana-mainnet.quiknode.pro/057ff3aa7f3e3d9633e475e6de4f8e148ceb4d7e "HTTP/1.1 200 OK"
2025-08-21 18:01:38,556 [INFO] HTTP Request: POST https://yolo-soft-daylight.solana-mainnet.quiknode.pro/057ff3aa7f3e3d9633e475e6de4f8e148ceb4d7e "HTTP/1.1 200 OK"
2025-08-21 18:01:39,817 [INFO] HTTP Request: POST https://yolo-soft-daylight.solana-mainnet.quiknode.pro/057ff3aa7f3e3d9633e475e6de4f8e148ceb4d7e "HTTP/1.1 200 OK"
2025-08-21 18:01:45,835 [INFO] HTTP Request: POST https://yolo-soft-daylight.solana-mainnet.quiknode.pro/057ff3aa7f3e3d9633e475e6de4f8e148ceb4d7e "HTTP/1.1 200 OK"
2025-08-21 18:01:47,189 [INFO] HTTP Request: POST https://yolo-soft-daylight.solana-mainnet.quiknode.pro/057ff3aa7f3e3d9633e475e6de4f8e148ceb4d7e "HTTP/1.1 200 OK"
2025-08-21 18:01:48,515 [INFO] HTTP Request: POST https://yolo-soft-daylight.solana-mainnet.quiknode.pro/057ff3aa7f3e3d9633e475e6de4f8e148ceb4d7e "HTTP/1.1 200 OK"
2025-08-21 18:01:54,511 [INFO] HTTP Request: POST https://yolo-soft-daylight.solana-mainnet.quiknode.pro/057ff3aa7f3e3d9633e475e6de4f8e148ceb4d7e "HTTP/1.1 200 OK"
2025-08-21 18:01:55,822 [INFO] HTTP Request: POST https://yolo-soft-daylight.solana-mainnet.quiknode.pro/057ff3aa7f3e3d9633e475e6de4f8e148ceb4d7e "HTTP/1.1 200 OK"
2025-08-21 18:01:57,093 [INFO] HTTP Request: POST https://yolo-soft-daylight.solana-mainnet.quiknode.pro/057ff3aa7f3e3d9633e475e6de4f8e148ceb4d7e "HTTP/1.1 200 OK"
2025-08-21 18:02:03,162 [INFO] HTTP Request: POST https://yolo-soft-daylight.solana-mainnet.quiknode.pro/057ff3aa7f3e3d9633e475e6de4f8e148ceb4d7e "HTTP/1.1 200 OK"
2025-08-21 18:02:04,449 [INFO] HTTP Request: POST https://yolo-soft-daylight.solana-mainnet.quiknode.pro/057ff3aa7f3e3d9633e475e6de4f8e148ceb4d7e "HTTP/1.1 200 OK"
2025-08-21 18:02:05,744 [INFO] HTTP Request: POST https://yolo-soft-daylight.solana-mainnet.quiknode.pro/057ff3aa7f3e3d9633e475e6de4f8e148ceb4d7e "HTTP/1.1 200 OK"
2025-08-21 18:02:11,884 [INFO] HTTP Request: POST https://yolo-soft-daylight.solana-mainnet.quiknode.pro/057ff3aa7f3e3d9633e475e6de4f8e148ceb4d7e "HTTP/1.1 200 OK"
2025-08-21 18:02:13,106 [INFO] HTTP Request: POST https://yolo-soft-daylight.solana-mainnet.quiknode.pro/057ff3aa7f3e3d9633e475e6de4f8e148ceb4d7e "HTTP/1.1 200 OK"
2025-08-21 18:02:14,366 [INFO] HTTP Request: POST https://yolo-soft-daylight.solana-mainnet.quiknode.pro/057ff3aa7f3e3d9633e475e6de4f8e148ceb4d7e "HTTP/1.1 200 OK"
2025-08-21 18:02:20,677 [INFO] HTTP Request: POST https://yolo-soft-daylight.solana-mainnet.quiknode.pro/057ff3aa7f3e3d9633e475e6de4f8e148ceb4d7e "HTTP/1.1 200 OK"
2025-08-21 18:02:22,173 [INFO] HTTP Request: POST https://yolo-soft-daylight.solana-mainnet.quiknode.pro/057ff3aa7f3e3d9633e475e6de4f8e148ceb4d7e "HTTP/1.1 200 OK"
2025-08-21 18:02:23,506 [INFO] HTTP Request: POST https://yolo-soft-daylight.solana-mainnet.quiknode.pro/057ff3aa7f3e3d9633e475e6de4f8e148ceb4d7e "HTTP/1.1 200 OK"
2025-08-21 18:02:29,673 [INFO] HTTP Request: POST https://yolo-soft-daylight.solana-mainnet.quiknode.pro/057ff3aa7f3e3d9633e475e6de4f8e148ceb4d7e "HTTP/1.1 200 OK"
2025-08-21 18:02:30,911 [INFO] HTTP Request: POST https://yolo-soft-daylight.solana-mainnet.quiknode.pro/057ff3aa7f3e3d9633e475e6de4f8e148ceb4d7e "HTTP/1.1 200 OK"
2025-08-21 18:02:32,247 [INFO] HTTP Request: POST https://yolo-soft-daylight.solana-mainnet.quiknode.pro/057ff3aa7f3e3d9633e475e6de4f8e148ceb4d7e "HTTP/1.1 200 OK"
2025-08-21 18:02:38,234 [INFO] HTTP Request: POST https://yolo-soft-daylight.solana-mainnet.quiknode.pro/057ff3aa7f3e3d9633e475e6de4f8e148ceb4d7e "HTTP/1.1 200 OK"
2025-08-21 18:02:39,500 [INFO] HTTP Request: POST https://yolo-soft-daylight.solana-mainnet.quiknode.pro/057ff3aa7f3e3d9633e475e6de4f8e148ceb4d7e "HTTP/1.1 200 OK"
2025-08-21 18:02:40,781 [INFO] HTTP Request: POST https://yolo-soft-daylight.solana-mainnet.quiknode.pro/057ff3aa7f3e3d9633e475e6de4f8e148ceb4d7e "HTTP/1.1 200 OK"
2025-08-21 18:02:46,830 [INFO] HTTP Request: POST https://yolo-soft-daylight.solana-mainnet.quiknode.pro/057ff3aa7f3e3d9633e475e6de4f8e148ceb4d7e "HTTP/1.1 200 OK"
2025-08-21 18:02:48,086 [INFO] HTTP Request: POST https://yolo-soft-daylight.solana-mainnet.quiknode.pro/057ff3aa7f3e3d9633e475e6de4f8e148ceb4d7e "HTTP/1.1 200 OK"
2025-08-21 18:02:49,339 [INFO] HTTP Request: POST https://yolo-soft-daylight.solana-mainnet.quiknode.pro/057ff3aa7f3e3d9633e475e6de4f8e148ceb4d7e "HTTP/1.1 200 OK"
2025-08-21 18:02:55,372 [INFO] HTTP Request: POST https://yolo-soft-daylight.solana-mainnet.quiknode.pro/057ff3aa7f3e3d9633e475e6de4f8e148ceb4d7e "HTTP/1.1 200 OK"
2025-08-21 18:02:56,747 [INFO] HTTP Request: POST https://yolo-soft-daylight.solana-mainnet.quiknode.pro/057ff3aa7f3e3d9633e475e6de4f8e148ceb4d7e "HTTP/1.1 200 OK"
2025-08-21 18:02:58,012 [INFO] HTTP Request: POST https://yolo-soft-daylight.solana-mainnet.quiknode.pro/057ff3aa7f3e3d9633e475e6de4f8e148ceb4d7e "HTTP/1.1 200 OK"
2025-08-21 18:03:04,248 [INFO] HTTP Request: POST https://yolo-soft-daylight.solana-mainnet.quiknode.pro/057ff3aa7f3e3d9633e475e6de4f8e148ceb4d7e "HTTP/1.1 200 OK"
2025-08-21 18:03:05,874 [INFO] HTTP Request: POST https://yolo-soft-daylight.solana-mainnet.quiknode.pro/057ff3aa7f3e3d9633e475e6de4f8e148ceb4d7e "HTTP/1.1 200 OK"
2025-08-21 18:03:07,249 [INFO] HTTP Request: POST https://yolo-soft-daylight.solana-mainnet.quiknode.pro/057ff3aa7f3e3d9633e475e6de4f8e148ceb4d7e "HTTP/1.1 200 OK"
2025-08-21 18:03:13,298 [INFO] HTTP Request: POST https://yolo-soft-daylight.solana-mainnet.quiknode.pro/057ff3aa7f3e3d9633e475e6de4f8e148ceb4d7e "HTTP/1.1 200 OK"
2025-08-21 18:03:14,501 [INFO] HTTP Request: POST https://yolo-soft-daylight.solana-mainnet.quiknode.pro/057ff3aa7f3e3d9633e475e6de4f8e148ceb4d7e "HTTP/1.1 200 OK"
2025-08-21 18:03:15,720 [INFO] HTTP Request: POST https://yolo-soft-daylight.solana-mainnet.quiknode.pro/057ff3aa7f3e3d9633e475e6de4f8e148ceb4d7e "HTTP/1.1 200 OK"
2025-08-21 18:03:21,712 [INFO] HTTP Request: POST https://yolo-soft-daylight.solana-mainnet.quiknode.pro/057ff3aa7f3e3d9633e475e6de4f8e148ceb4d7e "HTTP/1.1 200 OK"
2025-08-21 18:03:22,916 [INFO] HTTP Request: POST https://yolo-soft-daylight.solana-mainnet.quiknode.pro/057ff3aa7f3e3d9633e475e6de4f8e148ceb4d7e "HTTP/1.1 200 OK"
2025-08-21 18:03:24,213 [INFO] HTTP Request: POST https://yolo-soft-daylight.solana-mainnet.quiknode.pro/057ff3aa7f3e3d9633e475e6de4f8e148ceb4d7e "HTTP/1.1 200 OK"
2025-08-21 18:03:30,625 [INFO] HTTP Request: POST https://yolo-soft-daylight.solana-mainnet.quiknode.pro/057ff3aa7f3e3d9633e475e6de4f8e148ceb4d7e "HTTP/1.1 200 OK"
2025-08-21 18:03:31,918 [INFO] HTTP Request: POST https://yolo-soft-daylight.solana-mainnet.quiknode.pro/057ff3aa7f3e3d9633e475e6de4f8e148ceb4d7e "HTTP/1.1 200 OK"
2025-08-21 18:03:33,184 [INFO] HTTP Request: POST https://yolo-soft-daylight.solana-mainnet.quiknode.pro/057ff3aa7f3e3d9633e475e6de4f8e148ceb4d7e "HTTP/1.1 200 OK"
2025-08-21 18:03:39,295 [INFO] HTTP Request: POST https://yolo-soft-daylight.solana-mainnet.quiknode.pro/057ff3aa7f3e3d9633e475e6de4f8e148ceb4d7e "HTTP/1.1 200 OK"
2025-08-21 18:03:40,515 [INFO] HTTP Request: POST https://yolo-soft-daylight.solana-mainnet.quiknode.pro/057ff3aa7f3e3d9633e475e6de4f8e148ceb4d7e "HTTP/1.1 200 OK"
2025-08-21 18:04:06,363 [INFO] HTTP Request: POST https://yolo-soft-daylight.solana-mainnet.quiknode.pro/057ff3aa7f3e3d9633e475e6de4f8e148ceb4d7e "HTTP/1.1 200 OK"
2025-08-21 18:04:07,645 [INFO] HTTP Request: POST https://yolo-soft-daylight.solana-mainnet.quiknode.pro/057ff3aa7f3e3d9633e475e6de4f8e148ceb4d7e "HTTP/1.1 200 OK"
2025-08-21 18:04:08,926 [INFO] HTTP Request: POST https://yolo-soft-daylight.solana-mainnet.quiknode.pro/057ff3aa7f3e3d9633e475e6de4f8e148ceb4d7e "HTTP/1.1 200 OK"
2025-08-21 18:04:10,021 [INFO] HTTP Request: POST https://yolo-soft-daylight.solana-mainnet.quiknode.pro/057ff3aa7f3e3d9633e475e6de4f8e148ceb4d7e "HTTP/1.1 200 OK"
2025-08-21 18:04:11,291 [INFO] HTTP Request: POST https://yolo-soft-daylight.solana-mainnet.quiknode.pro/057ff3aa7f3e3d9633e475e6de4f8e148ceb4d7e "HTTP/1.1 200 OK"
2025-08-21 18:59:04,180 [INFO] HTTP Request: POST https://yolo-soft-daylight.solana-mainnet.quiknode.pro/057ff3aa7f3e3d9633e475e6de4f8e148ceb4d7e "HTTP/1.1 200 OK"
2025-08-21 18:59:05,431 [INFO] HTTP Request: POST https://yolo-soft-daylight.solana-mainnet.quiknode.pro/057ff3aa7f3e3d9633e475e6de4f8e148ceb4d7e "HTTP/1.1 200 OK"
2025-08-21 18:59:06,685 [INFO] HTTP Request: POST https://yolo-soft-daylight.solana-mainnet.quiknode.pro/057ff3aa7f3e3d9633e475e6de4f8e148ceb4d7e "HTTP/1.1 200 OK"
2025-08-21 18:59:07,717 [INFO] HTTP Request: POST https://yolo-soft-daylight.solana-mainnet.quiknode.pro/057ff3aa7f3e3d9633e475e6de4f8e148ceb4d7e "HTTP/1.1 200 OK"
2025-08-21 18:59:08,968 [INFO] HTTP Request: POST https://yolo-soft-daylight.solana-mainnet.quiknode.pro/057ff3aa7f3e3d9633e475e6de4f8e148ceb4d7e "HTTP/1.1 200 OK"
2025-08-21 18:59:10,218 [INFO] HTTP Request: POST https://yolo-soft-daylight.solana-mainnet.quiknode.pro/057ff3aa7f3e3d9633e475e6de4f8e148ceb4d7e "HTTP/1.1 200 OK"
2025-08-21 18:59:16,252 [INFO] HTTP Request: POST https://yolo-soft-daylight.solana-mainnet.quiknode.pro/057ff3aa7f3e3d9633e475e6de4f8e148ceb4d7e "HTTP/1.1 200 OK"
2025-08-21 18:59:17,502 [INFO] HTTP Request: POST https://yolo-soft-daylight.solana-mainnet.quiknode.pro/057ff3aa7f3e3d9633e475e6de4f8e148ceb4d7e "HTTP/1.1 200 OK"
2025-08-21 18:59:18,768 [INFO] HTTP Request: POST https://yolo-soft-daylight.solana-mainnet.quiknode.pro/057ff3aa7f3e3d9633e475e6de4f8e148ceb4d7e "HTTP/1.1 200 OK"
2025-08-21 18:59:24,786 [INFO] HTTP Request: POST https://yolo-soft-daylight.solana-mainnet.quiknode.pro/057ff3aa7f3e3d9633e475e6de4f8e148ceb4d7e "HTTP/1.1 200 OK"
2025-08-21 18:59:26,051 [INFO] HTTP Request: POST https://yolo-soft-daylight.solana-mainnet.quiknode.pro/057ff3aa7f3e3d9633e475e6de4f8e148ceb4d7e "HTTP/1.1 200 OK"
2025-08-21 18:59:27,286 [INFO] HTTP Request: POST https://yolo-soft-daylight.solana-mainnet.quiknode.pro/057ff3aa7f3e3d9633e475e6de4f8e148ceb4d7e "HTTP/1.1 200 OK"
2025-08-21 18:59:33,278 [INFO] HTTP Request: POST https://yolo-soft-daylight.solana-mainnet.quiknode.pro/057ff3aa7f3e3d9633e475e6de4f8e148ceb4d7e "HTTP/1.1 200 OK"
2025-08-21 18:59:34,496 [INFO] HTTP Request: POST https://yolo-soft-daylight.solana-mainnet.quiknode.pro/057ff3aa7f3e3d9633e475e6de4f8e148ceb4d7e "HTTP/1.1 200 OK"
2025-08-21 18:59:35,747 [INFO] HTTP Request: POST https://yolo-soft-daylight.solana-mainnet.quiknode.pro/057ff3aa7f3e3d9633e475e6de4f8e148ceb4d7e "HTTP/1.1 200 OK"
2025-08-21 18:59:41,740 [INFO] HTTP Request: POST https://yolo-soft-daylight.solana-mainnet.quiknode.pro/057ff3aa7f3e3d9633e475e6de4f8e148ceb4d7e "HTTP/1.1 200 OK"
2025-08-21 18:59:42,993 [INFO] HTTP Request: POST https://yolo-soft-daylight.solana-mainnet.quiknode.pro/057ff3aa7f3e3d9633e475e6de4f8e148ceb4d7e "HTTP/1.1 200 OK"
2025-08-21 18:59:44,227 [INFO] HTTP Request: POST https://yolo-soft-daylight.solana-mainnet.quiknode.pro/057ff3aa7f3e3d9633e475e6de4f8e148ceb4d7e "HTTP/1.1 200 OK"
2025-08-21 18:59:50,217 [INFO] HTTP Request: POST https://yolo-soft-daylight.solana-mainnet.quiknode.pro/057ff3aa7f3e3d9633e475e6de4f8e148ceb4d7e "HTTP/1.1 200 OK"
2025-08-21 18:59:51,436 [INFO] HTTP Request: POST https://yolo-soft-daylight.solana-mainnet.quiknode.pro/057ff3aa7f3e3d9633e475e6de4f8e148ceb4d7e "HTTP/1.1 200 OK"
2025-08-21 18:59:52,733 [INFO] HTTP Request: POST https://yolo-soft-daylight.solana-mainnet.quiknode.pro/057ff3aa7f3e3d9633e475e6de4f8e148ceb4d7e "HTTP/1.1 200 OK"
2025-08-21 18:59:58,738 [INFO] HTTP Request: POST https://yolo-soft-daylight.solana-mainnet.quiknode.pro/057ff3aa7f3e3d9633e475e6de4f8e148ceb4d7e "HTTP/1.1 200 OK"
2025-08-21 18:59:59,973 [INFO] HTTP Request: POST https://yolo-soft-daylight.solana-mainnet.quiknode.pro/057ff3aa7f3e3d9633e475e6de4f8e148ceb4d7e "HTTP/1.1 200 OK"
2025-08-21 19:00:01,207 [INFO] HTTP Request: POST https://yolo-soft-daylight.solana-mainnet.quiknode.pro/057ff3aa7f3e3d9633e475e6de4f8e148ceb4d7e "HTTP/1.1 200 OK"
2025-08-21 19:00:07,334 [INFO] HTTP Request: POST https://yolo-soft-daylight.solana-mainnet.quiknode.pro/057ff3aa7f3e3d9633e475e6de4f8e148ceb4d7e "HTTP/1.1 200 OK"
2025-08-21 19:00:08,577 [INFO] HTTP Request: POST https://yolo-soft-daylight.solana-mainnet.quiknode.pro/057ff3aa7f3e3d9633e475e6de4f8e148ceb4d7e "HTTP/1.1 200 OK"
2025-08-21 19:00:09,805 [INFO] HTTP Request: POST https://yolo-soft-daylight.solana-mainnet.quiknode.pro/057ff3aa7f3e3d9633e475e6de4f8e148ceb4d7e "HTTP/1.1 200 OK"
2025-08-21 19:00:15,822 [INFO] HTTP Request: POST https://yolo-soft-daylight.solana-mainnet.quiknode.pro/057ff3aa7f3e3d9633e475e6de4f8e148ceb4d7e "HTTP/1.1 200 OK"
2025-08-21 19:00:17,041 [INFO] HTTP Request: POST https://yolo-soft-daylight.solana-mainnet.quiknode.pro/057ff3aa7f3e3d9633e475e6de4f8e148ceb4d7e "HTTP/1.1 200 OK"
2025-08-21 19:00:18,277 [INFO] HTTP Request: POST https://yolo-soft-daylight.solana-mainnet.quiknode.pro/057ff3aa7f3e3d9633e475e6de4f8e148ceb4d7e "HTTP/1.1 200 OK"
2025-08-21 19:00:24,310 [INFO] HTTP Request: POST https://yolo-soft-daylight.solana-mainnet.quiknode.pro/057ff3aa7f3e3d9633e475e6de4f8e148ceb4d7e "HTTP/1.1 200 OK"
2025-08-21 19:00:25,576 [INFO] HTTP Request: POST https://yolo-soft-daylight.solana-mainnet.quiknode.pro/057ff3aa7f3e3d9633e475e6de4f8e148ceb4d7e "HTTP/1.1 200 OK"
2025-08-21 19:00:26,842 [INFO] HTTP Request: POST https://yolo-soft-daylight.solana-mainnet.quiknode.pro/057ff3aa7f3e3d9633e475e6de4f8e148ceb4d7e "HTTP/1.1 200 OK"
2025-08-21 19:00:32,827 [INFO] HTTP Request: POST https://yolo-soft-daylight.solana-mainnet.quiknode.pro/057ff3aa7f3e3d9633e475e6de4f8e148ceb4d7e "HTTP/1.1 200 OK"
2025-08-21 19:00:34,092 [INFO] HTTP Request: POST https://yolo-soft-daylight.solana-mainnet.quiknode.pro/057ff3aa7f3e3d9633e475e6de4f8e148ceb4d7e "HTTP/1.1 200 OK"
2025-08-21 19:00:35,439 [INFO] HTTP Request: POST https://yolo-soft-daylight.solana-mainnet.quiknode.pro/057ff3aa7f3e3d9633e475e6de4f8e148ceb4d7e "HTTP/1.1 200 OK"
2025-08-21 19:00:41,571 [INFO] HTTP Request: POST https://yolo-soft-daylight.solana-mainnet.quiknode.pro/057ff3aa7f3e3d9633e475e6de4f8e148ceb4d7e "HTTP/1.1 200 OK"
2025-08-21 19:00:42,857 [INFO] HTTP Request: POST https://yolo-soft-daylight.solana-mainnet.quiknode.pro/057ff3aa7f3e3d9633e475e6de4f8e148ceb4d7e "HTTP/1.1 200 OK"
2025-08-21 19:00:44,216 [INFO] HTTP Request: POST https://yolo-soft-daylight.solana-mainnet.quiknode.pro/057ff3aa7f3e3d9633e475e6de4f8e148ceb4d7e "HTTP/1.1 200 OK"
2025-08-21 19:00:50,703 [INFO] HTTP Request: POST https://yolo-soft-daylight.solana-mainnet.quiknode.pro/057ff3aa7f3e3d9633e475e6de4f8e148ceb4d7e "HTTP/1.1 200 OK"
2025-08-21 19:00:52,224 [INFO] HTTP Request: POST https://yolo-soft-daylight.solana-mainnet.quiknode.pro/057ff3aa7f3e3d9633e475e6de4f8e148ceb4d7e "HTTP/1.1 200 OK"
2025-08-21 19:00:53,459 [INFO] HTTP Request: POST https://yolo-soft-daylight.solana-mainnet.quiknode.pro/057ff3aa7f3e3d9633e475e6de4f8e148ceb4d7e "HTTP/1.1 200 OK"
2025-08-21 19:00:59,522 [INFO] HTTP Request: POST https://yolo-soft-daylight.solana-mainnet.quiknode.pro/057ff3aa7f3e3d9633e475e6de4f8e148ceb4d7e "HTTP/1.1 200 OK"
2025-08-21 19:01:00,788 [INFO] HTTP Request: POST https://yolo-soft-daylight.solana-mainnet.quiknode.pro/057ff3aa7f3e3d9633e475e6de4f8e148ceb4d7e "HTTP/1.1 200 OK"
2025-08-21 19:01:02,012 [INFO] HTTP Request: POST https://yolo-soft-daylight.solana-mainnet.quiknode.pro/057ff3aa7f3e3d9633e475e6de4f8e148ceb4d7e "HTTP/1.1 200 OK"
2025-08-21 19:01:08,198 [INFO] HTTP Request: POST https://yolo-soft-daylight.solana-mainnet.quiknode.pro/057ff3aa7f3e3d9633e475e6de4f8e148ceb4d7e "HTTP/1.1 200 OK"
2025-08-21 19:01:09,723 [INFO] HTTP Request: POST https://yolo-soft-daylight.solana-mainnet.quiknode.pro/057ff3aa7f3e3d9633e475e6de4f8e148ceb4d7e "HTTP/1.1 200 OK"
2025-08-21 19:01:10,966 [INFO] HTTP Request: POST https://yolo-soft-daylight.solana-mainnet.quiknode.pro/057ff3aa7f3e3d9633e475e6de4f8e148ceb4d7e "HTTP/1.1 200 OK"
2025-08-21 19:01:17,018 [INFO] HTTP Request: POST https://yolo-soft-daylight.solana-mainnet.quiknode.pro/057ff3aa7f3e3d9633e475e6de4f8e148ceb4d7e "HTTP/1.1 200 OK"
2025-08-21 19:01:18,317 [INFO] HTTP Request: POST https://yolo-soft-daylight.solana-mainnet.quiknode.pro/057ff3aa7f3e3d9633e475e6de4f8e148ceb4d7e "HTTP/1.1 200 OK"
2025-08-21 19:01:19,583 [INFO] HTTP Request: POST https://yolo-soft-daylight.solana-mainnet.quiknode.pro/057ff3aa7f3e3d9633e475e6de4f8e148ceb4d7e "HTTP/1.1 200 OK"
2025-08-21 19:01:25,711 [INFO] HTTP Request: POST https://yolo-soft-daylight.solana-mainnet.quiknode.pro/057ff3aa7f3e3d9633e475e6de4f8e148ceb4d7e "HTTP/1.1 200 OK"
2025-08-21 19:01:26,960 [INFO] HTTP Request: POST https://yolo-soft-daylight.solana-mainnet.quiknode.pro/057ff3aa7f3e3d9633e475e6de4f8e148ceb4d7e "HTTP/1.1 200 OK"
2025-08-21 19:01:28,234 [INFO] HTTP Request: POST https://yolo-soft-daylight.solana-mainnet.quiknode.pro/057ff3aa7f3e3d9633e475e6de4f8e148ceb4d7e "HTTP/1.1 200 OK"
2025-08-21 19:01:34,296 [INFO] HTTP Request: POST https://yolo-soft-daylight.solana-mainnet.quiknode.pro/057ff3aa7f3e3d9633e475e6de4f8e148ceb4d7e "HTTP/1.1 200 OK"
2025-08-21 19:01:35,602 [INFO] HTTP Request: POST https://yolo-soft-daylight.solana-mainnet.quiknode.pro/057ff3aa7f3e3d9633e475e6de4f8e148ceb4d7e "HTTP/1.1 200 OK"
2025-08-21 19:01:36,900 [INFO] HTTP Request: POST https://yolo-soft-daylight.solana-mainnet.quiknode.pro/057ff3aa7f3e3d9633e475e6de4f8e148ceb4d7e "HTTP/1.1 200 OK"
2025-08-21 19:01:42,968 [INFO] HTTP Request: POST https://yolo-soft-daylight.solana-mainnet.quiknode.pro/057ff3aa7f3e3d9633e475e6de4f8e148ceb4d7e "HTTP/1.1 200 OK"
2025-08-21 19:01:44,211 [INFO] HTTP Request: POST https://yolo-soft-daylight.solana-mainnet.quiknode.pro/057ff3aa7f3e3d9633e475e6de4f8e148ceb4d7e "HTTP/1.1 200 OK"
2025-08-21 19:01:45,510 [INFO] HTTP Request: POST https://yolo-soft-daylight.solana-mainnet.quiknode.pro/057ff3aa7f3e3d9633e475e6de4f8e148ceb4d7e "HTTP/1.1 200 OK"
2025-08-21 19:01:51,586 [INFO] HTTP Request: POST https://yolo-soft-daylight.solana-mainnet.quiknode.pro/057ff3aa7f3e3d9633e475e6de4f8e148ceb4d7e "HTTP/1.1 200 OK"
2025-08-21 19:01:52,859 [INFO] HTTP Request: POST https://yolo-soft-daylight.solana-mainnet.quiknode.pro/057ff3aa7f3e3d9633e475e6de4f8e148ceb4d7e "HTTP/1.1 200 OK"
2025-08-21 19:01:54,126 [INFO] HTTP Request: POST https://yolo-soft-daylight.solana-mainnet.quiknode.pro/057ff3aa7f3e3d9633e475e6de4f8e148ceb4d7e "HTTP/1.1 200 OK"
2025-08-21 19:02:00,156 [INFO] HTTP Request: POST https://yolo-soft-daylight.solana-mainnet.quiknode.pro/057ff3aa7f3e3d9633e475e6de4f8e148ceb4d7e "HTTP/1.1 200 OK"
2025-08-21 19:02:01,627 [INFO] HTTP Request: POST https://yolo-soft-daylight.solana-mainnet.quiknode.pro/057ff3aa7f3e3d9633e475e6de4f8e148ceb4d7e "HTTP/1.1 200 OK"
2025-08-21 19:02:03,004 [INFO] HTTP Request: POST https://yolo-soft-daylight.solana-mainnet.quiknode.pro/057ff3aa7f3e3d9633e475e6de4f8e148ceb4d7e "HTTP/1.1 200 OK"
2025-08-21 19:02:09,135 [INFO] HTTP Request: POST https://yolo-soft-daylight.solana-mainnet.quiknode.pro/057ff3aa7f3e3d9633e475e6de4f8e148ceb4d7e "HTTP/1.1 200 OK"
2025-08-21 19:02:10,397 [INFO] HTTP Request: POST https://yolo-soft-daylight.solana-mainnet.quiknode.pro/057ff3aa7f3e3d9633e475e6de4f8e148ceb4d7e "HTTP/1.1 200 OK"
2025-08-21 19:02:11,665 [INFO] HTTP Request: POST https://yolo-soft-daylight.solana-mainnet.quiknode.pro/057ff3aa7f3e3d9633e475e6de4f8e148ceb4d7e "HTTP/1.1 200 OK"
2025-08-21 19:02:17,701 [INFO] HTTP Request: POST https://yolo-soft-daylight.solana-mainnet.quiknode.pro/057ff3aa7f3e3d9633e475e6de4f8e148ceb4d7e "HTTP/1.1 200 OK"
2025-08-21 19:02:18,999 [INFO] HTTP Request: POST https://yolo-soft-daylight.solana-mainnet.quiknode.pro/057ff3aa7f3e3d9633e475e6de4f8e148ceb4d7e "HTTP/1.1 200 OK"
2025-08-21 19:02:20,263 [INFO] HTTP Request: POST https://yolo-soft-daylight.solana-mainnet.quiknode.pro/057ff3aa7f3e3d9633e475e6de4f8e148ceb4d7e "HTTP/1.1 200 OK"
2025-08-21 19:02:26,296 [INFO] HTTP Request: POST https://yolo-soft-daylight.solana-mainnet.quiknode.pro/057ff3aa7f3e3d9633e475e6de4f8e148ceb4d7e "HTTP/1.1 200 OK"
2025-08-21 19:02:27,583 [INFO] HTTP Request: POST https://yolo-soft-daylight.solana-mainnet.quiknode.pro/057ff3aa7f3e3d9633e475e6de4f8e148ceb4d7e "HTTP/1.1 200 OK"
2025-08-21 19:02:28,876 [INFO] HTTP Request: POST https://yolo-soft-daylight.solana-mainnet.quiknode.pro/057ff3aa7f3e3d9633e475e6de4f8e148ceb4d7e "HTTP/1.1 200 OK"
2025-08-21 19:02:34,940 [INFO] HTTP Request: POST https://yolo-soft-daylight.solana-mainnet.quiknode.pro/057ff3aa7f3e3d9633e475e6de4f8e148ceb4d7e "HTTP/1.1 200 OK"
2025-08-21 19:02:36,451 [INFO] HTTP Request: POST https://yolo-soft-daylight.solana-mainnet.quiknode.pro/057ff3aa7f3e3d9633e475e6de4f8e148ceb4d7e "HTTP/1.1 200 OK"
2025-08-21 19:02:37,735 [INFO] HTTP Request: POST https://yolo-soft-daylight.solana-mainnet.quiknode.pro/057ff3aa7f3e3d9633e475e6de4f8e148ceb4d7e "HTTP/1.1 200 OK"
2025-08-21 19:02:43,778 [INFO] HTTP Request: POST https://yolo-soft-daylight.solana-mainnet.quiknode.pro/057ff3aa7f3e3d9633e475e6de4f8e148ceb4d7e "HTTP/1.1 200 OK"
2025-08-21 19:02:45,050 [INFO] HTTP Request: POST https://yolo-soft-daylight.solana-mainnet.quiknode.pro/057ff3aa7f3e3d9633e475e6de4f8e148ceb4d7e "HTTP/1.1 200 OK"
2025-08-21 19:02:46,329 [INFO] HTTP Request: POST https://yolo-soft-daylight.solana-mainnet.quiknode.pro/057ff3aa7f3e3d9633e475e6de4f8e148ceb4d7e "HTTP/1.1 200 OK"
2025-08-21 19:02:52,370 [INFO] HTTP Request: POST https://yolo-soft-daylight.solana-mainnet.quiknode.pro/057ff3aa7f3e3d9633e475e6de4f8e148ceb4d7e "HTTP/1.1 200 OK"
2025-08-21 19:02:53,655 [INFO] HTTP Request: POST https://yolo-soft-daylight.solana-mainnet.quiknode.pro/057ff3aa7f3e3d9633e475e6de4f8e148ceb4d7e "HTTP/1.1 200 OK"
2025-08-21 19:02:54,926 [INFO] HTTP Request: POST https://yolo-soft-daylight.solana-mainnet.quiknode.pro/057ff3aa7f3e3d9633e475e6de4f8e148ceb4d7e "HTTP/1.1 200 OK"
2025-08-21 19:03:00,974 [INFO] HTTP Request: POST https://yolo-soft-daylight.solana-mainnet.quiknode.pro/057ff3aa7f3e3d9633e475e6de4f8e148ceb4d7e "HTTP/1.1 200 OK"
2025-08-21 19:03:02,256 [INFO] HTTP Request: POST https://yolo-soft-daylight.solana-mainnet.quiknode.pro/057ff3aa7f3e3d9633e475e6de4f8e148ceb4d7e "HTTP/1.1 200 OK"
2025-08-21 19:03:03,535 [INFO] HTTP Request: POST https://yolo-soft-daylight.solana-mainnet.quiknode.pro/057ff3aa7f3e3d9633e475e6de4f8e148ceb4d7e "HTTP/1.1 200 OK"
2025-08-21 19:03:09,651 [INFO] HTTP Request: POST https://yolo-soft-daylight.solana-mainnet.quiknode.pro/057ff3aa7f3e3d9633e475e6de4f8e148ceb4d7e "HTTP/1.1 200 OK"
2025-08-21 19:03:10,913 [INFO] HTTP Request: POST https://yolo-soft-daylight.solana-mainnet.quiknode.pro/057ff3aa7f3e3d9633e475e6de4f8e148ceb4d7e "HTTP/1.1 200 OK"
2025-08-21 19:03:12,185 [INFO] HTTP Request: POST https://yolo-soft-daylight.solana-mainnet.quiknode.pro/057ff3aa7f3e3d9633e475e6de4f8e148ceb4d7e "HTTP/1.1 200 OK"
2025-08-21 19:03:18,213 [INFO] HTTP Request: POST https://yolo-soft-daylight.solana-mainnet.quiknode.pro/057ff3aa7f3e3d9633e475e6de4f8e148ceb4d7e "HTTP/1.1 200 OK"
2025-08-21 19:03:19,477 [INFO] HTTP Request: POST https://yolo-soft-daylight.solana-mainnet.quiknode.pro/057ff3aa7f3e3d9633e475e6de4f8e148ceb4d7e "HTTP/1.1 200 OK"
2025-08-21 19:03:20,774 [INFO] HTTP Request: POST https://yolo-soft-daylight.solana-mainnet.quiknode.pro/057ff3aa7f3e3d9633e475e6de4f8e148ceb4d7e "HTTP/1.1 200 OK"
2025-08-21 19:03:26,819 [INFO] HTTP Request: POST https://yolo-soft-daylight.solana-mainnet.quiknode.pro/057ff3aa7f3e3d9633e475e6de4f8e148ceb4d7e "HTTP/1.1 200 OK"
2025-08-21 19:03:28,086 [INFO] HTTP Request: POST https://yolo-soft-daylight.solana-mainnet.quiknode.pro/057ff3aa7f3e3d9633e475e6de4f8e148ceb4d7e "HTTP/1.1 200 OK"
2025-08-21 19:03:29,387 [INFO] HTTP Request: POST https://yolo-soft-daylight.solana-mainnet.quiknode.pro/057ff3aa7f3e3d9633e475e6de4f8e148ceb4d7e "HTTP/1.1 200 OK"
2025-08-21 19:03:35,415 [INFO] HTTP Request: POST https://yolo-soft-daylight.solana-mainnet.quiknode.pro/057ff3aa7f3e3d9633e475e6de4f8e148ceb4d7e "HTTP/1.1 200 OK"
2025-08-21 19:03:36,697 [INFO] HTTP Request: POST https://yolo-soft-daylight.solana-mainnet.quiknode.pro/057ff3aa7f3e3d9633e475e6de4f8e148ceb4d7e "HTTP/1.1 200 OK"
2025-08-21 19:03:37,967 [INFO] HTTP Request: POST https://yolo-soft-daylight.solana-mainnet.quiknode.pro/057ff3aa7f3e3d9633e475e6de4f8e148ceb4d7e "HTTP/1.1 200 OK"
2025-08-21 19:03:43,998 [INFO] HTTP Request: POST https://yolo-soft-daylight.solana-mainnet.quiknode.pro/057ff3aa7f3e3d9633e475e6de4f8e148ceb4d7e "HTTP/1.1 200 OK"
2025-08-21 19:03:45,274 [INFO] HTTP Request: POST https://yolo-soft-daylight.solana-mainnet.quiknode.pro/057ff3aa7f3e3d9633e475e6de4f8e148ceb4d7e "HTTP/1.1 200 OK"
2025-08-21 19:03:46,540 [INFO] HTTP Request: POST https://yolo-soft-daylight.solana-mainnet.quiknode.pro/057ff3aa7f3e3d9633e475e6de4f8e148ceb4d7e "HTTP/1.1 200 OK"
2025-08-21 19:03:52,569 [INFO] HTTP Request: POST https://yolo-soft-daylight.solana-mainnet.quiknode.pro/057ff3aa7f3e3d9633e475e6de4f8e148ceb4d7e "HTTP/1.1 200 OK"
2025-08-21 19:03:53,851 [INFO] HTTP Request: POST https://yolo-soft-daylight.solana-mainnet.quiknode.pro/057ff3aa7f3e3d9633e475e6de4f8e148ceb4d7e "HTTP/1.1 200 OK"
2025-08-21 19:03:55,125 [INFO] HTTP Request: POST https://yolo-soft-daylight.solana-mainnet.quiknode.pro/057ff3aa7f3e3d9633e475e6de4f8e148ceb4d7e "HTTP/1.1 200 OK"
2025-08-21 19:04:01,157 [INFO] HTTP Request: POST https://yolo-soft-daylight.solana-mainnet.quiknode.pro/057ff3aa7f3e3d9633e475e6de4f8e148ceb4d7e "HTTP/1.1 200 OK"
2025-08-21 19:04:02,419 [INFO] HTTP Request: POST https://yolo-soft-daylight.solana-mainnet.quiknode.pro/057ff3aa7f3e3d9633e475e6de4f8e148ceb4d7e "HTTP/1.1 200 OK"
2025-08-21 19:04:03,761 [INFO] HTTP Request: POST https://yolo-soft-daylight.solana-mainnet.quiknode.pro/057ff3aa7f3e3d9633e475e6de4f8e148ceb4d7e "HTTP/1.1 200 OK"
2025-08-21 19:04:09,887 [INFO] HTTP Request: POST https://yolo-soft-daylight.solana-mainnet.quiknode.pro/057ff3aa7f3e3d9633e475e6de4f8e148ceb4d7e "HTTP/1.1 200 OK"
2025-08-21 19:04:11,130 [INFO] HTTP Request: POST https://yolo-soft-daylight.solana-mainnet.quiknode.pro/057ff3aa7f3e3d9633e475e6de4f8e148ceb4d7e "HTTP/1.1 200 OK"
2025-08-21 19:04:12,403 [INFO] HTTP Request: POST https://yolo-soft-daylight.solana-mainnet.quiknode.pro/057ff3aa7f3e3d9633e475e6de4f8e148ceb4d7e "HTTP/1.1 200 OK"
2025-08-21 19:04:18,452 [INFO] HTTP Request: POST https://yolo-soft-daylight.solana-mainnet.quiknode.pro/057ff3aa7f3e3d9633e475e6de4f8e148ceb4d7e "HTTP/1.1 200 OK"
2025-08-21 19:04:19,728 [INFO] HTTP Request: POST https://yolo-soft-daylight.solana-mainnet.quiknode.pro/057ff3aa7f3e3d9633e475e6de4f8e148ceb4d7e "HTTP/1.1 200 OK"
2025-08-21 19:04:21,051 [INFO] HTTP Request: POST https://yolo-soft-daylight.solana-mainnet.quiknode.pro/057ff3aa7f3e3d9633e475e6de4f8e148ceb4d7e "HTTP/1.1 200 OK"
2025-08-21 19:04:27,079 [INFO] HTTP Request: POST https://yolo-soft-daylight.solana-mainnet.quiknode.pro/057ff3aa7f3e3d9633e475e6de4f8e148ceb4d7e "HTTP/1.1 200 OK"
2025-08-21 19:04:28,337 [INFO] HTTP Request: POST https://yolo-soft-daylight.solana-mainnet.quiknode.pro/057ff3aa7f3e3d9633e475e6de4f8e148ceb4d7e "HTTP/1.1 200 OK"
2025-08-21 19:04:29,610 [INFO] HTTP Request: POST https://yolo-soft-daylight.solana-mainnet.quiknode.pro/057ff3aa7f3e3d9633e475e6de4f8e148ceb4d7e "HTTP/1.1 200 OK"
2025-08-21 19:04:35,675 [INFO] HTTP Request: POST https://yolo-soft-daylight.solana-mainnet.quiknode.pro/057ff3aa7f3e3d9633e475e6de4f8e148ceb4d7e "HTTP/1.1 200 OK"
2025-08-21 19:04:36,922 [INFO] HTTP Request: POST https://yolo-soft-daylight.solana-mainnet.quiknode.pro/057ff3aa7f3e3d9633e475e6de4f8e148ceb4d7e "HTTP/1.1 200 OK"
2025-08-21 19:04:38,169 [INFO] HTTP Request: POST https://yolo-soft-daylight.solana-mainnet.quiknode.pro/057ff3aa7f3e3d9633e475e6de4f8e148ceb4d7e "HTTP/1.1 200 OK"
2025-08-21 19:04:44,173 [INFO] HTTP Request: POST https://yolo-soft-daylight.solana-mainnet.quiknode.pro/057ff3aa7f3e3d9633e475e6de4f8e148ceb4d7e "HTTP/1.1 200 OK"
2025-08-21 19:04:45,434 [INFO] HTTP Request: POST https://yolo-soft-daylight.solana-mainnet.quiknode.pro/057ff3aa7f3e3d9633e475e6de4f8e148ceb4d7e "HTTP/1.1 200 OK"
2025-08-21 19:04:46,654 [INFO] HTTP Request: POST https://yolo-soft-daylight.solana-mainnet.quiknode.pro/057ff3aa7f3e3d9633e475e6de4f8e148ceb4d7e "HTTP/1.1 200 OK"
2025-08-21 19:04:52,651 [INFO] HTTP Request: POST https://yolo-soft-daylight.solana-mainnet.quiknode.pro/057ff3aa7f3e3d9633e475e6de4f8e148ceb4d7e "HTTP/1.1 200 OK"
2025-08-21 19:04:53,907 [INFO] HTTP Request: POST https://yolo-soft-daylight.solana-mainnet.quiknode.pro/057ff3aa7f3e3d9633e475e6de4f8e148ceb4d7e "HTTP/1.1 200 OK"
2025-08-21 19:04:55,164 [INFO] HTTP Request: POST https://yolo-soft-daylight.solana-mainnet.quiknode.pro/057ff3aa7f3e3d9633e475e6de4f8e148ceb4d7e "HTTP/1.1 200 OK"
2025-08-21 19:05:01,171 [INFO] HTTP Request: POST https://yolo-soft-daylight.solana-mainnet.quiknode.pro/057ff3aa7f3e3d9633e475e6de4f8e148ceb4d7e "HTTP/1.1 200 OK"
2025-08-21 19:05:02,435 [INFO] HTTP Request: POST https://yolo-soft-daylight.solana-mainnet.quiknode.pro/057ff3aa7f3e3d9633e475e6de4f8e148ceb4d7e "HTTP/1.1 200 OK"
2025-08-21 19:05:03,680 [INFO] HTTP Request: POST https://yolo-soft-daylight.solana-mainnet.quiknode.pro/057ff3aa7f3e3d9633e475e6de4f8e148ceb4d7e "HTTP/1.1 200 OK"
2025-08-21 19:05:09,777 [INFO] HTTP Request: POST https://yolo-soft-daylight.solana-mainnet.quiknode.pro/057ff3aa7f3e3d9633e475e6de4f8e148ceb4d7e "HTTP/1.1 200 OK"
2025-08-21 19:05:11,021 [INFO] HTTP Request: POST https://yolo-soft-daylight.solana-mainnet.quiknode.pro/057ff3aa7f3e3d9633e475e6de4f8e148ceb4d7e "HTTP/1.1 200 OK"
2025-08-21 19:05:12,267 [INFO] HTTP Request: POST https://yolo-soft-daylight.solana-mainnet.quiknode.pro/057ff3aa7f3e3d9633e475e6de4f8e148ceb4d7e "HTTP/1.1 200 OK"
2025-08-21 19:05:18,257 [INFO] HTTP Request: POST https://yolo-soft-daylight.solana-mainnet.quiknode.pro/057ff3aa7f3e3d9633e475e6de4f8e148ceb4d7e "HTTP/1.1 200 OK"
2025-08-21 19:05:19,505 [INFO] HTTP Request: POST https://yolo-soft-daylight.solana-mainnet.quiknode.pro/057ff3aa7f3e3d9633e475e6de4f8e148ceb4d7e "HTTP/1.1 200 OK"
2025-08-21 19:05:20,774 [INFO] HTTP Request: POST https://yolo-soft-daylight.solana-mainnet.quiknode.pro/057ff3aa7f3e3d9633e475e6de4f8e148ceb4d7e "HTTP/1.1 200 OK"
2025-08-21 19:05:26,875 [INFO] HTTP Request: POST https://yolo-soft-daylight.solana-mainnet.quiknode.pro/057ff3aa7f3e3d9633e475e6de4f8e148ceb4d7e "HTTP/1.1 200 OK"
2025-08-21 19:05:28,147 [INFO] HTTP Request: POST https://yolo-soft-daylight.solana-mainnet.quiknode.pro/057ff3aa7f3e3d9633e475e6de4f8e148ceb4d7e "HTTP/1.1 200 OK"
2025-08-21 19:05:29,431 [INFO] HTTP Request: POST https://yolo-soft-daylight.solana-mainnet.quiknode.pro/057ff3aa7f3e3d9633e475e6de4f8e148ceb4d7e "HTTP/1.1 200 OK"
2025-08-21 19:05:35,513 [INFO] HTTP Request: POST https://yolo-soft-daylight.solana-mainnet.quiknode.pro/057ff3aa7f3e3d9633e475e6de4f8e148ceb4d7e "HTTP/1.1 200 OK"
2025-08-21 19:05:36,818 [INFO] HTTP Request: POST https://yolo-soft-daylight.solana-mainnet.quiknode.pro/057ff3aa7f3e3d9633e475e6de4f8e148ceb4d7e "HTTP/1.1 200 OK"
2025-08-21 19:05:38,048 [INFO] HTTP Request: POST https://yolo-soft-daylight.solana-mainnet.quiknode.pro/057ff3aa7f3e3d9633e475e6de4f8e148ceb4d7e "HTTP/1.1 200 OK"
2025-08-21 19:05:44,075 [INFO] HTTP Request: POST https://yolo-soft-daylight.solana-mainnet.quiknode.pro/057ff3aa7f3e3d9633e475e6de4f8e148ceb4d7e "HTTP/1.1 200 OK"
2025-08-21 19:05:45,332 [INFO] HTTP Request: POST https://yolo-soft-daylight.solana-mainnet.quiknode.pro/057ff3aa7f3e3d9633e475e6de4f8e148ceb4d7e "HTTP/1.1 200 OK"
2025-08-21 19:05:46,584 [INFO] HTTP Request: POST https://yolo-soft-daylight.solana-mainnet.quiknode.pro/057ff3aa7f3e3d9633e475e6de4f8e148ceb4d7e "HTTP/1.1 200 OK"
2025-08-21 19:05:52,713 [INFO] HTTP Request: POST https://yolo-soft-daylight.solana-mainnet.quiknode.pro/057ff3aa7f3e3d9633e475e6de4f8e148ceb4d7e "HTTP/1.1 200 OK"
2025-08-21 19:05:53,954 [INFO] HTTP Request: POST https://yolo-soft-daylight.solana-mainnet.quiknode.pro/057ff3aa7f3e3d9633e475e6de4f8e148ceb4d7e "HTTP/1.1 200 OK"
2025-08-21 19:05:55,202 [INFO] HTTP Request: POST https://yolo-soft-daylight.solana-mainnet.quiknode.pro/057ff3aa7f3e3d9633e475e6de4f8e148ceb4d7e "HTTP/1.1 200 OK"
2025-08-21 19:06:01,260 [INFO] HTTP Request: POST https://yolo-soft-daylight.solana-mainnet.quiknode.pro/057ff3aa7f3e3d9633e475e6de4f8e148ceb4d7e "HTTP/1.1 200 OK"
2025-08-21 19:06:02,487 [INFO] HTTP Request: POST https://yolo-soft-daylight.solana-mainnet.quiknode.pro/057ff3aa7f3e3d9633e475e6de4f8e148ceb4d7e "HTTP/1.1 200 OK"
2025-08-21 19:06:03,716 [INFO] HTTP Request: POST https://yolo-soft-daylight.solana-mainnet.quiknode.pro/057ff3aa7f3e3d9633e475e6de4f8e148ceb4d7e "HTTP/1.1 200 OK"
2025-08-21 19:06:09,769 [INFO] HTTP Request: POST https://yolo-soft-daylight.solana-mainnet.quiknode.pro/057ff3aa7f3e3d9633e475e6de4f8e148ceb4d7e "HTTP/1.1 200 OK"
2025-08-21 19:06:11,017 [INFO] HTTP Request: POST https://yolo-soft-daylight.solana-mainnet.quiknode.pro/057ff3aa7f3e3d9633e475e6de4f8e148ceb4d7e "HTTP/1.1 200 OK"
2025-08-21 19:06:12,238 [INFO] HTTP Request: POST https://yolo-soft-daylight.solana-mainnet.quiknode.pro/057ff3aa7f3e3d9633e475e6de4f8e148ceb4d7e "HTTP/1.1 200 OK"
2025-08-21 19:06:18,240 [INFO] HTTP Request: POST https://yolo-soft-daylight.solana-mainnet.quiknode.pro/057ff3aa7f3e3d9633e475e6de4f8e148ceb4d7e "HTTP/1.1 200 OK"
2025-08-21 19:06:19,501 [INFO] HTTP Request: POST https://yolo-soft-daylight.solana-mainnet.quiknode.pro/057ff3aa7f3e3d9633e475e6de4f8e148ceb4d7e "HTTP/1.1 200 OK"
2025-08-21 19:06:20,748 [INFO] HTTP Request: POST https://yolo-soft-daylight.solana-mainnet.quiknode.pro/057ff3aa7f3e3d9633e475e6de4f8e148ceb4d7e "HTTP/1.1 200 OK"
2025-08-21 19:06:26,730 [INFO] HTTP Request: POST https://yolo-soft-daylight.solana-mainnet.quiknode.pro/057ff3aa7f3e3d9633e475e6de4f8e148ceb4d7e "HTTP/1.1 200 OK"
2025-08-21 19:06:27,956 [INFO] HTTP Request: POST https://yolo-soft-daylight.solana-mainnet.quiknode.pro/057ff3aa7f3e3d9633e475e6de4f8e148ceb4d7e "HTTP/1.1 200 OK"
2025-08-21 19:06:29,213 [INFO] HTTP Request: POST https://yolo-soft-daylight.solana-mainnet.quiknode.pro/057ff3aa7f3e3d9633e475e6de4f8e148ceb4d7e "HTTP/1.1 200 OK"
2025-08-21 19:06:35,229 [INFO] HTTP Request: POST https://yolo-soft-daylight.solana-mainnet.quiknode.pro/057ff3aa7f3e3d9633e475e6de4f8e148ceb4d7e "HTTP/1.1 200 OK"
2025-08-21 19:06:36,535 [INFO] HTTP Request: POST https://yolo-soft-daylight.solana-mainnet.quiknode.pro/057ff3aa7f3e3d9633e475e6de4f8e148ceb4d7e "HTTP/1.1 200 OK"
2025-08-21 19:06:37,800 [INFO] HTTP Request: POST https://yolo-soft-daylight.solana-mainnet.quiknode.pro/057ff3aa7f3e3d9633e475e6de4f8e148ceb4d7e "HTTP/1.1 200 OK"
2025-08-21 19:06:43,817 [INFO] HTTP Request: POST https://yolo-soft-daylight.solana-mainnet.quiknode.pro/057ff3aa7f3e3d9633e475e6de4f8e148ceb4d7e "HTTP/1.1 200 OK"
2025-08-21 19:06:45,064 [INFO] HTTP Request: POST https://yolo-soft-daylight.solana-mainnet.quiknode.pro/057ff3aa7f3e3d9633e475e6de4f8e148ceb4d7e "HTTP/1.1 200 OK"
2025-08-21 19:06:46,320 [INFO] HTTP Request: POST https://yolo-soft-daylight.solana-mainnet.quiknode.pro/057ff3aa7f3e3d9633e475e6de4f8e148ceb4d7e "HTTP/1.1 200 OK"
2025-08-21 19:06:52,334 [INFO] HTTP Request: POST https://yolo-soft-daylight.solana-mainnet.quiknode.pro/057ff3aa7f3e3d9633e475e6de4f8e148ceb4d7e "HTTP/1.1 200 OK"
2025-08-21 19:06:53,566 [INFO] HTTP Request: POST https://yolo-soft-daylight.solana-mainnet.quiknode.pro/057ff3aa7f3e3d9633e475e6de4f8e148ceb4d7e "HTTP/1.1 200 OK"
2025-08-21 19:06:54,805 [INFO] HTTP Request: POST https://yolo-soft-daylight.solana-mainnet.quiknode.pro/057ff3aa7f3e3d9633e475e6de4f8e148ceb4d7e "HTTP/1.1 200 OK"
2025-08-21 19:07:00,819 [INFO] HTTP Request: POST https://yolo-soft-daylight.solana-mainnet.quiknode.pro/057ff3aa7f3e3d9633e475e6de4f8e148ceb4d7e "HTTP/1.1 200 OK"
2025-08-21 19:07:02,061 [INFO] HTTP Request: POST https://yolo-soft-daylight.solana-mainnet.quiknode.pro/057ff3aa7f3e3d9633e475e6de4f8e148ceb4d7e "HTTP/1.1 200 OK"
2025-08-21 19:07:03,320 [INFO] HTTP Request: POST https://yolo-soft-daylight.solana-mainnet.quiknode.pro/057ff3aa7f3e3d9633e475e6de4f8e148ceb4d7e "HTTP/1.1 200 OK"
2025-08-21 19:07:09,355 [INFO] HTTP Request: POST https://yolo-soft-daylight.solana-mainnet.quiknode.pro/057ff3aa7f3e3d9633e475e6de4f8e148ceb4d7e "HTTP/1.1 200 OK"
2025-08-21 19:07:10,687 [INFO] HTTP Request: POST https://yolo-soft-daylight.solana-mainnet.quiknode.pro/057ff3aa7f3e3d9633e475e6de4f8e148ceb4d7e "HTTP/1.1 200 OK"
2025-08-21 19:07:11,970 [INFO] HTTP Request: POST https://yolo-soft-daylight.solana-mainnet.quiknode.pro/057ff3aa7f3e3d9633e475e6de4f8e148ceb4d7e "HTTP/1.1 200 OK"
2025-08-21 19:07:17,970 [INFO] HTTP Request: POST https://yolo-soft-daylight.solana-mainnet.quiknode.pro/057ff3aa7f3e3d9633e475e6de4f8e148ceb4d7e "HTTP/1.1 200 OK"
2025-08-21 19:07:19,206 [INFO] HTTP Request: POST https://yolo-soft-daylight.solana-mainnet.quiknode.pro/057ff3aa7f3e3d9633e475e6de4f8e148ceb4d7e "HTTP/1.1 200 OK"
2025-08-21 19:07:20,467 [INFO] HTTP Request: POST https://yolo-soft-daylight.solana-mainnet.quiknode.pro/057ff3aa7f3e3d9633e475e6de4f8e148ceb4d7e "HTTP/1.1 200 OK"
2025-08-21 19:07:26,509 [INFO] HTTP Request: POST https://yolo-soft-daylight.solana-mainnet.quiknode.pro/057ff3aa7f3e3d9633e475e6de4f8e148ceb4d7e "HTTP/1.1 200 OK"
2025-08-21 19:07:27,794 [INFO] HTTP Request: POST https://yolo-soft-daylight.solana-mainnet.quiknode.pro/057ff3aa7f3e3d9633e475e6de4f8e148ceb4d7e "HTTP/1.1 200 OK"
2025-08-21 19:07:29,041 [INFO] HTTP Request: POST https://yolo-soft-daylight.solana-mainnet.quiknode.pro/057ff3aa7f3e3d9633e475e6de4f8e148ceb4d7e "HTTP/1.1 200 OK"
2025-08-21 19:07:35,061 [INFO] HTTP Request: POST https://yolo-soft-daylight.solana-mainnet.quiknode.pro/057ff3aa7f3e3d9633e475e6de4f8e148ceb4d7e "HTTP/1.1 200 OK"
2025-08-21 19:07:36,345 [INFO] HTTP Request: POST https://yolo-soft-daylight.solana-mainnet.quiknode.pro/057ff3aa7f3e3d9633e475e6de4f8e148ceb4d7e "HTTP/1.1 200 OK"
2025-08-21 19:07:37,602 [INFO] HTTP Request: POST https://yolo-soft-daylight.solana-mainnet.quiknode.pro/057ff3aa7f3e3d9633e475e6de4f8e148ceb4d7e "HTTP/1.1 200 OK"
2025-08-21 19:07:43,685 [INFO] HTTP Request: POST https://yolo-soft-daylight.solana-mainnet.quiknode.pro/057ff3aa7f3e3d9633e475e6de4f8e148ceb4d7e "HTTP/1.1 200 OK"
2025-08-21 19:07:44,927 [INFO] HTTP Request: POST https://yolo-soft-daylight.solana-mainnet.quiknode.pro/057ff3aa7f3e3d9633e475e6de4f8e148ceb4d7e "HTTP/1.1 200 OK"
2025-08-21 19:07:46,168 [INFO] HTTP Request: POST https://yolo-soft-daylight.solana-mainnet.quiknode.pro/057ff3aa7f3e3d9633e475e6de4f8e148ceb4d7e "HTTP/1.1 200 OK"
2025-08-21 19:07:52,226 [INFO] HTTP Request: POST https://yolo-soft-daylight.solana-mainnet.quiknode.pro/057ff3aa7f3e3d9633e475e6de4f8e148ceb4d7e "HTTP/1.1 200 OK"
2025-08-21 19:07:53,476 [INFO] HTTP Request: POST https://yolo-soft-daylight.solana-mainnet.quiknode.pro/057ff3aa7f3e3d9633e475e6de4f8e148ceb4d7e "HTTP/1.1 200 OK"
2025-08-21 19:07:54,719 [INFO] HTTP Request: POST https://yolo-soft-daylight.solana-mainnet.quiknode.pro/057ff3aa7f3e3d9633e475e6de4f8e148ceb4d7e "HTTP/1.1 200 OK"
2025-08-21 19:08:00,763 [INFO] HTTP Request: POST https://yolo-soft-daylight.solana-mainnet.quiknode.pro/057ff3aa7f3e3d9633e475e6de4f8e148ceb4d7e "HTTP/1.1 200 OK"
2025-08-21 19:08:02,116 [INFO] HTTP Request: POST https://yolo-soft-daylight.solana-mainnet.quiknode.pro/057ff3aa7f3e3d9633e475e6de4f8e148ceb4d7e "HTTP/1.1 200 OK"
2025-08-21 19:08:03,381 [INFO] HTTP Request: POST https://yolo-soft-daylight.solana-mainnet.quiknode.pro/057ff3aa7f3e3d9633e475e6de4f8e148ceb4d7e "HTTP/1.1 200 OK"
2025-08-21 19:08:09,380 [INFO] HTTP Request: POST https://yolo-soft-daylight.solana-mainnet.quiknode.pro/057ff3aa7f3e3d9633e475e6de4f8e148ceb4d7e "HTTP/1.1 200 OK"
2025-08-21 19:08:10,623 [INFO] HTTP Request: POST https://yolo-soft-daylight.solana-mainnet.quiknode.pro/057ff3aa7f3e3d9633e475e6de4f8e148ceb4d7e "HTTP/1.1 200 OK"
2025-08-21 19:08:11,944 [INFO] HTTP Request: POST https://yolo-soft-daylight.solana-mainnet.quiknode.pro/057ff3aa7f3e3d9633e475e6de4f8e148ceb4d7e "HTTP/1.1 200 OK"
2025-08-21 19:08:17,947 [INFO] HTTP Request: POST https://yolo-soft-daylight.solana-mainnet.quiknode.pro/057ff3aa7f3e3d9633e475e6de4f8e148ceb4d7e "HTTP/1.1 200 OK"
2025-08-21 19:08:19,218 [INFO] HTTP Request: POST https://yolo-soft-daylight.solana-mainnet.quiknode.pro/057ff3aa7f3e3d9633e475e6de4f8e148ceb4d7e "HTTP/1.1 200 OK"
2025-08-21 19:08:20,448 [INFO] HTTP Request: POST https://yolo-soft-daylight.solana-mainnet.quiknode.pro/057ff3aa7f3e3d9633e475e6de4f8e148ceb4d7e "HTTP/1.1 200 OK"
2025-08-21 19:08:26,487 [INFO] HTTP Request: POST https://yolo-soft-daylight.solana-mainnet.quiknode.pro/057ff3aa7f3e3d9633e475e6de4f8e148ceb4d7e "HTTP/1.1 200 OK"
2025-08-21 19:08:27,765 [INFO] HTTP Request: POST https://yolo-soft-daylight.solana-mainnet.quiknode.pro/057ff3aa7f3e3d9633e475e6de4f8e148ceb4d7e "HTTP/1.1 200 OK"
2025-08-21 19:08:28,998 [INFO] HTTP Request: POST https://yolo-soft-daylight.solana-mainnet.quiknode.pro/057ff3aa7f3e3d9633e475e6de4f8e148ceb4d7e "HTTP/1.1 200 OK"
2025-08-21 19:08:35,016 [INFO] HTTP Request: POST https://yolo-soft-daylight.solana-mainnet.quiknode.pro/057ff3aa7f3e3d9633e475e6de4f8e148ceb4d7e "HTTP/1.1 200 OK"
2025-08-21 19:08:36,285 [INFO] HTTP Request: POST https://yolo-soft-daylight.solana-mainnet.quiknode.pro/057ff3aa7f3e3d9633e475e6de4f8e148ceb4d7e "HTTP/1.1 200 OK"
2025-08-21 19:08:37,531 [INFO] HTTP Request: POST https://yolo-soft-daylight.solana-mainnet.quiknode.pro/057ff3aa7f3e3d9633e475e6de4f8e148ceb4d7e "HTTP/1.1 200 OK"
2025-08-21 19:08:43,531 [INFO] HTTP Request: POST https://yolo-soft-daylight.solana-mainnet.quiknode.pro/057ff3aa7f3e3d9633e475e6de4f8e148ceb4d7e "HTTP/1.1 200 OK"
2025-08-21 19:08:44,774 [INFO] HTTP Request: POST https://yolo-soft-daylight.solana-mainnet.quiknode.pro/057ff3aa7f3e3d9633e475e6de4f8e148ceb4d7e "HTTP/1.1 200 OK"
2025-08-21 19:08:46,013 [INFO] HTTP Request: POST https://yolo-soft-daylight.solana-mainnet.quiknode.pro/057ff3aa7f3e3d9633e475e6de4f8e148ceb4d7e "HTTP/1.1 200 OK"
2025-08-21 19:08:52,013 [INFO] HTTP Request: POST https://yolo-soft-daylight.solana-mainnet.quiknode.pro/057ff3aa7f3e3d9633e475e6de4f8e148ceb4d7e "HTTP/1.1 200 OK"
2025-08-21 19:08:53,250 [INFO] HTTP Request: POST https://yolo-soft-daylight.solana-mainnet.quiknode.pro/057ff3aa7f3e3d9633e475e6de4f8e148ceb4d7e "HTTP/1.1 200 OK"
2025-08-21 19:08:54,497 [INFO] HTTP Request: POST https://yolo-soft-daylight.solana-mainnet.quiknode.pro/057ff3aa7f3e3d9633e475e6de4f8e148ceb4d7e "HTTP/1.1 200 OK"
2025-08-21 19:09:00,522 [INFO] HTTP Request: POST https://yolo-soft-daylight.solana-mainnet.quiknode.pro/057ff3aa7f3e3d9633e475e6de4f8e148ceb4d7e "HTTP/1.1 200 OK"
2025-08-21 19:09:01,761 [INFO] HTTP Request: POST https://yolo-soft-daylight.solana-mainnet.quiknode.pro/057ff3aa7f3e3d9633e475e6de4f8e148ceb4d7e "HTTP/1.1 200 OK"
2025-08-21 19:09:03,035 [INFO] HTTP Request: POST https://yolo-soft-daylight.solana-mainnet.quiknode.pro/057ff3aa7f3e3d9633e475e6de4f8e148ceb4d7e "HTTP/1.1 200 OK"
2025-08-21 19:09:09,043 [INFO] HTTP Request: POST https://yolo-soft-daylight.solana-mainnet.quiknode.pro/057ff3aa7f3e3d9633e475e6de4f8e148ceb4d7e "HTTP/1.1 200 OK"
2025-08-21 19:09:10,274 [INFO] HTTP Request: POST https://yolo-soft-daylight.solana-mainnet.quiknode.pro/057ff3aa7f3e3d9633e475e6de4f8e148ceb4d7e "HTTP/1.1 200 OK"
2025-08-21 19:09:11,512 [INFO] HTTP Request: POST https://yolo-soft-daylight.solana-mainnet.quiknode.pro/057ff3aa7f3e3d9633e475e6de4f8e148ceb4d7e "HTTP/1.1 200 OK"
2025-08-21 19:09:17,600 [INFO] HTTP Request: POST https://yolo-soft-daylight.solana-mainnet.quiknode.pro/057ff3aa7f3e3d9633e475e6de4f8e148ceb4d7e "HTTP/1.1 200 OK"
2025-08-21 19:09:18,852 [INFO] HTTP Request: POST https://yolo-soft-daylight.solana-mainnet.quiknode.pro/057ff3aa7f3e3d9633e475e6de4f8e148ceb4d7e "HTTP/1.1 200 OK"
2025-08-21 19:09:20,089 [INFO] HTTP Request: POST https://yolo-soft-daylight.solana-mainnet.quiknode.pro/057ff3aa7f3e3d9633e475e6de4f8e148ceb4d7e "HTTP/1.1 200 OK"
2025-08-21 19:09:26,119 [INFO] HTTP Request: POST https://yolo-soft-daylight.solana-mainnet.quiknode.pro/057ff3aa7f3e3d9633e475e6de4f8e148ceb4d7e "HTTP/1.1 200 OK"
2025-08-21 19:09:27,356 [INFO] HTTP Request: POST https://yolo-soft-daylight.solana-mainnet.quiknode.pro/057ff3aa7f3e3d9633e475e6de4f8e148ceb4d7e "HTTP/1.1 200 OK"
2025-08-21 19:09:28,625 [INFO] HTTP Request: POST https://yolo-soft-daylight.solana-mainnet.quiknode.pro/057ff3aa7f3e3d9633e475e6de4f8e148ceb4d7e "HTTP/1.1 200 OK"
2025-08-21 19:09:34,627 [INFO] HTTP Request: POST https://yolo-soft-daylight.solana-mainnet.quiknode.pro/057ff3aa7f3e3d9633e475e6de4f8e148ceb4d7e "HTTP/1.1 200 OK"
2025-08-21 19:09:35,868 [INFO] HTTP Request: POST https://yolo-soft-daylight.solana-mainnet.quiknode.pro/057ff3aa7f3e3d9633e475e6de4f8e148ceb4d7e "HTTP/1.1 200 OK"
2025-08-21 19:09:37,107 [INFO] HTTP Request: POST https://yolo-soft-daylight.solana-mainnet.quiknode.pro/057ff3aa7f3e3d9633e475e6de4f8e148ceb4d7e "HTTP/1.1 200 OK"
2025-08-21 19:09:43,156 [INFO] HTTP Request: POST https://yolo-soft-daylight.solana-mainnet.quiknode.pro/057ff3aa7f3e3d9633e475e6de4f8e148ceb4d7e "HTTP/1.1 200 OK"
2025-08-21 19:09:44,368 [INFO] HTTP Request: POST https://yolo-soft-daylight.solana-mainnet.quiknode.pro/057ff3aa7f3e3d9633e475e6de4f8e148ceb4d7e "HTTP/1.1 200 OK"
2025-08-21 19:09:45,608 [INFO] HTTP Request: POST https://yolo-soft-daylight.solana-mainnet.quiknode.pro/057ff3aa7f3e3d9633e475e6de4f8e148ceb4d7e "HTTP/1.1 200 OK"
2025-08-21 19:09:51,628 [INFO] HTTP Request: POST https://yolo-soft-daylight.solana-mainnet.quiknode.pro/057ff3aa7f3e3d9633e475e6de4f8e148ceb4d7e "HTTP/1.1 200 OK"
2025-08-21 19:09:52,843 [INFO] HTTP Request: POST https://yolo-soft-daylight.solana-mainnet.quiknode.pro/057ff3aa7f3e3d9633e475e6de4f8e148ceb4d7e "HTTP/1.1 200 OK"
2025-08-21 19:09:54,083 [INFO] HTTP Request: POST https://yolo-soft-daylight.solana-mainnet.quiknode.pro/057ff3aa7f3e3d9633e475e6de4f8e148ceb4d7e "HTTP/1.1 200 OK"
2025-08-21 19:10:00,080 [INFO] HTTP Request: POST https://yolo-soft-daylight.solana-mainnet.quiknode.pro/057ff3aa7f3e3d9633e475e6de4f8e148ceb4d7e "HTTP/1.1 200 OK"
2025-08-21 19:10:01,314 [INFO] HTTP Request: POST https://yolo-soft-daylight.solana-mainnet.quiknode.pro/057ff3aa7f3e3d9633e475e6de4f8e148ceb4d7e "HTTP/1.1 200 OK"
2025-08-21 19:10:02,579 [INFO] HTTP Request: POST https://yolo-soft-daylight.solana-mainnet.quiknode.pro/057ff3aa7f3e3d9633e475e6de4f8e148ceb4d7e "HTTP/1.1 200 OK"
2025-08-21 19:10:08,580 [INFO] HTTP Request: POST https://yolo-soft-daylight.solana-mainnet.quiknode.pro/057ff3aa7f3e3d9633e475e6de4f8e148ceb4d7e "HTTP/1.1 200 OK"
2025-08-21 19:10:09,829 [INFO] HTTP Request: POST https://yolo-soft-daylight.solana-mainnet.quiknode.pro/057ff3aa7f3e3d9633e475e6de4f8e148ceb4d7e "HTTP/1.1 200 OK"
2025-08-21 19:10:11,090 [INFO] HTTP Request: POST https://yolo-soft-daylight.solana-mainnet.quiknode.pro/057ff3aa7f3e3d9633e475e6de4f8e148ceb4d7e "HTTP/1.1 200 OK"
2025-08-21 19:10:17,123 [INFO] HTTP Request: POST https://yolo-soft-daylight.solana-mainnet.quiknode.pro/057ff3aa7f3e3d9633e475e6de4f8e148ceb4d7e "HTTP/1.1 200 OK"
2025-08-21 19:10:18,454 [INFO] HTTP Request: POST https://yolo-soft-daylight.solana-mainnet.quiknode.pro/057ff3aa7f3e3d9633e475e6de4f8e148ceb4d7e "HTTP/1.1 200 OK"
2025-08-21 19:10:19,788 [INFO] HTTP Request: POST https://yolo-soft-daylight.solana-mainnet.quiknode.pro/057ff3aa7f3e3d9633e475e6de4f8e148ceb4d7e "HTTP/1.1 200 OK"
2025-08-21 19:10:25,781 [INFO] HTTP Request: POST https://yolo-soft-daylight.solana-mainnet.quiknode.pro/057ff3aa7f3e3d9633e475e6de4f8e148ceb4d7e "HTTP/1.1 200 OK"
2025-08-21 19:10:27,019 [INFO] HTTP Request: POST https://yolo-soft-daylight.solana-mainnet.quiknode.pro/057ff3aa7f3e3d9633e475e6de4f8e148ceb4d7e "HTTP/1.1 200 OK"
2025-08-21 19:10:28,255 [INFO] HTTP Request: POST https://yolo-soft-daylight.solana-mainnet.quiknode.pro/057ff3aa7f3e3d9633e475e6de4f8e148ceb4d7e "HTTP/1.1 200 OK"
2025-08-21 19:10:34,267 [INFO] HTTP Request: POST https://yolo-soft-daylight.solana-mainnet.quiknode.pro/057ff3aa7f3e3d9633e475e6de4f8e148ceb4d7e "HTTP/1.1 200 OK"
2025-08-21 19:10:35,522 [INFO] HTTP Request: POST https://yolo-soft-daylight.solana-mainnet.quiknode.pro/057ff3aa7f3e3d9633e475e6de4f8e148ceb4d7e "HTTP/1.1 200 OK"
2025-08-21 19:10:36,753 [INFO] HTTP Request: POST https://yolo-soft-daylight.solana-mainnet.quiknode.pro/057ff3aa7f3e3d9633e475e6de4f8e148ceb4d7e "HTTP/1.1 200 OK"
2025-08-21 19:10:42,755 [INFO] HTTP Request: POST https://yolo-soft-daylight.solana-mainnet.quiknode.pro/057ff3aa7f3e3d9633e475e6de4f8e148ceb4d7e "HTTP/1.1 200 OK"
2025-08-21 19:10:44,010 [INFO] HTTP Request: POST https://yolo-soft-daylight.solana-mainnet.quiknode.pro/057ff3aa7f3e3d9633e475e6de4f8e148ceb4d7e "HTTP/1.1 200 OK"
2025-08-21 19:10:45,254 [INFO] HTTP Request: POST https://yolo-soft-daylight.solana-mainnet.quiknode.pro/057ff3aa7f3e3d9633e475e6de4f8e148ceb4d7e "HTTP/1.1 200 OK"
2025-08-21 19:10:51,426 [INFO] HTTP Request: POST https://yolo-soft-daylight.solana-mainnet.quiknode.pro/057ff3aa7f3e3d9633e475e6de4f8e148ceb4d7e "HTTP/1.1 200 OK"
2025-08-21 19:10:52,678 [INFO] HTTP Request: POST https://yolo-soft-daylight.solana-mainnet.quiknode.pro/057ff3aa7f3e3d9633e475e6de4f8e148ceb4d7e "HTTP/1.1 200 OK"
2025-08-21 19:10:53,949 [INFO] HTTP Request: POST https://yolo-soft-daylight.solana-mainnet.quiknode.pro/057ff3aa7f3e3d9633e475e6de4f8e148ceb4d7e "HTTP/1.1 200 OK"
2025-08-21 19:10:59,954 [INFO] HTTP Request: POST https://yolo-soft-daylight.solana-mainnet.quiknode.pro/057ff3aa7f3e3d9633e475e6de4f8e148ceb4d7e "HTTP/1.1 200 OK"
2025-08-21 19:11:01,210 [INFO] HTTP Request: POST https://yolo-soft-daylight.solana-mainnet.quiknode.pro/057ff3aa7f3e3d9633e475e6de4f8e148ceb4d7e "HTTP/1.1 200 OK"
2025-08-21 19:11:02,446 [INFO] HTTP Request: POST https://yolo-soft-daylight.solana-mainnet.quiknode.pro/057ff3aa7f3e3d9633e475e6de4f8e148ceb4d7e "HTTP/1.1 200 OK"
2025-08-21 19:11:08,440 [INFO] HTTP Request: POST https://yolo-soft-daylight.solana-mainnet.quiknode.pro/057ff3aa7f3e3d9633e475e6de4f8e148ceb4d7e "HTTP/1.1 200 OK"
2025-08-21 19:11:09,663 [INFO] HTTP Request: POST https://yolo-soft-daylight.solana-mainnet.quiknode.pro/057ff3aa7f3e3d9633e475e6de4f8e148ceb4d7e "HTTP/1.1 200 OK"
2025-08-21 19:11:10,919 [INFO] HTTP Request: POST https://yolo-soft-daylight.solana-mainnet.quiknode.pro/057ff3aa7f3e3d9633e475e6de4f8e148ceb4d7e "HTTP/1.1 200 OK"
2025-08-21 19:11:16,930 [INFO] HTTP Request: POST https://yolo-soft-daylight.solana-mainnet.quiknode.pro/057ff3aa7f3e3d9633e475e6de4f8e148ceb4d7e "HTTP/1.1 200 OK"
2025-08-21 19:11:18,183 [INFO] HTTP Request: POST https://yolo-soft-daylight.solana-mainnet.quiknode.pro/057ff3aa7f3e3d9633e475e6de4f8e148ceb4d7e "HTTP/1.1 200 OK"
2025-08-21 19:11:19,495 [INFO] HTTP Request: POST https://yolo-soft-daylight.solana-mainnet.quiknode.pro/057ff3aa7f3e3d9633e475e6de4f8e148ceb4d7e "HTTP/1.1 200 OK"
2025-08-21 19:11:25,491 [INFO] HTTP Request: POST https://yolo-soft-daylight.solana-mainnet.quiknode.pro/057ff3aa7f3e3d9633e475e6de4f8e148ceb4d7e "HTTP/1.1 200 OK"
2025-08-21 19:11:26,745 [INFO] HTTP Request: POST https://yolo-soft-daylight.solana-mainnet.quiknode.pro/057ff3aa7f3e3d9633e475e6de4f8e148ceb4d7e "HTTP/1.1 200 OK"
2025-08-21 19:11:27,991 [INFO] HTTP Request: POST https://yolo-soft-daylight.solana-mainnet.quiknode.pro/057ff3aa7f3e3d9633e475e6de4f8e148ceb4d7e "HTTP/1.1 200 OK"
2025-08-21 19:11:34,029 [INFO] HTTP Request: POST https://yolo-soft-daylight.solana-mainnet.quiknode.pro/057ff3aa7f3e3d9633e475e6de4f8e148ceb4d7e "HTTP/1.1 200 OK"
2025-08-21 19:11:35,289 [INFO] HTTP Request: POST https://yolo-soft-daylight.solana-mainnet.quiknode.pro/057ff3aa7f3e3d9633e475e6de4f8e148ceb4d7e "HTTP/1.1 200 OK"
2025-08-21 19:11:36,565 [INFO] HTTP Request: POST https://yolo-soft-daylight.solana-mainnet.quiknode.pro/057ff3aa7f3e3d9633e475e6de4f8e148ceb4d7e "HTTP/1.1 200 OK"
2025-08-21 19:11:42,559 [INFO] HTTP Request: POST https://yolo-soft-daylight.solana-mainnet.quiknode.pro/057ff3aa7f3e3d9633e475e6de4f8e148ceb4d7e "HTTP/1.1 200 OK"
2025-08-21 19:11:43,815 [INFO] HTTP Request: POST https://yolo-soft-daylight.solana-mainnet.quiknode.pro/057ff3aa7f3e3d9633e475e6de4f8e148ceb4d7e "HTTP/1.1 200 OK"
2025-08-21 19:11:45,060 [INFO] HTTP Request: POST https://yolo-soft-daylight.solana-mainnet.quiknode.pro/057ff3aa7f3e3d9633e475e6de4f8e148ceb4d7e "HTTP/1.1 200 OK"
2025-08-21 19:11:51,071 [INFO] HTTP Request: POST https://yolo-soft-daylight.solana-mainnet.quiknode.pro/057ff3aa7f3e3d9633e475e6de4f8e148ceb4d7e "HTTP/1.1 200 OK"
2025-08-21 19:11:52,319 [INFO] HTTP Request: POST https://yolo-soft-daylight.solana-mainnet.quiknode.pro/057ff3aa7f3e3d9633e475e6de4f8e148ceb4d7e "HTTP/1.1 200 OK"
2025-08-21 19:11:53,568 [INFO] HTTP Request: POST https://yolo-soft-daylight.solana-mainnet.quiknode.pro/057ff3aa7f3e3d9633e475e6de4f8e148ceb4d7e "HTTP/1.1 200 OK"
2025-08-21 19:11:59,564 [INFO] HTTP Request: POST https://yolo-soft-daylight.solana-mainnet.quiknode.pro/057ff3aa7f3e3d9633e475e6de4f8e148ceb4d7e "HTTP/1.1 200 OK"
2025-08-21 19:12:00,834 [INFO] HTTP Request: POST https://yolo-soft-daylight.solana-mainnet.quiknode.pro/057ff3aa7f3e3d9633e475e6de4f8e148ceb4d7e "HTTP/1.1 200 OK"
2025-08-21 19:12:02,084 [INFO] HTTP Request: POST https://yolo-soft-daylight.solana-mainnet.quiknode.pro/057ff3aa7f3e3d9633e475e6de4f8e148ceb4d7e "HTTP/1.1 200 OK"
2025-08-21 19:12:08,203 [INFO] HTTP Request: POST https://yolo-soft-daylight.solana-mainnet.quiknode.pro/057ff3aa7f3e3d9633e475e6de4f8e148ceb4d7e "HTTP/1.1 200 OK"
2025-08-21 19:12:09,667 [INFO] HTTP Request: POST https://yolo-soft-daylight.solana-mainnet.quiknode.pro/057ff3aa7f3e3d9633e475e6de4f8e148ceb4d7e "HTTP/1.1 200 OK"
2025-08-21 19:12:11,303 [INFO] HTTP Request: POST https://yolo-soft-daylight.solana-mainnet.quiknode.pro/057ff3aa7f3e3d9633e475e6de4f8e148ceb4d7e "HTTP/1.1 200 OK"
2025-08-21 19:12:17,390 [INFO] HTTP Request: POST https://yolo-soft-daylight.solana-mainnet.quiknode.pro/057ff3aa7f3e3d9633e475e6de4f8e148ceb4d7e "HTTP/1.1 200 OK"
2025-08-21 19:12:18,763 [INFO] HTTP Request: POST https://yolo-soft-daylight.solana-mainnet.quiknode.pro/057ff3aa7f3e3d9633e475e6de4f8e148ceb4d7e "HTTP/1.1 200 OK"
2025-08-21 19:12:20,118 [INFO] HTTP Request: POST https://yolo-soft-daylight.solana-mainnet.quiknode.pro/057ff3aa7f3e3d9633e475e6de4f8e148ceb4d7e "HTTP/1.1 200 OK"
2025-08-21 19:12:26,406 [INFO] HTTP Request: POST https://yolo-soft-daylight.solana-mainnet.quiknode.pro/057ff3aa7f3e3d9633e475e6de4f8e148ceb4d7e "HTTP/1.1 200 OK"
2025-08-21 19:12:27,872 [INFO] HTTP Request: POST https://yolo-soft-daylight.solana-mainnet.quiknode.pro/057ff3aa7f3e3d9633e475e6de4f8e148ceb4d7e "HTTP/1.1 200 OK"
2025-08-21 19:12:29,244 [INFO] HTTP Request: POST https://yolo-soft-daylight.solana-mainnet.quiknode.pro/057ff3aa7f3e3d9633e475e6de4f8e148ceb4d7e "HTTP/1.1 200 OK"
2025-08-21 19:12:35,244 [INFO] HTTP Request: POST https://yolo-soft-daylight.solana-mainnet.quiknode.pro/057ff3aa7f3e3d9633e475e6de4f8e148ceb4d7e "HTTP/1.1 200 OK"
2025-08-21 19:12:36,497 [INFO] HTTP Request: POST https://yolo-soft-daylight.solana-mainnet.quiknode.pro/057ff3aa7f3e3d9633e475e6de4f8e148ceb4d7e "HTTP/1.1 200 OK"
2025-08-21 19:12:37,731 [INFO] HTTP Request: POST https://yolo-soft-daylight.solana-mainnet.quiknode.pro/057ff3aa7f3e3d9633e475e6de4f8e148ceb4d7e "HTTP/1.1 200 OK"
2025-08-21 19:12:43,739 [INFO] HTTP Request: POST https://yolo-soft-daylight.solana-mainnet.quiknode.pro/057ff3aa7f3e3d9633e475e6de4f8e148ceb4d7e "HTTP/1.1 200 OK"
2025-08-21 19:12:44,963 [INFO] HTTP Request: POST https://yolo-soft-daylight.solana-mainnet.quiknode.pro/057ff3aa7f3e3d9633e475e6de4f8e148ceb4d7e "HTTP/1.1 200 OK"
2025-08-21 19:12:46,237 [INFO] HTTP Request: POST https://yolo-soft-daylight.solana-mainnet.quiknode.pro/057ff3aa7f3e3d9633e475e6de4f8e148ceb4d7e "HTTP/1.1 200 OK"
2025-08-21 19:12:52,233 [INFO] HTTP Request: POST https://yolo-soft-daylight.solana-mainnet.quiknode.pro/057ff3aa7f3e3d9633e475e6de4f8e148ceb4d7e "HTTP/1.1 200 OK"
2025-08-21 19:12:53,426 [INFO] HTTP Request: POST https://yolo-soft-daylight.solana-mainnet.quiknode.pro/057ff3aa7f3e3d9633e475e6de4f8e148ceb4d7e "HTTP/1.1 200 OK"
2025-08-21 19:12:54,693 [INFO] HTTP Request: POST https://yolo-soft-daylight.solana-mainnet.quiknode.pro/057ff3aa7f3e3d9633e475e6de4f8e148ceb4d7e "HTTP/1.1 200 OK"
2025-08-21 19:13:00,726 [INFO] HTTP Request: POST https://yolo-soft-daylight.solana-mainnet.quiknode.pro/057ff3aa7f3e3d9633e475e6de4f8e148ceb4d7e "HTTP/1.1 200 OK"
2025-08-21 19:13:01,953 [INFO] HTTP Request: POST https://yolo-soft-daylight.solana-mainnet.quiknode.pro/057ff3aa7f3e3d9633e475e6de4f8e148ceb4d7e "HTTP/1.1 200 OK"
2025-08-21 19:13:03,195 [INFO] HTTP Request: POST https://yolo-soft-daylight.solana-mainnet.quiknode.pro/057ff3aa7f3e3d9633e475e6de4f8e148ceb4d7e "HTTP/1.1 200 OK"
2025-08-21 19:13:09,199 [INFO] HTTP Request: POST https://yolo-soft-daylight.solana-mainnet.quiknode.pro/057ff3aa7f3e3d9633e475e6de4f8e148ceb4d7e "HTTP/1.1 200 OK"
2025-08-21 19:13:10,413 [INFO] HTTP Request: POST https://yolo-soft-daylight.solana-mainnet.quiknode.pro/057ff3aa7f3e3d9633e475e6de4f8e148ceb4d7e "HTTP/1.1 200 OK"
2025-08-21 19:13:11,655 [INFO] HTTP Request: POST https://yolo-soft-daylight.solana-mainnet.quiknode.pro/057ff3aa7f3e3d9633e475e6de4f8e148ceb4d7e "HTTP/1.1 200 OK"
2025-08-21 19:13:17,657 [INFO] HTTP Request: POST https://yolo-soft-daylight.solana-mainnet.quiknode.pro/057ff3aa7f3e3d9633e475e6de4f8e148ceb4d7e "HTTP/1.1 200 OK"
2025-08-21 19:13:18,919 [INFO] HTTP Request: POST https://yolo-soft-daylight.solana-mainnet.quiknode.pro/057ff3aa7f3e3d9633e475e6de4f8e148ceb4d7e "HTTP/1.1 200 OK"
2025-08-21 19:13:20,219 [INFO] HTTP Request: POST https://yolo-soft-daylight.solana-mainnet.quiknode.pro/057ff3aa7f3e3d9633e475e6de4f8e148ceb4d7e "HTTP/1.1 200 OK"
2025-08-21 19:13:26,247 [INFO] HTTP Request: POST https://yolo-soft-daylight.solana-mainnet.quiknode.pro/057ff3aa7f3e3d9633e475e6de4f8e148ceb4d7e "HTTP/1.1 200 OK"
2025-08-21 19:13:27,509 [INFO] HTTP Request: POST https://yolo-soft-daylight.solana-mainnet.quiknode.pro/057ff3aa7f3e3d9633e475e6de4f8e148ceb4d7e "HTTP/1.1 200 OK"
2025-08-21 19:13:28,741 [INFO] HTTP Request: POST https://yolo-soft-daylight.solana-mainnet.quiknode.pro/057ff3aa7f3e3d9633e475e6de4f8e148ceb4d7e "HTTP/1.1 200 OK"
2025-08-21 19:13:34,750 [INFO] HTTP Request: POST https://yolo-soft-daylight.solana-mainnet.quiknode.pro/057ff3aa7f3e3d9633e475e6de4f8e148ceb4d7e "HTTP/1.1 200 OK"
2025-08-21 19:13:35,992 [INFO] HTTP Request: POST https://yolo-soft-daylight.solana-mainnet.quiknode.pro/057ff3aa7f3e3d9633e475e6de4f8e148ceb4d7e "HTTP/1.1 200 OK"
2025-08-21 19:13:37,233 [INFO] HTTP Request: POST https://yolo-soft-daylight.solana-mainnet.quiknode.pro/057ff3aa7f3e3d9633e475e6de4f8e148ceb4d7e "HTTP/1.1 200 OK"
2025-08-21 19:13:43,234 [INFO] HTTP Request: POST https://yolo-soft-daylight.solana-mainnet.quiknode.pro/057ff3aa7f3e3d9633e475e6de4f8e148ceb4d7e "HTTP/1.1 200 OK"
2025-08-21 19:13:44,456 [INFO] HTTP Request: POST https://yolo-soft-daylight.solana-mainnet.quiknode.pro/057ff3aa7f3e3d9633e475e6de4f8e148ceb4d7e "HTTP/1.1 200 OK"
2025-08-21 19:13:45,696 [INFO] HTTP Request: POST https://yolo-soft-daylight.solana-mainnet.quiknode.pro/057ff3aa7f3e3d9633e475e6de4f8e148ceb4d7e "HTTP/1.1 200 OK"
2025-08-21 19:13:51,710 [INFO] HTTP Request: POST https://yolo-soft-daylight.solana-mainnet.quiknode.pro/057ff3aa7f3e3d9633e475e6de4f8e148ceb4d7e "HTTP/1.1 200 OK"
2025-08-21 19:13:52,932 [INFO] HTTP Request: POST https://yolo-soft-daylight.solana-mainnet.quiknode.pro/057ff3aa7f3e3d9633e475e6de4f8e148ceb4d7e "HTTP/1.1 200 OK"
2025-08-21 19:13:54,179 [INFO] HTTP Request: POST https://yolo-soft-daylight.solana-mainnet.quiknode.pro/057ff3aa7f3e3d9633e475e6de4f8e148ceb4d7e "HTTP/1.1 200 OK"
2025-08-21 19:14:00,197 [INFO] HTTP Request: POST https://yolo-soft-daylight.solana-mainnet.quiknode.pro/057ff3aa7f3e3d9633e475e6de4f8e148ceb4d7e "HTTP/1.1 200 OK"
2025-08-21 19:14:01,461 [INFO] HTTP Request: POST https://yolo-soft-daylight.solana-mainnet.quiknode.pro/057ff3aa7f3e3d9633e475e6de4f8e148ceb4d7e "HTTP/1.1 200 OK"
2025-08-21 19:14:02,737 [INFO] HTTP Request: POST https://yolo-soft-daylight.solana-mainnet.quiknode.pro/057ff3aa7f3e3d9633e475e6de4f8e148ceb4d7e "HTTP/1.1 200 OK"
2025-08-21 19:14:08,755 [INFO] HTTP Request: POST https://yolo-soft-daylight.solana-mainnet.quiknode.pro/057ff3aa7f3e3d9633e475e6de4f8e148ceb4d7e "HTTP/1.1 200 OK"
2025-08-21 19:14:09,988 [INFO] HTTP Request: POST https://yolo-soft-daylight.solana-mainnet.quiknode.pro/057ff3aa7f3e3d9633e475e6de4f8e148ceb4d7e "HTTP/1.1 200 OK"
2025-08-21 19:14:11,234 [INFO] HTTP Request: POST https://yolo-soft-daylight.solana-mainnet.quiknode.pro/057ff3aa7f3e3d9633e475e6de4f8e148ceb4d7e "HTTP/1.1 200 OK"
2025-08-21 19:14:17,238 [INFO] HTTP Request: POST https://yolo-soft-daylight.solana-mainnet.quiknode.pro/057ff3aa7f3e3d9633e475e6de4f8e148ceb4d7e "HTTP/1.1 200 OK"
2025-08-21 19:14:18,465 [INFO] HTTP Request: POST https://yolo-soft-daylight.solana-mainnet.quiknode.pro/057ff3aa7f3e3d9633e475e6de4f8e148ceb4d7e "HTTP/1.1 200 OK"
2025-08-21 19:14:19,756 [INFO] HTTP Request: POST https://yolo-soft-daylight.solana-mainnet.quiknode.pro/057ff3aa7f3e3d9633e475e6de4f8e148ceb4d7e "HTTP/1.1 200 OK"
2025-08-21 19:14:25,752 [INFO] HTTP Request: POST https://yolo-soft-daylight.solana-mainnet.quiknode.pro/057ff3aa7f3e3d9633e475e6de4f8e148ceb4d7e "HTTP/1.1 200 OK"
2025-08-21 19:14:26,999 [INFO] HTTP Request: POST https://yolo-soft-daylight.solana-mainnet.quiknode.pro/057ff3aa7f3e3d9633e475e6de4f8e148ceb4d7e "HTTP/1.1 200 OK"
2025-08-21 19:14:28,232 [INFO] HTTP Request: POST https://yolo-soft-daylight.solana-mainnet.quiknode.pro/057ff3aa7f3e3d9633e475e6de4f8e148ceb4d7e "HTTP/1.1 200 OK"
2025-08-21 19:14:34,217 [INFO] HTTP Request: POST https://yolo-soft-daylight.solana-mainnet.quiknode.pro/057ff3aa7f3e3d9633e475e6de4f8e148ceb4d7e "HTTP/1.1 200 OK"
2025-08-21 19:14:35,443 [INFO] HTTP Request: POST https://yolo-soft-daylight.solana-mainnet.quiknode.pro/057ff3aa7f3e3d9633e475e6de4f8e148ceb4d7e "HTTP/1.1 200 OK"
2025-08-21 19:14:36,722 [INFO] HTTP Request: POST https://yolo-soft-daylight.solana-mainnet.quiknode.pro/057ff3aa7f3e3d9633e475e6de4f8e148ceb4d7e "HTTP/1.1 200 OK"
2025-08-21 19:14:42,740 [INFO] HTTP Request: POST https://yolo-soft-daylight.solana-mainnet.quiknode.pro/057ff3aa7f3e3d9633e475e6de4f8e148ceb4d7e "HTTP/1.1 200 OK"
2025-08-21 19:14:44,016 [INFO] HTTP Request: POST https://yolo-soft-daylight.solana-mainnet.quiknode.pro/057ff3aa7f3e3d9633e475e6de4f8e148ceb4d7e "HTTP/1.1 200 OK"
2025-08-21 19:14:45,248 [INFO] HTTP Request: POST https://yolo-soft-daylight.solana-mainnet.quiknode.pro/057ff3aa7f3e3d9633e475e6de4f8e148ceb4d7e "HTTP/1.1 200 OK"
2025-08-21 19:14:51,246 [INFO] HTTP Request: POST https://yolo-soft-daylight.solana-mainnet.quiknode.pro/057ff3aa7f3e3d9633e475e6de4f8e148ceb4d7e "HTTP/1.1 200 OK"
2025-08-21 19:14:52,495 [INFO] HTTP Request: POST https://yolo-soft-daylight.solana-mainnet.quiknode.pro/057ff3aa7f3e3d9633e475e6de4f8e148ceb4d7e "HTTP/1.1 200 OK"
2025-08-21 19:14:53,748 [INFO] HTTP Request: POST https://yolo-soft-daylight.solana-mainnet.quiknode.pro/057ff3aa7f3e3d9633e475e6de4f8e148ceb4d7e "HTTP/1.1 200 OK"
2025-08-21 19:14:59,758 [INFO] HTTP Request: POST https://yolo-soft-daylight.solana-mainnet.quiknode.pro/057ff3aa7f3e3d9633e475e6de4f8e148ceb4d7e "HTTP/1.1 200 OK"
2025-08-21 19:15:01,045 [INFO] HTTP Request: POST https://yolo-soft-daylight.solana-mainnet.quiknode.pro/057ff3aa7f3e3d9633e475e6de4f8e148ceb4d7e "HTTP/1.1 200 OK"
2025-08-21 19:15:02,311 [INFO] HTTP Request: POST https://yolo-soft-daylight.solana-mainnet.quiknode.pro/057ff3aa7f3e3d9633e475e6de4f8e148ceb4d7e "HTTP/1.1 200 OK"
2025-08-21 19:15:08,325 [INFO] HTTP Request: POST https://yolo-soft-daylight.solana-mainnet.quiknode.pro/057ff3aa7f3e3d9633e475e6de4f8e148ceb4d7e "HTTP/1.1 200 OK"
2025-08-21 19:15:09,567 [INFO] HTTP Request: POST https://yolo-soft-daylight.solana-mainnet.quiknode.pro/057ff3aa7f3e3d9633e475e6de4f8e148ceb4d7e "HTTP/1.1 200 OK"
2025-08-21 19:15:10,822 [INFO] HTTP Request: POST https://yolo-soft-daylight.solana-mainnet.quiknode.pro/057ff3aa7f3e3d9633e475e6de4f8e148ceb4d7e "HTTP/1.1 200 OK"
2025-08-21 19:15:16,871 [INFO] HTTP Request: POST https://yolo-soft-daylight.solana-mainnet.quiknode.pro/057ff3aa7f3e3d9633e475e6de4f8e148ceb4d7e "HTTP/1.1 200 OK"
2025-08-21 19:15:18,116 [INFO] HTTP Request: POST https://yolo-soft-daylight.solana-mainnet.quiknode.pro/057ff3aa7f3e3d9633e475e6de4f8e148ceb4d7e "HTTP/1.1 200 OK"
2025-08-21 19:15:19,355 [INFO] HTTP Request: POST https://yolo-soft-daylight.solana-mainnet.quiknode.pro/057ff3aa7f3e3d9633e475e6de4f8e148ceb4d7e "HTTP/1.1 200 OK"
2025-08-21 19:15:25,734 [INFO] HTTP Request: POST https://yolo-soft-daylight.solana-mainnet.quiknode.pro/057ff3aa7f3e3d9633e475e6de4f8e148ceb4d7e "HTTP/1.1 200 OK"
2025-08-21 19:15:27,003 [INFO] HTTP Request: POST https://yolo-soft-daylight.solana-mainnet.quiknode.pro/057ff3aa7f3e3d9633e475e6de4f8e148ceb4d7e "HTTP/1.1 200 OK"
2025-08-21 19:15:28,499 [INFO] HTTP Request: POST https://yolo-soft-daylight.solana-mainnet.quiknode.pro/057ff3aa7f3e3d9633e475e6de4f8e148ceb4d7e "HTTP/1.1 200 OK"
2025-08-21 19:15:34,554 [INFO] HTTP Request: POST https://yolo-soft-daylight.solana-mainnet.quiknode.pro/057ff3aa7f3e3d9633e475e6de4f8e148ceb4d7e "HTTP/1.1 200 OK"
2025-08-21 19:15:36,219 [INFO] HTTP Request: POST https://yolo-soft-daylight.solana-mainnet.quiknode.pro/057ff3aa7f3e3d9633e475e6de4f8e148ceb4d7e "HTTP/1.1 200 OK"
2025-08-21 19:15:37,745 [INFO] HTTP Request: POST https://yolo-soft-daylight.solana-mainnet.quiknode.pro/057ff3aa7f3e3d9633e475e6de4f8e148ceb4d7e "HTTP/1.1 200 OK"
2025-08-21 19:15:45,103 [INFO] HTTP Request: POST https://yolo-soft-daylight.solana-mainnet.quiknode.pro/057ff3aa7f3e3d9633e475e6de4f8e148ceb4d7e "HTTP/1.1 200 OK"
2025-08-21 19:15:46,895 [INFO] HTTP Request: POST https://yolo-soft-daylight.solana-mainnet.quiknode.pro/057ff3aa7f3e3d9633e475e6de4f8e148ceb4d7e "HTTP/1.1 200 OK"
2025-08-21 19:15:48,334 [INFO] HTTP Request: POST https://yolo-soft-daylight.solana-mainnet.quiknode.pro/057ff3aa7f3e3d9633e475e6de4f8e148ceb4d7e "HTTP/1.1 200 OK"
2025-08-21 19:15:54,414 [INFO] HTTP Request: POST https://yolo-soft-daylight.solana-mainnet.quiknode.pro/057ff3aa7f3e3d9633e475e6de4f8e148ceb4d7e "HTTP/1.1 200 OK"
2025-08-21 19:15:55,791 [INFO] HTTP Request: POST https://yolo-soft-daylight.solana-mainnet.quiknode.pro/057ff3aa7f3e3d9633e475e6de4f8e148ceb4d7e "HTTP/1.1 200 OK"
2025-08-21 19:15:57,303 [INFO] HTTP Request: POST https://yolo-soft-daylight.solana-mainnet.quiknode.pro/057ff3aa7f3e3d9633e475e6de4f8e148ceb4d7e "HTTP/1.1 200 OK"
2025-08-21 19:16:03,526 [INFO] HTTP Request: POST https://yolo-soft-daylight.solana-mainnet.quiknode.pro/057ff3aa7f3e3d9633e475e6de4f8e148ceb4d7e "HTTP/1.1 200 OK"
2025-08-21 19:16:04,950 [INFO] HTTP Request: POST https://yolo-soft-daylight.solana-mainnet.quiknode.pro/057ff3aa7f3e3d9633e475e6de4f8e148ceb4d7e "HTTP/1.1 200 OK"
2025-08-21 19:16:06,565 [INFO] HTTP Request: POST https://yolo-soft-daylight.solana-mainnet.quiknode.pro/057ff3aa7f3e3d9633e475e6de4f8e148ceb4d7e "HTTP/1.1 200 OK"
2025-08-21 19:16:12,808 [INFO] HTTP Request: POST https://yolo-soft-daylight.solana-mainnet.quiknode.pro/057ff3aa7f3e3d9633e475e6de4f8e148ceb4d7e "HTTP/1.1 200 OK"
2025-08-21 19:16:14,204 [INFO] HTTP Request: POST https://yolo-soft-daylight.solana-mainnet.quiknode.pro/057ff3aa7f3e3d9633e475e6de4f8e148ceb4d7e "HTTP/1.1 200 OK"
2025-08-21 19:16:15,633 [INFO] HTTP Request: POST https://yolo-soft-daylight.solana-mainnet.quiknode.pro/057ff3aa7f3e3d9633e475e6de4f8e148ceb4d7e "HTTP/1.1 200 OK"
2025-08-21 19:16:22,110 [INFO] HTTP Request: POST https://yolo-soft-daylight.solana-mainnet.quiknode.pro/057ff3aa7f3e3d9633e475e6de4f8e148ceb4d7e "HTTP/1.1 200 OK"
2025-08-21 19:16:23,555 [INFO] HTTP Request: POST https://yolo-soft-daylight.solana-mainnet.quiknode.pro/057ff3aa7f3e3d9633e475e6de4f8e148ceb4d7e "HTTP/1.1 200 OK"
2025-08-21 19:16:24,979 [INFO] HTTP Request: POST https://yolo-soft-daylight.solana-mainnet.quiknode.pro/057ff3aa7f3e3d9633e475e6de4f8e148ceb4d7e "HTTP/1.1 200 OK"
2025-08-21 19:16:31,224 [INFO] HTTP Request: POST https://yolo-soft-daylight.solana-mainnet.quiknode.pro/057ff3aa7f3e3d9633e475e6de4f8e148ceb4d7e "HTTP/1.1 200 OK"
2025-08-21 19:16:32,608 [INFO] HTTP Request: POST https://yolo-soft-daylight.solana-mainnet.quiknode.pro/057ff3aa7f3e3d9633e475e6de4f8e148ceb4d7e "HTTP/1.1 200 OK"
2025-08-21 19:16:34,213 [INFO] HTTP Request: POST https://yolo-soft-daylight.solana-mainnet.quiknode.pro/057ff3aa7f3e3d9633e475e6de4f8e148ceb4d7e "HTTP/1.1 200 OK"
2025-08-21 19:16:40,436 [INFO] HTTP Request: POST https://yolo-soft-daylight.solana-mainnet.quiknode.pro/057ff3aa7f3e3d9633e475e6de4f8e148ceb4d7e "HTTP/1.1 200 OK"
2025-08-21 19:16:42,659 [INFO] HTTP Request: POST https://yolo-soft-daylight.solana-mainnet.quiknode.pro/057ff3aa7f3e3d9633e475e6de4f8e148ceb4d7e "HTTP/1.1 200 OK"
2025-08-21 19:16:44,244 [INFO] HTTP Request: POST https://yolo-soft-daylight.solana-mainnet.quiknode.pro/057ff3aa7f3e3d9633e475e6de4f8e148ceb4d7e "HTTP/1.1 200 OK"
2025-08-21 19:16:50,506 [INFO] HTTP Request: POST https://yolo-soft-daylight.solana-mainnet.quiknode.pro/057ff3aa7f3e3d9633e475e6de4f8e148ceb4d7e "HTTP/1.1 200 OK"
2025-08-21 19:16:51,896 [INFO] HTTP Request: POST https://yolo-soft-daylight.solana-mainnet.quiknode.pro/057ff3aa7f3e3d9633e475e6de4f8e148ceb4d7e "HTTP/1.1 200 OK"
2025-08-21 19:16:53,259 [INFO] HTTP Request: POST https://yolo-soft-daylight.solana-mainnet.quiknode.pro/057ff3aa7f3e3d9633e475e6de4f8e148ceb4d7e "HTTP/1.1 200 OK"
2025-08-21 19:16:59,395 [INFO] HTTP Request: POST https://yolo-soft-daylight.solana-mainnet.quiknode.pro/057ff3aa7f3e3d9633e475e6de4f8e148ceb4d7e "HTTP/1.1 200 OK"
2025-08-21 19:17:00,816 [INFO] HTTP Request: POST https://yolo-soft-daylight.solana-mainnet.quiknode.pro/057ff3aa7f3e3d9633e475e6de4f8e148ceb4d7e "HTTP/1.1 200 OK"
2025-08-21 19:17:02,148 [INFO] HTTP Request: POST https://yolo-soft-daylight.solana-mainnet.quiknode.pro/057ff3aa7f3e3d9633e475e6de4f8e148ceb4d7e "HTTP/1.1 200 OK"
2025-08-21 19:17:08,363 [INFO] HTTP Request: POST https://yolo-soft-daylight.solana-mainnet.quiknode.pro/057ff3aa7f3e3d9633e475e6de4f8e148ceb4d7e "HTTP/1.1 200 OK"
2025-08-21 19:17:09,763 [INFO] HTTP Request: POST https://yolo-soft-daylight.solana-mainnet.quiknode.pro/057ff3aa7f3e3d9633e475e6de4f8e148ceb4d7e "HTTP/1.1 200 OK"
2025-08-21 19:17:11,087 [INFO] HTTP Request: POST https://yolo-soft-daylight.solana-mainnet.quiknode.pro/057ff3aa7f3e3d9633e475e6de4f8e148ceb4d7e "HTTP/1.1 200 OK"
2025-08-21 19:17:17,196 [INFO] HTTP Request: POST https://yolo-soft-daylight.solana-mainnet.quiknode.pro/057ff3aa7f3e3d9633e475e6de4f8e148ceb4d7e "HTTP/1.1 200 OK"
2025-08-21 19:17:18,497 [INFO] HTTP Request: POST https://yolo-soft-daylight.solana-mainnet.quiknode.pro/057ff3aa7f3e3d9633e475e6de4f8e148ceb4d7e "HTTP/1.1 200 OK"
2025-08-21 19:17:19,832 [INFO] HTTP Request: POST https://yolo-soft-daylight.solana-mainnet.quiknode.pro/057ff3aa7f3e3d9633e475e6de4f8e148ceb4d7e "HTTP/1.1 200 OK"
2025-08-21 19:17:26,150 [INFO] HTTP Request: POST https://yolo-soft-daylight.solana-mainnet.quiknode.pro/057ff3aa7f3e3d9633e475e6de4f8e148ceb4d7e "HTTP/1.1 200 OK"
2025-08-21 19:17:27,532 [INFO] HTTP Request: POST https://yolo-soft-daylight.solana-mainnet.quiknode.pro/057ff3aa7f3e3d9633e475e6de4f8e148ceb4d7e "HTTP/1.1 200 OK"
2025-08-21 19:17:28,993 [INFO] HTTP Request: POST https://yolo-soft-daylight.solana-mainnet.quiknode.pro/057ff3aa7f3e3d9633e475e6de4f8e148ceb4d7e "HTTP/1.1 200 OK"
2025-08-21 19:17:35,496 [INFO] HTTP Request: POST https://yolo-soft-daylight.solana-mainnet.quiknode.pro/057ff3aa7f3e3d9633e475e6de4f8e148ceb4d7e "HTTP/1.1 200 OK"
2025-08-21 19:17:36,878 [INFO] HTTP Request: POST https://yolo-soft-daylight.solana-mainnet.quiknode.pro/057ff3aa7f3e3d9633e475e6de4f8e148ceb4d7e "HTTP/1.1 200 OK"
2025-08-21 19:17:38,285 [INFO] HTTP Request: POST https://yolo-soft-daylight.solana-mainnet.quiknode.pro/057ff3aa7f3e3d9633e475e6de4f8e148ceb4d7e "HTTP/1.1 200 OK"
2025-08-21 19:17:44,578 [INFO] HTTP Request: POST https://yolo-soft-daylight.solana-mainnet.quiknode.pro/057ff3aa7f3e3d9633e475e6de4f8e148ceb4d7e "HTTP/1.1 200 OK"
2025-08-21 19:17:46,114 [INFO] HTTP Request: POST https://yolo-soft-daylight.solana-mainnet.quiknode.pro/057ff3aa7f3e3d9633e475e6de4f8e148ceb4d7e "HTTP/1.1 200 OK"
2025-08-21 19:17:47,516 [INFO] HTTP Request: POST https://yolo-soft-daylight.solana-mainnet.quiknode.pro/057ff3aa7f3e3d9633e475e6de4f8e148ceb4d7e "HTTP/1.1 200 OK"
2025-08-21 19:17:54,168 [INFO] HTTP Request: POST https://yolo-soft-daylight.solana-mainnet.quiknode.pro/057ff3aa7f3e3d9633e475e6de4f8e148ceb4d7e "HTTP/1.1 200 OK"
2025-08-21 19:17:56,577 [INFO] HTTP Request: POST https://yolo-soft-daylight.solana-mainnet.quiknode.pro/057ff3aa7f3e3d9633e475e6de4f8e148ceb4d7e "HTTP/1.1 200 OK"
2025-08-21 19:17:58,202 [INFO] HTTP Request: POST https://yolo-soft-daylight.solana-mainnet.quiknode.pro/057ff3aa7f3e3d9633e475e6de4f8e148ceb4d7e "HTTP/1.1 200 OK"
2025-08-21 19:18:04,292 [INFO] HTTP Request: POST https://yolo-soft-daylight.solana-mainnet.quiknode.pro/057ff3aa7f3e3d9633e475e6de4f8e148ceb4d7e "HTTP/1.1 200 OK"
2025-08-21 19:18:05,589 [INFO] HTTP Request: POST https://yolo-soft-daylight.solana-mainnet.quiknode.pro/057ff3aa7f3e3d9633e475e6de4f8e148ceb4d7e "HTTP/1.1 200 OK"
2025-08-21 19:18:06,917 [INFO] HTTP Request: POST https://yolo-soft-daylight.solana-mainnet.quiknode.pro/057ff3aa7f3e3d9633e475e6de4f8e148ceb4d7e "HTTP/1.1 200 OK"
2025-08-21 19:18:12,963 [INFO] HTTP Request: POST https://yolo-soft-daylight.solana-mainnet.quiknode.pro/057ff3aa7f3e3d9633e475e6de4f8e148ceb4d7e "HTTP/1.1 200 OK"
2025-08-21 19:18:14,482 [INFO] HTTP Request: POST https://yolo-soft-daylight.solana-mainnet.quiknode.pro/057ff3aa7f3e3d9633e475e6de4f8e148ceb4d7e "HTTP/1.1 200 OK"
2025-08-21 19:18:15,792 [INFO] HTTP Request: POST https://yolo-soft-daylight.solana-mainnet.quiknode.pro/057ff3aa7f3e3d9633e475e6de4f8e148ceb4d7e "HTTP/1.1 200 OK"
2025-08-21 19:18:21,905 [INFO] HTTP Request: POST https://yolo-soft-daylight.solana-mainnet.quiknode.pro/057ff3aa7f3e3d9633e475e6de4f8e148ceb4d7e "HTTP/1.1 200 OK"
2025-08-21 19:18:23,202 [INFO] HTTP Request: POST https://yolo-soft-daylight.solana-mainnet.quiknode.pro/057ff3aa7f3e3d9633e475e6de4f8e148ceb4d7e "HTTP/1.1 200 OK"
2025-08-21 19:18:24,487 [INFO] HTTP Request: POST https://yolo-soft-daylight.solana-mainnet.quiknode.pro/057ff3aa7f3e3d9633e475e6de4f8e148ceb4d7e "HTTP/1.1 200 OK"
2025-08-21 19:18:30,607 [INFO] HTTP Request: POST https://yolo-soft-daylight.solana-mainnet.quiknode.pro/057ff3aa7f3e3d9633e475e6de4f8e148ceb4d7e "HTTP/1.1 200 OK"
2025-08-21 19:18:32,332 [INFO] HTTP Request: POST https://yolo-soft-daylight.solana-mainnet.quiknode.pro/057ff3aa7f3e3d9633e475e6de4f8e148ceb4d7e "HTTP/1.1 200 OK"
2025-08-21 19:18:33,926 [INFO] HTTP Request: POST https://yolo-soft-daylight.solana-mainnet.quiknode.pro/057ff3aa7f3e3d9633e475e6de4f8e148ceb4d7e "HTTP/1.1 200 OK"
2025-08-21 19:18:40,367 [INFO] HTTP Request: POST https://yolo-soft-daylight.solana-mainnet.quiknode.pro/057ff3aa7f3e3d9633e475e6de4f8e148ceb4d7e "HTTP/1.1 200 OK"
2025-08-21 19:18:41,692 [INFO] HTTP Request: POST https://yolo-soft-daylight.solana-mainnet.quiknode.pro/057ff3aa7f3e3d9633e475e6de4f8e148ceb4d7e "HTTP/1.1 200 OK"
2025-08-21 19:18:43,022 [INFO] HTTP Request: POST https://yolo-soft-daylight.solana-mainnet.quiknode.pro/057ff3aa7f3e3d9633e475e6de4f8e148ceb4d7e "HTTP/1.1 200 OK"
2025-08-21 19:18:49,446 [INFO] HTTP Request: POST https://yolo-soft-daylight.solana-mainnet.quiknode.pro/057ff3aa7f3e3d9633e475e6de4f8e148ceb4d7e "HTTP/1.1 200 OK"
2025-08-21 19:18:51,192 [INFO] HTTP Request: POST https://yolo-soft-daylight.solana-mainnet.quiknode.pro/057ff3aa7f3e3d9633e475e6de4f8e148ceb4d7e "HTTP/1.1 200 OK"
2025-08-21 19:18:52,999 [INFO] HTTP Request: POST https://yolo-soft-daylight.solana-mainnet.quiknode.pro/057ff3aa7f3e3d9633e475e6de4f8e148ceb4d7e "HTTP/1.1 200 OK"
2025-08-21 19:18:59,474 [INFO] HTTP Request: POST https://yolo-soft-daylight.solana-mainnet.quiknode.pro/057ff3aa7f3e3d9633e475e6de4f8e148ceb4d7e "HTTP/1.1 200 OK"
2025-08-21 19:19:01,208 [INFO] HTTP Request: POST https://yolo-soft-daylight.solana-mainnet.quiknode.pro/057ff3aa7f3e3d9633e475e6de4f8e148ceb4d7e "HTTP/1.1 200 OK"
2025-08-21 19:19:03,350 [INFO] HTTP Request: POST https://yolo-soft-daylight.solana-mainnet.quiknode.pro/057ff3aa7f3e3d9633e475e6de4f8e148ceb4d7e "HTTP/1.1 200 OK"
2025-08-21 19:19:09,929 [INFO] HTTP Request: POST https://yolo-soft-daylight.solana-mainnet.quiknode.pro/057ff3aa7f3e3d9633e475e6de4f8e148ceb4d7e "HTTP/1.1 200 OK"
2025-08-21 19:19:11,610 [INFO] HTTP Request: POST https://yolo-soft-daylight.solana-mainnet.quiknode.pro/057ff3aa7f3e3d9633e475e6de4f8e148ceb4d7e "HTTP/1.1 200 OK"
2025-08-21 19:19:13,478 [INFO] HTTP Request: POST https://yolo-soft-daylight.solana-mainnet.quiknode.pro/057ff3aa7f3e3d9633e475e6de4f8e148ceb4d7e "HTTP/1.1 200 OK"
2025-08-21 19:19:20,027 [INFO] HTTP Request: POST https://yolo-soft-daylight.solana-mainnet.quiknode.pro/057ff3aa7f3e3d9633e475e6de4f8e148ceb4d7e "HTTP/1.1 200 OK"
2025-08-21 19:19:21,627 [INFO] HTTP Request: POST https://yolo-soft-daylight.solana-mainnet.quiknode.pro/057ff3aa7f3e3d9633e475e6de4f8e148ceb4d7e "HTTP/1.1 200 OK"
2025-08-21 19:19:23,357 [INFO] HTTP Request: POST https://yolo-soft-daylight.solana-mainnet.quiknode.pro/057ff3aa7f3e3d9633e475e6de4f8e148ceb4d7e "HTTP/1.1 200 OK"
2025-08-21 19:19:29,661 [INFO] HTTP Request: POST https://yolo-soft-daylight.solana-mainnet.quiknode.pro/057ff3aa7f3e3d9633e475e6de4f8e148ceb4d7e "HTTP/1.1 200 OK"
2025-08-21 19:19:31,423 [INFO] HTTP Request: POST https://yolo-soft-daylight.solana-mainnet.quiknode.pro/057ff3aa7f3e3d9633e475e6de4f8e148ceb4d7e "HTTP/1.1 200 OK"
2025-08-21 19:19:32,895 [INFO] HTTP Request: POST https://yolo-soft-daylight.solana-mainnet.quiknode.pro/057ff3aa7f3e3d9633e475e6de4f8e148ceb4d7e "HTTP/1.1 200 OK"
2025-08-21 19:19:39,090 [INFO] HTTP Request: POST https://yolo-soft-daylight.solana-mainnet.quiknode.pro/057ff3aa7f3e3d9633e475e6de4f8e148ceb4d7e "HTTP/1.1 200 OK"
2025-08-21 19:19:40,671 [INFO] HTTP Request: POST https://yolo-soft-daylight.solana-mainnet.quiknode.pro/057ff3aa7f3e3d9633e475e6de4f8e148ceb4d7e "HTTP/1.1 200 OK"
2025-08-21 19:19:42,126 [INFO] HTTP Request: POST https://yolo-soft-daylight.solana-mainnet.quiknode.pro/057ff3aa7f3e3d9633e475e6de4f8e148ceb4d7e "HTTP/1.1 200 OK"
2025-08-21 19:19:48,492 [INFO] HTTP Request: POST https://yolo-soft-daylight.solana-mainnet.quiknode.pro/057ff3aa7f3e3d9633e475e6de4f8e148ceb4d7e "HTTP/1.1 200 OK"
2025-08-21 19:19:49,860 [INFO] HTTP Request: POST https://yolo-soft-daylight.solana-mainnet.quiknode.pro/057ff3aa7f3e3d9633e475e6de4f8e148ceb4d7e "HTTP/1.1 200 OK"
2025-08-21 19:19:51,352 [INFO] HTTP Request: POST https://yolo-soft-daylight.solana-mainnet.quiknode.pro/057ff3aa7f3e3d9633e475e6de4f8e148ceb4d7e "HTTP/1.1 200 OK"
2025-08-21 19:19:57,952 [INFO] HTTP Request: POST https://yolo-soft-daylight.solana-mainnet.quiknode.pro/057ff3aa7f3e3d9633e475e6de4f8e148ceb4d7e "HTTP/1.1 200 OK"
2025-08-21 19:19:59,602 [INFO] HTTP Request: POST https://yolo-soft-daylight.solana-mainnet.quiknode.pro/057ff3aa7f3e3d9633e475e6de4f8e148ceb4d7e "HTTP/1.1 200 OK"
2025-08-21 19:20:01,109 [INFO] HTTP Request: POST https://yolo-soft-daylight.solana-mainnet.quiknode.pro/057ff3aa7f3e3d9633e475e6de4f8e148ceb4d7e "HTTP/1.1 200 OK"
2025-08-21 19:20:07,772 [INFO] HTTP Request: POST https://yolo-soft-daylight.solana-mainnet.quiknode.pro/057ff3aa7f3e3d9633e475e6de4f8e148ceb4d7e "HTTP/1.1 200 OK"
2025-08-21 19:20:09,400 [INFO] HTTP Request: POST https://yolo-soft-daylight.solana-mainnet.quiknode.pro/057ff3aa7f3e3d9633e475e6de4f8e148ceb4d7e "HTTP/1.1 200 OK"
2025-08-21 19:20:11,127 [INFO] HTTP Request: POST https://yolo-soft-daylight.solana-mainnet.quiknode.pro/057ff3aa7f3e3d9633e475e6de4f8e148ceb4d7e "HTTP/1.1 200 OK"
2025-08-21 19:20:17,271 [INFO] HTTP Request: POST https://yolo-soft-daylight.solana-mainnet.quiknode.pro/057ff3aa7f3e3d9633e475e6de4f8e148ceb4d7e "HTTP/1.1 200 OK"
2025-08-21 19:20:18,774 [INFO] HTTP Request: POST https://yolo-soft-daylight.solana-mainnet.quiknode.pro/057ff3aa7f3e3d9633e475e6de4f8e148ceb4d7e "HTTP/1.1 200 OK"
2025-08-21 19:20:20,215 [INFO] HTTP Request: POST https://yolo-soft-daylight.solana-mainnet.quiknode.pro/057ff3aa7f3e3d9633e475e6de4f8e148ceb4d7e "HTTP/1.1 200 OK"
2025-08-21 19:20:26,380 [INFO] HTTP Request: POST https://yolo-soft-daylight.solana-mainnet.quiknode.pro/057ff3aa7f3e3d9633e475e6de4f8e148ceb4d7e "HTTP/1.1 200 OK"
2025-08-21 19:20:27,806 [INFO] HTTP Request: POST https://yolo-soft-daylight.solana-mainnet.quiknode.pro/057ff3aa7f3e3d9633e475e6de4f8e148ceb4d7e "HTTP/1.1 200 OK"
2025-08-21 19:20:29,242 [INFO] HTTP Request: POST https://yolo-soft-daylight.solana-mainnet.quiknode.pro/057ff3aa7f3e3d9633e475e6de4f8e148ceb4d7e "HTTP/1.1 200 OK"
2025-08-21 19:20:35,601 [INFO] HTTP Request: POST https://yolo-soft-daylight.solana-mainnet.quiknode.pro/057ff3aa7f3e3d9633e475e6de4f8e148ceb4d7e "HTTP/1.1 200 OK"
2025-08-21 19:20:37,142 [INFO] HTTP Request: POST https://yolo-soft-daylight.solana-mainnet.quiknode.pro/057ff3aa7f3e3d9633e475e6de4f8e148ceb4d7e "HTTP/1.1 200 OK"
2025-08-21 19:20:38,594 [INFO] HTTP Request: POST https://yolo-soft-daylight.solana-mainnet.quiknode.pro/057ff3aa7f3e3d9633e475e6de4f8e148ceb4d7e "HTTP/1.1 200 OK"
2025-08-21 19:20:44,754 [INFO] HTTP Request: POST https://yolo-soft-daylight.solana-mainnet.quiknode.pro/057ff3aa7f3e3d9633e475e6de4f8e148ceb4d7e "HTTP/1.1 200 OK"
2025-08-21 19:20:46,422 [INFO] HTTP Request: POST https://yolo-soft-daylight.solana-mainnet.quiknode.pro/057ff3aa7f3e3d9633e475e6de4f8e148ceb4d7e "HTTP/1.1 200 OK"
2025-08-21 19:20:47,900 [INFO] HTTP Request: POST https://yolo-soft-daylight.solana-mainnet.quiknode.pro/057ff3aa7f3e3d9633e475e6de4f8e148ceb4d7e "HTTP/1.1 200 OK"
2025-08-21 19:20:54,171 [INFO] HTTP Request: POST https://yolo-soft-daylight.solana-mainnet.quiknode.pro/057ff3aa7f3e3d9633e475e6de4f8e148ceb4d7e "HTTP/1.1 200 OK"
2025-08-21 19:20:55,780 [INFO] HTTP Request: POST https://yolo-soft-daylight.solana-mainnet.quiknode.pro/057ff3aa7f3e3d9633e475e6de4f8e148ceb4d7e "HTTP/1.1 200 OK"
2025-08-21 19:20:57,490 [INFO] HTTP Request: POST https://yolo-soft-daylight.solana-mainnet.quiknode.pro/057ff3aa7f3e3d9633e475e6de4f8e148ceb4d7e "HTTP/1.1 200 OK"
2025-08-21 19:21:03,707 [INFO] HTTP Request: POST https://yolo-soft-daylight.solana-mainnet.quiknode.pro/057ff3aa7f3e3d9633e475e6de4f8e148ceb4d7e "HTTP/1.1 200 OK"
2025-08-21 19:21:05,143 [INFO] HTTP Request: POST https://yolo-soft-daylight.solana-mainnet.quiknode.pro/057ff3aa7f3e3d9633e475e6de4f8e148ceb4d7e "HTTP/1.1 200 OK"
2025-08-21 19:21:06,642 [INFO] HTTP Request: POST https://yolo-soft-daylight.solana-mainnet.quiknode.pro/057ff3aa7f3e3d9633e475e6de4f8e148ceb4d7e "HTTP/1.1 200 OK"
2025-08-21 19:21:13,035 [INFO] HTTP Request: POST https://yolo-soft-daylight.solana-mainnet.quiknode.pro/057ff3aa7f3e3d9633e475e6de4f8e148ceb4d7e "HTTP/1.1 200 OK"
2025-08-21 19:21:14,766 [INFO] HTTP Request: POST https://yolo-soft-daylight.solana-mainnet.quiknode.pro/057ff3aa7f3e3d9633e475e6de4f8e148ceb4d7e "HTTP/1.1 200 OK"
2025-08-21 19:21:16,577 [INFO] HTTP Request: POST https://yolo-soft-daylight.solana-mainnet.quiknode.pro/057ff3aa7f3e3d9633e475e6de4f8e148ceb4d7e "HTTP/1.1 200 OK"
2025-08-21 19:21:23,203 [INFO] HTTP Request: POST https://yolo-soft-daylight.solana-mainnet.quiknode.pro/057ff3aa7f3e3d9633e475e6de4f8e148ceb4d7e "HTTP/1.1 200 OK"
2025-08-21 19:21:24,990 [INFO] HTTP Request: POST https://yolo-soft-daylight.solana-mainnet.quiknode.pro/057ff3aa7f3e3d9633e475e6de4f8e148ceb4d7e "HTTP/1.1 200 OK"
2025-08-21 19:21:26,902 [INFO] HTTP Request: POST https://yolo-soft-daylight.solana-mainnet.quiknode.pro/057ff3aa7f3e3d9633e475e6de4f8e148ceb4d7e "HTTP/1.1 200 OK"
2025-08-21 19:21:33,320 [INFO] HTTP Request: POST https://yolo-soft-daylight.solana-mainnet.quiknode.pro/057ff3aa7f3e3d9633e475e6de4f8e148ceb4d7e "HTTP/1.1 200 OK"
2025-08-21 19:21:35,078 [INFO] HTTP Request: POST https://yolo-soft-daylight.solana-mainnet.quiknode.pro/057ff3aa7f3e3d9633e475e6de4f8e148ceb4d7e "HTTP/1.1 200 OK"
2025-08-21 19:21:36,778 [INFO] HTTP Request: POST https://yolo-soft-daylight.solana-mainnet.quiknode.pro/057ff3aa7f3e3d9633e475e6de4f8e148ceb4d7e "HTTP/1.1 200 OK"
2025-08-21 19:21:42,963 [INFO] HTTP Request: POST https://yolo-soft-daylight.solana-mainnet.quiknode.pro/057ff3aa7f3e3d9633e475e6de4f8e148ceb4d7e "HTTP/1.1 200 OK"
2025-08-21 19:21:44,436 [INFO] HTTP Request: POST https://yolo-soft-daylight.solana-mainnet.quiknode.pro/057ff3aa7f3e3d9633e475e6de4f8e148ceb4d7e "HTTP/1.1 200 OK"
2025-08-21 19:21:45,952 [INFO] HTTP Request: POST https://yolo-soft-daylight.solana-mainnet.quiknode.pro/057ff3aa7f3e3d9633e475e6de4f8e148ceb4d7e "HTTP/1.1 200 OK"
2025-08-21 19:21:52,115 [INFO] HTTP Request: POST https://yolo-soft-daylight.solana-mainnet.quiknode.pro/057ff3aa7f3e3d9633e475e6de4f8e148ceb4d7e "HTTP/1.1 200 OK"
2025-08-21 19:21:53,501 [INFO] HTTP Request: POST https://yolo-soft-daylight.solana-mainnet.quiknode.pro/057ff3aa7f3e3d9633e475e6de4f8e148ceb4d7e "HTTP/1.1 200 OK"
2025-08-21 19:21:54,925 [INFO] HTTP Request: POST https://yolo-soft-daylight.solana-mainnet.quiknode.pro/057ff3aa7f3e3d9633e475e6de4f8e148ceb4d7e "HTTP/1.1 200 OK"
2025-08-21 19:22:01,113 [INFO] HTTP Request: POST https://yolo-soft-daylight.solana-mainnet.quiknode.pro/057ff3aa7f3e3d9633e475e6de4f8e148ceb4d7e "HTTP/1.1 200 OK"
2025-08-21 19:22:02,570 [INFO] HTTP Request: POST https://yolo-soft-daylight.solana-mainnet.quiknode.pro/057ff3aa7f3e3d9633e475e6de4f8e148ceb4d7e "HTTP/1.1 200 OK"
2025-08-21 19:22:04,005 [INFO] HTTP Request: POST https://yolo-soft-daylight.solana-mainnet.quiknode.pro/057ff3aa7f3e3d9633e475e6de4f8e148ceb4d7e "HTTP/1.1 200 OK"
2025-08-21 19:22:10,697 [INFO] HTTP Request: POST https://yolo-soft-daylight.solana-mainnet.quiknode.pro/057ff3aa7f3e3d9633e475e6de4f8e148ceb4d7e "HTTP/1.1 200 OK"
2025-08-21 19:22:13,138 [INFO] HTTP Request: POST https://yolo-soft-daylight.solana-mainnet.quiknode.pro/057ff3aa7f3e3d9633e475e6de4f8e148ceb4d7e "HTTP/1.1 200 OK"
2025-08-21 19:22:16,075 [INFO] HTTP Request: POST https://yolo-soft-daylight.solana-mainnet.quiknode.pro/057ff3aa7f3e3d9633e475e6de4f8e148ceb4d7e "HTTP/1.1 200 OK"
2025-08-21 19:22:23,159 [INFO] HTTP Request: POST https://yolo-soft-daylight.solana-mainnet.quiknode.pro/057ff3aa7f3e3d9633e475e6de4f8e148ceb4d7e "HTTP/1.1 200 OK"
2025-08-21 19:22:24,966 [INFO] HTTP Request: POST https://yolo-soft-daylight.solana-mainnet.quiknode.pro/057ff3aa7f3e3d9633e475e6de4f8e148ceb4d7e "HTTP/1.1 200 OK"
2025-08-21 19:22:27,488 [INFO] HTTP Request: POST https://yolo-soft-daylight.solana-mainnet.quiknode.pro/057ff3aa7f3e3d9633e475e6de4f8e148ceb4d7e "HTTP/1.1 200 OK"
2025-08-21 19:22:34,347 [INFO] HTTP Request: POST https://yolo-soft-daylight.solana-mainnet.quiknode.pro/057ff3aa7f3e3d9633e475e6de4f8e148ceb4d7e "HTTP/1.1 200 OK"
2025-08-21 19:22:36,970 [INFO] HTTP Request: POST https://yolo-soft-daylight.solana-mainnet.quiknode.pro/057ff3aa7f3e3d9633e475e6de4f8e148ceb4d7e "HTTP/1.1 200 OK"
2025-08-21 19:22:39,995 [INFO] HTTP Request: POST https://yolo-soft-daylight.solana-mainnet.quiknode.pro/057ff3aa7f3e3d9633e475e6de4f8e148ceb4d7e "HTTP/1.1 200 OK"
2025-08-21 19:22:46,327 [INFO] HTTP Request: POST https://yolo-soft-daylight.solana-mainnet.quiknode.pro/057ff3aa7f3e3d9633e475e6de4f8e148ceb4d7e "HTTP/1.1 200 OK"
2025-08-21 19:22:47,788 [INFO] HTTP Request: POST https://yolo-soft-daylight.solana-mainnet.quiknode.pro/057ff3aa7f3e3d9633e475e6de4f8e148ceb4d7e "HTTP/1.1 200 OK"
2025-08-21 19:22:49,372 [INFO] HTTP Request: POST https://yolo-soft-daylight.solana-mainnet.quiknode.pro/057ff3aa7f3e3d9633e475e6de4f8e148ceb4d7e "HTTP/1.1 200 OK"
2025-08-21 19:22:56,510 [INFO] HTTP Request: POST https://yolo-soft-daylight.solana-mainnet.quiknode.pro/057ff3aa7f3e3d9633e475e6de4f8e148ceb4d7e "HTTP/1.1 200 OK"
2025-08-21 19:22:58,309 [INFO] HTTP Request: POST https://yolo-soft-daylight.solana-mainnet.quiknode.pro/057ff3aa7f3e3d9633e475e6de4f8e148ceb4d7e "HTTP/1.1 200 OK"
2025-08-21 19:23:00,693 [INFO] HTTP Request: POST https://yolo-soft-daylight.solana-mainnet.quiknode.pro/057ff3aa7f3e3d9633e475e6de4f8e148ceb4d7e "HTTP/1.1 200 OK"
2025-08-21 19:23:07,445 [INFO] HTTP Request: POST https://yolo-soft-daylight.solana-mainnet.quiknode.pro/057ff3aa7f3e3d9633e475e6de4f8e148ceb4d7e "HTTP/1.1 200 OK"
2025-08-21 19:23:09,209 [INFO] HTTP Request: POST https://yolo-soft-daylight.solana-mainnet.quiknode.pro/057ff3aa7f3e3d9633e475e6de4f8e148ceb4d7e "HTTP/1.1 200 OK"
2025-08-21 19:23:10,765 [INFO] HTTP Request: POST https://yolo-soft-daylight.solana-mainnet.quiknode.pro/057ff3aa7f3e3d9633e475e6de4f8e148ceb4d7e "HTTP/1.1 200 OK"
2025-08-21 19:23:16,911 [INFO] HTTP Request: POST https://yolo-soft-daylight.solana-mainnet.quiknode.pro/057ff3aa7f3e3d9633e475e6de4f8e148ceb4d7e "HTTP/1.1 200 OK"
2025-08-21 19:23:18,298 [INFO] HTTP Request: POST https://yolo-soft-daylight.solana-mainnet.quiknode.pro/057ff3aa7f3e3d9633e475e6de4f8e148ceb4d7e "HTTP/1.1 200 OK"
2025-08-21 19:23:19,666 [INFO] HTTP Request: POST https://yolo-soft-daylight.solana-mainnet.quiknode.pro/057ff3aa7f3e3d9633e475e6de4f8e148ceb4d7e "HTTP/1.1 200 OK"
2025-08-21 19:23:26,323 [INFO] HTTP Request: POST https://yolo-soft-daylight.solana-mainnet.quiknode.pro/057ff3aa7f3e3d9633e475e6de4f8e148ceb4d7e "HTTP/1.1 200 OK"
2025-08-21 19:23:27,907 [INFO] HTTP Request: POST https://yolo-soft-daylight.solana-mainnet.quiknode.pro/057ff3aa7f3e3d9633e475e6de4f8e148ceb4d7e "HTTP/1.1 200 OK"
2025-08-21 19:23:29,324 [INFO] HTTP Request: POST https://yolo-soft-daylight.solana-mainnet.quiknode.pro/057ff3aa7f3e3d9633e475e6de4f8e148ceb4d7e "HTTP/1.1 200 OK"
2025-08-21 19:23:35,394 [INFO] HTTP Request: POST https://yolo-soft-daylight.solana-mainnet.quiknode.pro/057ff3aa7f3e3d9633e475e6de4f8e148ceb4d7e "HTTP/1.1 200 OK"
2025-08-21 19:23:36,710 [INFO] HTTP Request: POST https://yolo-soft-daylight.solana-mainnet.quiknode.pro/057ff3aa7f3e3d9633e475e6de4f8e148ceb4d7e "HTTP/1.1 200 OK"
2025-08-21 19:23:38,006 [INFO] HTTP Request: POST https://yolo-soft-daylight.solana-mainnet.quiknode.pro/057ff3aa7f3e3d9633e475e6de4f8e148ceb4d7e "HTTP/1.1 200 OK"
2025-08-21 19:23:44,150 [INFO] HTTP Request: POST https://yolo-soft-daylight.solana-mainnet.quiknode.pro/057ff3aa7f3e3d9633e475e6de4f8e148ceb4d7e "HTTP/1.1 200 OK"
2025-08-21 19:23:45,636 [INFO] HTTP Request: POST https://yolo-soft-daylight.solana-mainnet.quiknode.pro/057ff3aa7f3e3d9633e475e6de4f8e148ceb4d7e "HTTP/1.1 200 OK"
2025-08-21 19:23:47,028 [INFO] HTTP Request: POST https://yolo-soft-daylight.solana-mainnet.quiknode.pro/057ff3aa7f3e3d9633e475e6de4f8e148ceb4d7e "HTTP/1.1 200 OK"
2025-08-21 19:23:53,783 [INFO] HTTP Request: POST https://yolo-soft-daylight.solana-mainnet.quiknode.pro/057ff3aa7f3e3d9633e475e6de4f8e148ceb4d7e "HTTP/1.1 200 OK"
2025-08-21 19:23:55,907 [INFO] HTTP Request: POST https://yolo-soft-daylight.solana-mainnet.quiknode.pro/057ff3aa7f3e3d9633e475e6de4f8e148ceb4d7e "HTTP/1.1 200 OK"
2025-08-21 19:23:57,658 [INFO] HTTP Request: POST https://yolo-soft-daylight.solana-mainnet.quiknode.pro/057ff3aa7f3e3d9633e475e6de4f8e148ceb4d7e "HTTP/1.1 200 OK"
2025-08-21 19:24:04,094 [INFO] HTTP Request: POST https://yolo-soft-daylight.solana-mainnet.quiknode.pro/057ff3aa7f3e3d9633e475e6de4f8e148ceb4d7e "HTTP/1.1 200 OK"
2025-08-21 19:24:05,727 [INFO] HTTP Request: POST https://yolo-soft-daylight.solana-mainnet.quiknode.pro/057ff3aa7f3e3d9633e475e6de4f8e148ceb4d7e "HTTP/1.1 200 OK"
2025-08-21 19:24:07,017 [INFO] HTTP Request: POST https://yolo-soft-daylight.solana-mainnet.quiknode.pro/057ff3aa7f3e3d9633e475e6de4f8e148ceb4d7e "HTTP/1.1 200 OK"
2025-08-21 19:24:13,058 [INFO] HTTP Request: POST https://yolo-soft-daylight.solana-mainnet.quiknode.pro/057ff3aa7f3e3d9633e475e6de4f8e148ceb4d7e "HTTP/1.1 200 OK"
2025-08-21 19:24:14,324 [INFO] HTTP Request: POST https://yolo-soft-daylight.solana-mainnet.quiknode.pro/057ff3aa7f3e3d9633e475e6de4f8e148ceb4d7e "HTTP/1.1 200 OK"
2025-08-21 19:24:15,559 [INFO] HTTP Request: POST https://yolo-soft-daylight.solana-mainnet.quiknode.pro/057ff3aa7f3e3d9633e475e6de4f8e148ceb4d7e "HTTP/1.1 200 OK"
2025-08-21 19:24:21,579 [INFO] HTTP Request: POST https://yolo-soft-daylight.solana-mainnet.quiknode.pro/057ff3aa7f3e3d9633e475e6de4f8e148ceb4d7e "HTTP/1.1 200 OK"
2025-08-21 19:24:22,829 [INFO] HTTP Request: POST https://yolo-soft-daylight.solana-mainnet.quiknode.pro/057ff3aa7f3e3d9633e475e6de4f8e148ceb4d7e "HTTP/1.1 200 OK"
2025-08-21 19:24:24,064 [INFO] HTTP Request: POST https://yolo-soft-daylight.solana-mainnet.quiknode.pro/057ff3aa7f3e3d9633e475e6de4f8e148ceb4d7e "HTTP/1.1 200 OK"
2025-08-21 19:24:30,104 [INFO] HTTP Request: POST https://yolo-soft-daylight.solana-mainnet.quiknode.pro/057ff3aa7f3e3d9633e475e6de4f8e148ceb4d7e "HTTP/1.1 200 OK"
2025-08-21 19:24:31,336 [INFO] HTTP Request: POST https://yolo-soft-daylight.solana-mainnet.quiknode.pro/057ff3aa7f3e3d9633e475e6de4f8e148ceb4d7e "HTTP/1.1 200 OK"
2025-08-21 19:24:32,635 [INFO] HTTP Request: POST https://yolo-soft-daylight.solana-mainnet.quiknode.pro/057ff3aa7f3e3d9633e475e6de4f8e148ceb4d7e "HTTP/1.1 200 OK"
2025-08-21 19:24:38,689 [INFO] HTTP Request: POST https://yolo-soft-daylight.solana-mainnet.quiknode.pro/057ff3aa7f3e3d9633e475e6de4f8e148ceb4d7e "HTTP/1.1 200 OK"
2025-08-21 19:24:39,924 [INFO] HTTP Request: POST https://yolo-soft-daylight.solana-mainnet.quiknode.pro/057ff3aa7f3e3d9633e475e6de4f8e148ceb4d7e "HTTP/1.1 200 OK"
2025-08-21 19:24:41,160 [INFO] HTTP Request: POST https://yolo-soft-daylight.solana-mainnet.quiknode.pro/057ff3aa7f3e3d9633e475e6de4f8e148ceb4d7e "HTTP/1.1 200 OK"
2025-08-21 19:24:47,226 [INFO] HTTP Request: POST https://yolo-soft-daylight.solana-mainnet.quiknode.pro/057ff3aa7f3e3d9633e475e6de4f8e148ceb4d7e "HTTP/1.1 200 OK"
2025-08-21 19:24:48,492 [INFO] HTTP Request: POST https://yolo-soft-daylight.solana-mainnet.quiknode.pro/057ff3aa7f3e3d9633e475e6de4f8e148ceb4d7e "HTTP/1.1 200 OK"
2025-08-21 19:24:49,789 [INFO] HTTP Request: POST https://yolo-soft-daylight.solana-mainnet.quiknode.pro/057ff3aa7f3e3d9633e475e6de4f8e148ceb4d7e "HTTP/1.1 200 OK"
2025-08-21 19:24:55,776 [INFO] HTTP Request: POST https://yolo-soft-daylight.solana-mainnet.quiknode.pro/057ff3aa7f3e3d9633e475e6de4f8e148ceb4d7e "HTTP/1.1 200 OK"
2025-08-21 19:24:57,030 [INFO] HTTP Request: POST https://yolo-soft-daylight.solana-mainnet.quiknode.pro/057ff3aa7f3e3d9633e475e6de4f8e148ceb4d7e "HTTP/1.1 200 OK"
2025-08-21 19:24:58,302 [INFO] HTTP Request: POST https://yolo-soft-daylight.solana-mainnet.quiknode.pro/057ff3aa7f3e3d9633e475e6de4f8e148ceb4d7e "HTTP/1.1 200 OK"
2025-08-21 19:25:04,362 [INFO] HTTP Request: POST https://yolo-soft-daylight.solana-mainnet.quiknode.pro/057ff3aa7f3e3d9633e475e6de4f8e148ceb4d7e "HTTP/1.1 200 OK"
2025-08-21 19:25:05,631 [INFO] HTTP Request: POST https://yolo-soft-daylight.solana-mainnet.quiknode.pro/057ff3aa7f3e3d9633e475e6de4f8e148ceb4d7e "HTTP/1.1 200 OK"
2025-08-21 19:25:07,004 [INFO] HTTP Request: POST https://yolo-soft-daylight.solana-mainnet.quiknode.pro/057ff3aa7f3e3d9633e475e6de4f8e148ceb4d7e "HTTP/1.1 200 OK"
2025-08-21 19:25:13,087 [INFO] HTTP Request: POST https://yolo-soft-daylight.solana-mainnet.quiknode.pro/057ff3aa7f3e3d9633e475e6de4f8e148ceb4d7e "HTTP/1.1 200 OK"
2025-08-21 19:25:14,415 [INFO] HTTP Request: POST https://yolo-soft-daylight.solana-mainnet.quiknode.pro/057ff3aa7f3e3d9633e475e6de4f8e148ceb4d7e "HTTP/1.1 200 OK"
2025-08-21 19:25:15,782 [INFO] HTTP Request: POST https://yolo-soft-daylight.solana-mainnet.quiknode.pro/057ff3aa7f3e3d9633e475e6de4f8e148ceb4d7e "HTTP/1.1 200 OK"
2025-08-21 19:25:22,026 [INFO] HTTP Request: POST https://yolo-soft-daylight.solana-mainnet.quiknode.pro/057ff3aa7f3e3d9633e475e6de4f8e148ceb4d7e "HTTP/1.1 200 OK"
2025-08-21 19:25:23,722 [INFO] HTTP Request: POST https://yolo-soft-daylight.solana-mainnet.quiknode.pro/057ff3aa7f3e3d9633e475e6de4f8e148ceb4d7e "HTTP/1.1 200 OK"
2025-08-21 19:25:25,138 [INFO] HTTP Request: POST https://yolo-soft-daylight.solana-mainnet.quiknode.pro/057ff3aa7f3e3d9633e475e6de4f8e148ceb4d7e "HTTP/1.1 200 OK"
2025-08-21 19:25:31,339 [INFO] HTTP Request: POST https://yolo-soft-daylight.solana-mainnet.quiknode.pro/057ff3aa7f3e3d9633e475e6de4f8e148ceb4d7e "HTTP/1.1 200 OK"
2025-08-21 19:25:32,631 [INFO] HTTP Request: POST https://yolo-soft-daylight.solana-mainnet.quiknode.pro/057ff3aa7f3e3d9633e475e6de4f8e148ceb4d7e "HTTP/1.1 200 OK"
2025-08-21 19:25:34,382 [INFO] HTTP Request: POST https://yolo-soft-daylight.solana-mainnet.quiknode.pro/057ff3aa7f3e3d9633e475e6de4f8e148ceb4d7e "HTTP/1.1 200 OK"
2025-08-21 19:25:40,556 [INFO] HTTP Request: POST https://yolo-soft-daylight.solana-mainnet.quiknode.pro/057ff3aa7f3e3d9633e475e6de4f8e148ceb4d7e "HTTP/1.1 200 OK"
2025-08-21 19:25:41,896 [INFO] HTTP Request: POST https://yolo-soft-daylight.solana-mainnet.quiknode.pro/057ff3aa7f3e3d9633e475e6de4f8e148ceb4d7e "HTTP/1.1 200 OK"
2025-08-21 19:25:43,217 [INFO] HTTP Request: POST https://yolo-soft-daylight.solana-mainnet.quiknode.pro/057ff3aa7f3e3d9633e475e6de4f8e148ceb4d7e "HTTP/1.1 200 OK"
2025-08-21 19:25:49,406 [INFO] HTTP Request: POST https://yolo-soft-daylight.solana-mainnet.quiknode.pro/057ff3aa7f3e3d9633e475e6de4f8e148ceb4d7e "HTTP/1.1 200 OK"
2025-08-21 19:25:51,421 [INFO] HTTP Request: POST https://yolo-soft-daylight.solana-mainnet.quiknode.pro/057ff3aa7f3e3d9633e475e6de4f8e148ceb4d7e "HTTP/1.1 200 OK"
2025-08-21 19:25:53,813 [INFO] HTTP Request: POST https://yolo-soft-daylight.solana-mainnet.quiknode.pro/057ff3aa7f3e3d9633e475e6de4f8e148ceb4d7e "HTTP/1.1 200 OK"
2025-08-21 19:25:59,936 [INFO] HTTP Request: POST https://yolo-soft-daylight.solana-mainnet.quiknode.pro/057ff3aa7f3e3d9633e475e6de4f8e148ceb4d7e "HTTP/1.1 200 OK"
2025-08-21 19:26:01,274 [INFO] HTTP Request: POST https://yolo-soft-daylight.solana-mainnet.quiknode.pro/057ff3aa7f3e3d9633e475e6de4f8e148ceb4d7e "HTTP/1.1 200 OK"
2025-08-21 19:26:03,045 [INFO] HTTP Request: POST https://yolo-soft-daylight.solana-mainnet.quiknode.pro/057ff3aa7f3e3d9633e475e6de4f8e148ceb4d7e "HTTP/1.1 200 OK"
2025-08-21 19:26:09,144 [INFO] HTTP Request: POST https://yolo-soft-daylight.solana-mainnet.quiknode.pro/057ff3aa7f3e3d9633e475e6de4f8e148ceb4d7e "HTTP/1.1 200 OK"
2025-08-21 19:26:10,452 [INFO] HTTP Request: POST https://yolo-soft-daylight.solana-mainnet.quiknode.pro/057ff3aa7f3e3d9633e475e6de4f8e148ceb4d7e "HTTP/1.1 200 OK"
2025-08-21 19:26:11,732 [INFO] HTTP Request: POST https://yolo-soft-daylight.solana-mainnet.quiknode.pro/057ff3aa7f3e3d9633e475e6de4f8e148ceb4d7e "HTTP/1.1 200 OK"
2025-08-21 19:26:18,047 [INFO] HTTP Request: POST https://yolo-soft-daylight.solana-mainnet.quiknode.pro/057ff3aa7f3e3d9633e475e6de4f8e148ceb4d7e "HTTP/1.1 200 OK"
2025-08-21 19:26:19,486 [INFO] HTTP Request: POST https://yolo-soft-daylight.solana-mainnet.quiknode.pro/057ff3aa7f3e3d9633e475e6de4f8e148ceb4d7e "HTTP/1.1 200 OK"
2025-08-21 19:26:20,769 [INFO] HTTP Request: POST https://yolo-soft-daylight.solana-mainnet.quiknode.pro/057ff3aa7f3e3d9633e475e6de4f8e148ceb4d7e "HTTP/1.1 200 OK"
2025-08-21 19:26:26,851 [INFO] HTTP Request: POST https://yolo-soft-daylight.solana-mainnet.quiknode.pro/057ff3aa7f3e3d9633e475e6de4f8e148ceb4d7e "HTTP/1.1 200 OK"
2025-08-21 19:26:28,186 [INFO] HTTP Request: POST https://yolo-soft-daylight.solana-mainnet.quiknode.pro/057ff3aa7f3e3d9633e475e6de4f8e148ceb4d7e "HTTP/1.1 200 OK"
2025-08-21 19:26:29,486 [INFO] HTTP Request: POST https://yolo-soft-daylight.solana-mainnet.quiknode.pro/057ff3aa7f3e3d9633e475e6de4f8e148ceb4d7e "HTTP/1.1 200 OK"
2025-08-21 19:26:35,599 [INFO] HTTP Request: POST https://yolo-soft-daylight.solana-mainnet.quiknode.pro/057ff3aa7f3e3d9633e475e6de4f8e148ceb4d7e "HTTP/1.1 200 OK"
2025-08-21 19:26:36,912 [INFO] HTTP Request: POST https://yolo-soft-daylight.solana-mainnet.quiknode.pro/057ff3aa7f3e3d9633e475e6de4f8e148ceb4d7e "HTTP/1.1 200 OK"
2025-08-21 19:26:38,196 [INFO] HTTP Request: POST https://yolo-soft-daylight.solana-mainnet.quiknode.pro/057ff3aa7f3e3d9633e475e6de4f8e148ceb4d7e "HTTP/1.1 200 OK"
2025-08-21 19:26:44,205 [INFO] HTTP Request: POST https://yolo-soft-daylight.solana-mainnet.quiknode.pro/057ff3aa7f3e3d9633e475e6de4f8e148ceb4d7e "HTTP/1.1 200 OK"
2025-08-21 19:26:45,453 [INFO] HTTP Request: POST https://yolo-soft-daylight.solana-mainnet.quiknode.pro/057ff3aa7f3e3d9633e475e6de4f8e148ceb4d7e "HTTP/1.1 200 OK"
2025-08-21 19:26:46,726 [INFO] HTTP Request: POST https://yolo-soft-daylight.solana-mainnet.quiknode.pro/057ff3aa7f3e3d9633e475e6de4f8e148ceb4d7e "HTTP/1.1 200 OK"
2025-08-21 19:26:52,776 [INFO] HTTP Request: POST https://yolo-soft-daylight.solana-mainnet.quiknode.pro/057ff3aa7f3e3d9633e475e6de4f8e148ceb4d7e "HTTP/1.1 200 OK"
2025-08-21 19:26:54,011 [INFO] HTTP Request: POST https://yolo-soft-daylight.solana-mainnet.quiknode.pro/057ff3aa7f3e3d9633e475e6de4f8e148ceb4d7e "HTTP/1.1 200 OK"
2025-08-21 19:26:55,277 [INFO] HTTP Request: POST https://yolo-soft-daylight.solana-mainnet.quiknode.pro/057ff3aa7f3e3d9633e475e6de4f8e148ceb4d7e "HTTP/1.1 200 OK"
2025-08-21 19:27:01,276 [INFO] HTTP Request: POST https://yolo-soft-daylight.solana-mainnet.quiknode.pro/057ff3aa7f3e3d9633e475e6de4f8e148ceb4d7e "HTTP/1.1 200 OK"
2025-08-21 19:27:02,527 [INFO] HTTP Request: POST https://yolo-soft-daylight.solana-mainnet.quiknode.pro/057ff3aa7f3e3d9633e475e6de4f8e148ceb4d7e "HTTP/1.1 200 OK"
2025-08-21 19:27:03,762 [INFO] HTTP Request: POST https://yolo-soft-daylight.solana-mainnet.quiknode.pro/057ff3aa7f3e3d9633e475e6de4f8e148ceb4d7e "HTTP/1.1 200 OK"
2025-08-21 19:27:09,757 [INFO] HTTP Request: POST https://yolo-soft-daylight.solana-mainnet.quiknode.pro/057ff3aa7f3e3d9633e475e6de4f8e148ceb4d7e "HTTP/1.1 200 OK"
2025-08-21 19:27:11,015 [INFO] HTTP Request: POST https://yolo-soft-daylight.solana-mainnet.quiknode.pro/057ff3aa7f3e3d9633e475e6de4f8e148ceb4d7e "HTTP/1.1 200 OK"
2025-08-21 19:27:12,234 [INFO] HTTP Request: POST https://yolo-soft-daylight.solana-mainnet.quiknode.pro/057ff3aa7f3e3d9633e475e6de4f8e148ceb4d7e "HTTP/1.1 200 OK"
2025-08-21 19:27:18,253 [INFO] HTTP Request: POST https://yolo-soft-daylight.solana-mainnet.quiknode.pro/057ff3aa7f3e3d9633e475e6de4f8e148ceb4d7e "HTTP/1.1 200 OK"
2025-08-21 19:27:19,488 [INFO] HTTP Request: POST https://yolo-soft-daylight.solana-mainnet.quiknode.pro/057ff3aa7f3e3d9633e475e6de4f8e148ceb4d7e "HTTP/1.1 200 OK"
2025-08-21 19:27:20,747 [INFO] HTTP Request: POST https://yolo-soft-daylight.solana-mainnet.quiknode.pro/057ff3aa7f3e3d9633e475e6de4f8e148ceb4d7e "HTTP/1.1 200 OK"
2025-08-21 19:27:26,776 [INFO] HTTP Request: POST https://yolo-soft-daylight.solana-mainnet.quiknode.pro/057ff3aa7f3e3d9633e475e6de4f8e148ceb4d7e "HTTP/1.1 200 OK"
2025-08-21 19:27:28,072 [INFO] HTTP Request: POST https://yolo-soft-daylight.solana-mainnet.quiknode.pro/057ff3aa7f3e3d9633e475e6de4f8e148ceb4d7e "HTTP/1.1 200 OK"
2025-08-21 19:27:29,382 [INFO] HTTP Request: POST https://yolo-soft-daylight.solana-mainnet.quiknode.pro/057ff3aa7f3e3d9633e475e6de4f8e148ceb4d7e "HTTP/1.1 200 OK"
2025-08-21 19:27:35,419 [INFO] HTTP Request: POST https://yolo-soft-daylight.solana-mainnet.quiknode.pro/057ff3aa7f3e3d9633e475e6de4f8e148ceb4d7e "HTTP/1.1 200 OK"
2025-08-21 19:27:36,686 [INFO] HTTP Request: POST https://yolo-soft-daylight.solana-mainnet.quiknode.pro/057ff3aa7f3e3d9633e475e6de4f8e148ceb4d7e "HTTP/1.1 200 OK"
2025-08-21 19:27:37,936 [INFO] HTTP Request: POST https://yolo-soft-daylight.solana-mainnet.quiknode.pro/057ff3aa7f3e3d9633e475e6de4f8e148ceb4d7e "HTTP/1.1 200 OK"
2025-08-21 19:27:44,101 [INFO] HTTP Request: POST https://yolo-soft-daylight.solana-mainnet.quiknode.pro/057ff3aa7f3e3d9633e475e6de4f8e148ceb4d7e "HTTP/1.1 200 OK"
2025-08-21 19:27:45,408 [INFO] HTTP Request: POST https://yolo-soft-daylight.solana-mainnet.quiknode.pro/057ff3aa7f3e3d9633e475e6de4f8e148ceb4d7e "HTTP/1.1 200 OK"
2025-08-21 19:27:46,717 [INFO] HTTP Request: POST https://yolo-soft-daylight.solana-mainnet.quiknode.pro/057ff3aa7f3e3d9633e475e6de4f8e148ceb4d7e "HTTP/1.1 200 OK"
2025-08-21 19:27:52,847 [INFO] HTTP Request: POST https://yolo-soft-daylight.solana-mainnet.quiknode.pro/057ff3aa7f3e3d9633e475e6de4f8e148ceb4d7e "HTTP/1.1 200 OK"
2025-08-21 19:27:54,302 [INFO] HTTP Request: POST https://yolo-soft-daylight.solana-mainnet.quiknode.pro/057ff3aa7f3e3d9633e475e6de4f8e148ceb4d7e "HTTP/1.1 200 OK"
2025-08-21 19:27:55,653 [INFO] HTTP Request: POST https://yolo-soft-daylight.solana-mainnet.quiknode.pro/057ff3aa7f3e3d9633e475e6de4f8e148ceb4d7e "HTTP/1.1 200 OK"
2025-08-21 19:28:01,819 [INFO] HTTP Request: POST https://yolo-soft-daylight.solana-mainnet.quiknode.pro/057ff3aa7f3e3d9633e475e6de4f8e148ceb4d7e "HTTP/1.1 200 OK"
2025-08-21 19:28:03,234 [INFO] HTTP Request: POST https://yolo-soft-daylight.solana-mainnet.quiknode.pro/057ff3aa7f3e3d9633e475e6de4f8e148ceb4d7e "HTTP/1.1 200 OK"
2025-08-21 19:28:05,220 [INFO] HTTP Request: POST https://yolo-soft-daylight.solana-mainnet.quiknode.pro/057ff3aa7f3e3d9633e475e6de4f8e148ceb4d7e "HTTP/1.1 200 OK"
2025-08-21 19:28:11,364 [INFO] HTTP Request: POST https://yolo-soft-daylight.solana-mainnet.quiknode.pro/057ff3aa7f3e3d9633e475e6de4f8e148ceb4d7e "HTTP/1.1 200 OK"
2025-08-21 19:28:12,773 [INFO] HTTP Request: POST https://yolo-soft-daylight.solana-mainnet.quiknode.pro/057ff3aa7f3e3d9633e475e6de4f8e148ceb4d7e "HTTP/1.1 200 OK"
2025-08-21 19:28:14,329 [INFO] HTTP Request: POST https://yolo-soft-daylight.solana-mainnet.quiknode.pro/057ff3aa7f3e3d9633e475e6de4f8e148ceb4d7e "HTTP/1.1 200 OK"
2025-08-21 19:28:20,663 [INFO] HTTP Request: POST https://yolo-soft-daylight.solana-mainnet.quiknode.pro/057ff3aa7f3e3d9633e475e6de4f8e148ceb4d7e "HTTP/1.1 200 OK"
2025-08-21 19:28:22,210 [INFO] HTTP Request: POST https://yolo-soft-daylight.solana-mainnet.quiknode.pro/057ff3aa7f3e3d9633e475e6de4f8e148ceb4d7e "HTTP/1.1 200 OK"
2025-08-21 19:28:23,863 [INFO] HTTP Request: POST https://yolo-soft-daylight.solana-mainnet.quiknode.pro/057ff3aa7f3e3d9633e475e6de4f8e148ceb4d7e "HTTP/1.1 200 OK"
2025-08-21 19:28:30,135 [INFO] HTTP Request: POST https://yolo-soft-daylight.solana-mainnet.quiknode.pro/057ff3aa7f3e3d9633e475e6de4f8e148ceb4d7e "HTTP/1.1 200 OK"
2025-08-21 19:28:31,724 [INFO] HTTP Request: POST https://yolo-soft-daylight.solana-mainnet.quiknode.pro/057ff3aa7f3e3d9633e475e6de4f8e148ceb4d7e "HTTP/1.1 200 OK"
2025-08-21 19:28:33,165 [INFO] HTTP Request: POST https://yolo-soft-daylight.solana-mainnet.quiknode.pro/057ff3aa7f3e3d9633e475e6de4f8e148ceb4d7e "HTTP/1.1 200 OK"
2025-08-21 19:28:39,506 [INFO] HTTP Request: POST https://yolo-soft-daylight.solana-mainnet.quiknode.pro/057ff3aa7f3e3d9633e475e6de4f8e148ceb4d7e "HTTP/1.1 200 OK"
2025-08-21 19:28:40,949 [INFO] HTTP Request: POST https://yolo-soft-daylight.solana-mainnet.quiknode.pro/057ff3aa7f3e3d9633e475e6de4f8e148ceb4d7e "HTTP/1.1 200 OK"
2025-08-21 19:28:42,342 [INFO] HTTP Request: POST https://yolo-soft-daylight.solana-mainnet.quiknode.pro/057ff3aa7f3e3d9633e475e6de4f8e148ceb4d7e "HTTP/1.1 200 OK"
2025-08-21 19:28:48,520 [INFO] HTTP Request: POST https://yolo-soft-daylight.solana-mainnet.quiknode.pro/057ff3aa7f3e3d9633e475e6de4f8e148ceb4d7e "HTTP/1.1 200 OK"
2025-08-21 19:28:49,935 [INFO] HTTP Request: POST https://yolo-soft-daylight.solana-mainnet.quiknode.pro/057ff3aa7f3e3d9633e475e6de4f8e148ceb4d7e "HTTP/1.1 200 OK"
2025-08-21 19:28:51,572 [INFO] HTTP Request: POST https://yolo-soft-daylight.solana-mainnet.quiknode.pro/057ff3aa7f3e3d9633e475e6de4f8e148ceb4d7e "HTTP/1.1 200 OK"
2025-08-21 19:28:57,889 [INFO] HTTP Request: POST https://yolo-soft-daylight.solana-mainnet.quiknode.pro/057ff3aa7f3e3d9633e475e6de4f8e148ceb4d7e "HTTP/1.1 200 OK"
2025-08-21 19:28:59,406 [INFO] HTTP Request: POST https://yolo-soft-daylight.solana-mainnet.quiknode.pro/057ff3aa7f3e3d9633e475e6de4f8e148ceb4d7e "HTTP/1.1 200 OK"
2025-08-21 19:29:01,094 [INFO] HTTP Request: POST https://yolo-soft-daylight.solana-mainnet.quiknode.pro/057ff3aa7f3e3d9633e475e6de4f8e148ceb4d7e "HTTP/1.1 200 OK"
2025-08-21 19:29:07,778 [INFO] HTTP Request: POST https://yolo-soft-daylight.solana-mainnet.quiknode.pro/057ff3aa7f3e3d9633e475e6de4f8e148ceb4d7e "HTTP/1.1 200 OK"
2025-08-21 19:29:09,680 [INFO] HTTP Request: POST https://yolo-soft-daylight.solana-mainnet.quiknode.pro/057ff3aa7f3e3d9633e475e6de4f8e148ceb4d7e "HTTP/1.1 200 OK"
2025-08-21 19:29:11,182 [INFO] HTTP Request: POST https://yolo-soft-daylight.solana-mainnet.quiknode.pro/057ff3aa7f3e3d9633e475e6de4f8e148ceb4d7e "HTTP/1.1 200 OK"
2025-08-21 19:29:17,385 [INFO] HTTP Request: POST https://yolo-soft-daylight.solana-mainnet.quiknode.pro/057ff3aa7f3e3d9633e475e6de4f8e148ceb4d7e "HTTP/1.1 200 OK"
2025-08-21 19:29:18,906 [INFO] HTTP Request: POST https://yolo-soft-daylight.solana-mainnet.quiknode.pro/057ff3aa7f3e3d9633e475e6de4f8e148ceb4d7e "HTTP/1.1 200 OK"
2025-08-21 19:29:20,353 [INFO] HTTP Request: POST https://yolo-soft-daylight.solana-mainnet.quiknode.pro/057ff3aa7f3e3d9633e475e6de4f8e148ceb4d7e "HTTP/1.1 200 OK"
2025-08-21 19:29:26,386 [INFO] HTTP Request: POST https://yolo-soft-daylight.solana-mainnet.quiknode.pro/057ff3aa7f3e3d9633e475e6de4f8e148ceb4d7e "HTTP/1.1 200 OK"
2025-08-21 19:29:27,685 [INFO] HTTP Request: POST https://yolo-soft-daylight.solana-mainnet.quiknode.pro/057ff3aa7f3e3d9633e475e6de4f8e148ceb4d7e "HTTP/1.1 200 OK"
2025-08-21 19:29:29,059 [INFO] HTTP Request: POST https://yolo-soft-daylight.solana-mainnet.quiknode.pro/057ff3aa7f3e3d9633e475e6de4f8e148ceb4d7e "HTTP/1.1 200 OK"
2025-08-21 19:29:35,347 [INFO] HTTP Request: POST https://yolo-soft-daylight.solana-mainnet.quiknode.pro/057ff3aa7f3e3d9633e475e6de4f8e148ceb4d7e "HTTP/1.1 200 OK"
2025-08-21 19:29:37,253 [INFO] HTTP Request: POST https://yolo-soft-daylight.solana-mainnet.quiknode.pro/057ff3aa7f3e3d9633e475e6de4f8e148ceb4d7e "HTTP/1.1 200 OK"
2025-08-21 19:29:38,610 [INFO] HTTP Request: POST https://yolo-soft-daylight.solana-mainnet.quiknode.pro/057ff3aa7f3e3d9633e475e6de4f8e148ceb4d7e "HTTP/1.1 200 OK"
2025-08-21 19:29:39,831 [INFO] HTTP Request: POST https://yolo-soft-daylight.solana-mainnet.quiknode.pro/057ff3aa7f3e3d9633e475e6de4f8e148ceb4d7e "HTTP/1.1 200 OK"
2025-08-21 19:29:41,181 [INFO] HTTP Request: POST https://yolo-soft-daylight.solana-mainnet.quiknode.pro/057ff3aa7f3e3d9633e475e6de4f8e148ceb4d7e "HTTP/1.1 200 OK"
2025-08-21 19:29:42,497 [INFO] HTTP Request: POST https://yolo-soft-daylight.solana-mainnet.quiknode.pro/057ff3aa7f3e3d9633e475e6de4f8e148ceb4d7e "HTTP/1.1 200 OK"
2025-08-21 19:29:43,606 [INFO] HTTP Request: POST https://yolo-soft-daylight.solana-mainnet.quiknode.pro/057ff3aa7f3e3d9633e475e6de4f8e148ceb4d7e "HTTP/1.1 200 OK"
2025-08-21 19:29:44,808 [INFO] HTTP Request: POST https://yolo-soft-daylight.solana-mainnet.quiknode.pro/057ff3aa7f3e3d9633e475e6de4f8e148ceb4d7e "HTTP/1.1 200 OK"
2025-08-21 19:29:45,053 [INFO] HTTP Request: POST https://yolo-soft-daylight.solana-mainnet.quiknode.pro/057ff3aa7f3e3d9633e475e6de4f8e148ceb4d7e "HTTP/1.1 200 OK"
2025-08-21 19:29:46,317 [INFO] HTTP Request: POST https://yolo-soft-daylight.solana-mainnet.quiknode.pro/057ff3aa7f3e3d9633e475e6de4f8e148ceb4d7e "HTTP/1.1 200 OK"
2025-08-21 19:29:46,569 [INFO] HTTP Request: POST https://yolo-soft-daylight.solana-mainnet.quiknode.pro/057ff3aa7f3e3d9633e475e6de4f8e148ceb4d7e "HTTP/1.1 200 OK"
2025-08-21 19:29:47,725 [INFO] HTTP Request: POST https://yolo-soft-daylight.solana-mainnet.quiknode.pro/057ff3aa7f3e3d9633e475e6de4f8e148ceb4d7e "HTTP/1.1 200 OK"
2025-08-21 19:29:52,661 [INFO] HTTP Request: POST https://yolo-soft-daylight.solana-mainnet.quiknode.pro/057ff3aa7f3e3d9633e475e6de4f8e148ceb4d7e "HTTP/1.1 200 OK"
2025-08-21 19:29:53,945 [INFO] HTTP Request: POST https://yolo-soft-daylight.solana-mainnet.quiknode.pro/057ff3aa7f3e3d9633e475e6de4f8e148ceb4d7e "HTTP/1.1 200 OK"
2025-08-21 19:29:54,190 [INFO] HTTP Request: POST https://yolo-soft-daylight.solana-mainnet.quiknode.pro/057ff3aa7f3e3d9633e475e6de4f8e148ceb4d7e "HTTP/1.1 200 OK"
2025-08-21 19:29:55,405 [INFO] HTTP Request: POST https://yolo-soft-daylight.solana-mainnet.quiknode.pro/057ff3aa7f3e3d9633e475e6de4f8e148ceb4d7e "HTTP/1.1 200 OK"
2025-08-21 19:29:55,629 [INFO] HTTP Request: POST https://yolo-soft-daylight.solana-mainnet.quiknode.pro/057ff3aa7f3e3d9633e475e6de4f8e148ceb4d7e "HTTP/1.1 200 OK"
2025-08-21 19:29:56,762 [INFO] HTTP Request: POST https://yolo-soft-daylight.solana-mainnet.quiknode.pro/057ff3aa7f3e3d9633e475e6de4f8e148ceb4d7e "HTTP/1.1 200 OK"
2025-08-21 19:30:01,962 [INFO] HTTP Request: POST https://yolo-soft-daylight.solana-mainnet.quiknode.pro/057ff3aa7f3e3d9633e475e6de4f8e148ceb4d7e "HTTP/1.1 200 OK"
2025-08-21 19:30:02,960 [INFO] HTTP Request: POST https://yolo-soft-daylight.solana-mainnet.quiknode.pro/057ff3aa7f3e3d9633e475e6de4f8e148ceb4d7e "HTTP/1.1 200 OK"
2025-08-21 19:30:03,363 [INFO] HTTP Request: POST https://yolo-soft-daylight.solana-mainnet.quiknode.pro/057ff3aa7f3e3d9633e475e6de4f8e148ceb4d7e "HTTP/1.1 200 OK"
2025-08-21 19:30:04,492 [INFO] HTTP Request: POST https://yolo-soft-daylight.solana-mainnet.quiknode.pro/057ff3aa7f3e3d9633e475e6de4f8e148ceb4d7e "HTTP/1.1 200 OK"
2025-08-21 19:30:04,879 [INFO] HTTP Request: POST https://yolo-soft-daylight.solana-mainnet.quiknode.pro/057ff3aa7f3e3d9633e475e6de4f8e148ceb4d7e "HTTP/1.1 200 OK"
2025-08-21 19:30:05,987 [INFO] HTTP Request: POST https://yolo-soft-daylight.solana-mainnet.quiknode.pro/057ff3aa7f3e3d9633e475e6de4f8e148ceb4d7e "HTTP/1.1 200 OK"
2025-08-21 19:30:11,135 [INFO] HTTP Request: POST https://yolo-soft-daylight.solana-mainnet.quiknode.pro/057ff3aa7f3e3d9633e475e6de4f8e148ceb4d7e "HTTP/1.1 200 OK"
2025-08-21 19:30:12,626 [INFO] HTTP Request: POST https://yolo-soft-daylight.solana-mainnet.quiknode.pro/057ff3aa7f3e3d9633e475e6de4f8e148ceb4d7e "HTTP/1.1 200 OK"
2025-08-21 19:30:13,167 [INFO] HTTP Request: POST https://yolo-soft-daylight.solana-mainnet.quiknode.pro/057ff3aa7f3e3d9633e475e6de4f8e148ceb4d7e "HTTP/1.1 200 OK"
2025-08-21 19:30:14,910 [INFO] HTTP Request: POST https://yolo-soft-daylight.solana-mainnet.quiknode.pro/057ff3aa7f3e3d9633e475e6de4f8e148ceb4d7e "HTTP/1.1 200 OK"
2025-08-21 19:30:15,148 [INFO] HTTP Request: POST https://yolo-soft-daylight.solana-mainnet.quiknode.pro/057ff3aa7f3e3d9633e475e6de4f8e148ceb4d7e "HTTP/1.1 200 OK"
2025-08-21 19:30:16,621 [INFO] HTTP Request: POST https://yolo-soft-daylight.solana-mainnet.quiknode.pro/057ff3aa7f3e3d9633e475e6de4f8e148ceb4d7e "HTTP/1.1 200 OK"
2025-08-21 19:30:21,222 [INFO] HTTP Request: POST https://yolo-soft-daylight.solana-mainnet.quiknode.pro/057ff3aa7f3e3d9633e475e6de4f8e148ceb4d7e "HTTP/1.1 200 OK"
2025-08-21 19:30:22,537 [INFO] HTTP Request: POST https://yolo-soft-daylight.solana-mainnet.quiknode.pro/057ff3aa7f3e3d9633e475e6de4f8e148ceb4d7e "HTTP/1.1 200 OK"
2025-08-21 19:30:22,899 [INFO] HTTP Request: POST https://yolo-soft-daylight.solana-mainnet.quiknode.pro/057ff3aa7f3e3d9633e475e6de4f8e148ceb4d7e "HTTP/1.1 200 OK"
2025-08-21 19:30:24,468 [INFO] HTTP Request: POST https://yolo-soft-daylight.solana-mainnet.quiknode.pro/057ff3aa7f3e3d9633e475e6de4f8e148ceb4d7e "HTTP/1.1 200 OK"
2025-08-21 19:30:24,925 [INFO] HTTP Request: POST https://yolo-soft-daylight.solana-mainnet.quiknode.pro/057ff3aa7f3e3d9633e475e6de4f8e148ceb4d7e "HTTP/1.1 200 OK"
2025-08-21 19:30:26,801 [INFO] HTTP Request: POST https://yolo-soft-daylight.solana-mainnet.quiknode.pro/057ff3aa7f3e3d9633e475e6de4f8e148ceb4d7e "HTTP/1.1 200 OK"
2025-08-21 19:30:33,195 [INFO] HTTP Request: POST https://yolo-soft-daylight.solana-mainnet.quiknode.pro/057ff3aa7f3e3d9633e475e6de4f8e148ceb4d7e "HTTP/1.1 200 OK"
2025-08-21 19:30:34,744 [INFO] HTTP Request: POST https://yolo-soft-daylight.solana-mainnet.quiknode.pro/057ff3aa7f3e3d9633e475e6de4f8e148ceb4d7e "HTTP/1.1 200 OK"
2025-08-21 19:30:36,096 [INFO] HTTP Request: POST https://yolo-soft-daylight.solana-mainnet.quiknode.pro/057ff3aa7f3e3d9633e475e6de4f8e148ceb4d7e "HTTP/1.1 200 OK"
2025-08-21 19:30:36,978 [INFO] HTTP Request: POST https://yolo-soft-daylight.solana-mainnet.quiknode.pro/057ff3aa7f3e3d9633e475e6de4f8e148ceb4d7e "HTTP/1.1 200 OK"
2025-08-21 19:30:38,359 [INFO] HTTP Request: POST https://yolo-soft-daylight.solana-mainnet.quiknode.pro/057ff3aa7f3e3d9633e475e6de4f8e148ceb4d7e "HTTP/1.1 200 OK"
2025-08-21 19:30:39,638 [INFO] HTTP Request: POST https://yolo-soft-daylight.solana-mainnet.quiknode.pro/057ff3aa7f3e3d9633e475e6de4f8e148ceb4d7e "HTTP/1.1 200 OK"
2025-08-21 19:30:40,711 [INFO] HTTP Request: POST https://yolo-soft-daylight.solana-mainnet.quiknode.pro/057ff3aa7f3e3d9633e475e6de4f8e148ceb4d7e "HTTP/1.1 200 OK"
2025-08-21 19:30:42,074 [INFO] HTTP Request: POST https://yolo-soft-daylight.solana-mainnet.quiknode.pro/057ff3aa7f3e3d9633e475e6de4f8e148ceb4d7e "HTTP/1.1 200 OK"
2025-08-21 19:30:42,185 [INFO] HTTP Request: POST https://yolo-soft-daylight.solana-mainnet.quiknode.pro/057ff3aa7f3e3d9633e475e6de4f8e148ceb4d7e "HTTP/1.1 200 OK"
2025-08-21 19:30:43,411 [INFO] HTTP Request: POST https://yolo-soft-daylight.solana-mainnet.quiknode.pro/057ff3aa7f3e3d9633e475e6de4f8e148ceb4d7e "HTTP/1.1 200 OK"
2025-08-21 19:30:43,510 [INFO] HTTP Request: POST https://yolo-soft-daylight.solana-mainnet.quiknode.pro/057ff3aa7f3e3d9633e475e6de4f8e148ceb4d7e "HTTP/1.1 200 OK"
2025-08-21 19:30:44,787 [INFO] HTTP Request: POST https://yolo-soft-daylight.solana-mainnet.quiknode.pro/057ff3aa7f3e3d9633e475e6de4f8e148ceb4d7e "HTTP/1.1 200 OK"
2025-08-21 19:30:49,464 [INFO] HTTP Request: POST https://yolo-soft-daylight.solana-mainnet.quiknode.pro/057ff3aa7f3e3d9633e475e6de4f8e148ceb4d7e "HTTP/1.1 200 OK"
2025-08-21 19:30:50,806 [INFO] HTTP Request: POST https://yolo-soft-daylight.solana-mainnet.quiknode.pro/057ff3aa7f3e3d9633e475e6de4f8e148ceb4d7e "HTTP/1.1 200 OK"
2025-08-21 19:30:50,884 [INFO] HTTP Request: POST https://yolo-soft-daylight.solana-mainnet.quiknode.pro/057ff3aa7f3e3d9633e475e6de4f8e148ceb4d7e "HTTP/1.1 200 OK"
2025-08-21 19:30:52,160 [INFO] HTTP Request: POST https://yolo-soft-daylight.solana-mainnet.quiknode.pro/057ff3aa7f3e3d9633e475e6de4f8e148ceb4d7e "HTTP/1.1 200 OK"
2025-08-21 19:30:52,286 [INFO] HTTP Request: POST https://yolo-soft-daylight.solana-mainnet.quiknode.pro/057ff3aa7f3e3d9633e475e6de4f8e148ceb4d7e "HTTP/1.1 200 OK"
2025-08-21 19:30:53,592 [INFO] HTTP Request: POST https://yolo-soft-daylight.solana-mainnet.quiknode.pro/057ff3aa7f3e3d9633e475e6de4f8e148ceb4d7e "HTTP/1.1 200 OK"
2025-08-21 19:30:58,233 [INFO] HTTP Request: POST https://yolo-soft-daylight.solana-mainnet.quiknode.pro/057ff3aa7f3e3d9633e475e6de4f8e148ceb4d7e "HTTP/1.1 200 OK"
2025-08-21 19:30:59,567 [INFO] HTTP Request: POST https://yolo-soft-daylight.solana-mainnet.quiknode.pro/057ff3aa7f3e3d9633e475e6de4f8e148ceb4d7e "HTTP/1.1 200 OK"
2025-08-21 19:30:59,651 [INFO] HTTP Request: POST https://yolo-soft-daylight.solana-mainnet.quiknode.pro/057ff3aa7f3e3d9633e475e6de4f8e148ceb4d7e "HTTP/1.1 200 OK"
2025-08-21 19:31:00,974 [INFO] HTTP Request: POST https://yolo-soft-daylight.solana-mainnet.quiknode.pro/057ff3aa7f3e3d9633e475e6de4f8e148ceb4d7e "HTTP/1.1 200 OK"
2025-08-21 19:31:01,024 [INFO] HTTP Request: POST https://yolo-soft-daylight.solana-mainnet.quiknode.pro/057ff3aa7f3e3d9633e475e6de4f8e148ceb4d7e "HTTP/1.1 200 OK"
2025-08-21 19:31:02,387 [INFO] HTTP Request: POST https://yolo-soft-daylight.solana-mainnet.quiknode.pro/057ff3aa7f3e3d9633e475e6de4f8e148ceb4d7e "HTTP/1.1 200 OK"
2025-08-21 19:31:07,031 [INFO] HTTP Request: POST https://yolo-soft-daylight.solana-mainnet.quiknode.pro/057ff3aa7f3e3d9633e475e6de4f8e148ceb4d7e "HTTP/1.1 200 OK"
2025-08-21 19:31:08,374 [INFO] HTTP Request: POST https://yolo-soft-daylight.solana-mainnet.quiknode.pro/057ff3aa7f3e3d9633e475e6de4f8e148ceb4d7e "HTTP/1.1 200 OK"
2025-08-21 19:31:08,485 [INFO] HTTP Request: POST https://yolo-soft-daylight.solana-mainnet.quiknode.pro/057ff3aa7f3e3d9633e475e6de4f8e148ceb4d7e "HTTP/1.1 200 OK"
2025-08-21 19:31:09,717 [INFO] HTTP Request: POST https://yolo-soft-daylight.solana-mainnet.quiknode.pro/057ff3aa7f3e3d9633e475e6de4f8e148ceb4d7e "HTTP/1.1 200 OK"
2025-08-21 19:31:09,820 [INFO] HTTP Request: POST https://yolo-soft-daylight.solana-mainnet.quiknode.pro/057ff3aa7f3e3d9633e475e6de4f8e148ceb4d7e "HTTP/1.1 200 OK"
2025-08-21 19:31:11,099 [INFO] HTTP Request: POST https://yolo-soft-daylight.solana-mainnet.quiknode.pro/057ff3aa7f3e3d9633e475e6de4f8e148ceb4d7e "HTTP/1.1 200 OK"
2025-08-21 19:31:16,199 [INFO] HTTP Request: POST https://yolo-soft-daylight.solana-mainnet.quiknode.pro/057ff3aa7f3e3d9633e475e6de4f8e148ceb4d7e "HTTP/1.1 200 OK"
2025-08-21 19:31:17,267 [INFO] HTTP Request: POST https://yolo-soft-daylight.solana-mainnet.quiknode.pro/057ff3aa7f3e3d9633e475e6de4f8e148ceb4d7e "HTTP/1.1 200 OK"
2025-08-21 19:31:17,606 [INFO] HTTP Request: POST https://yolo-soft-daylight.solana-mainnet.quiknode.pro/057ff3aa7f3e3d9633e475e6de4f8e148ceb4d7e "HTTP/1.1 200 OK"
2025-08-21 19:31:18,663 [INFO] HTTP Request: POST https://yolo-soft-daylight.solana-mainnet.quiknode.pro/057ff3aa7f3e3d9633e475e6de4f8e148ceb4d7e "HTTP/1.1 200 OK"
2025-08-21 19:31:19,073 [INFO] HTTP Request: POST https://yolo-soft-daylight.solana-mainnet.quiknode.pro/057ff3aa7f3e3d9633e475e6de4f8e148ceb4d7e "HTTP/1.1 200 OK"
2025-08-21 19:31:19,965 [INFO] HTTP Request: POST https://yolo-soft-daylight.solana-mainnet.quiknode.pro/057ff3aa7f3e3d9633e475e6de4f8e148ceb4d7e "HTTP/1.1 200 OK"
2025-08-21 19:31:25,132 [INFO] HTTP Request: POST https://yolo-soft-daylight.solana-mainnet.quiknode.pro/057ff3aa7f3e3d9633e475e6de4f8e148ceb4d7e "HTTP/1.1 200 OK"
2025-08-21 19:31:26,094 [INFO] HTTP Request: POST https://yolo-soft-daylight.solana-mainnet.quiknode.pro/057ff3aa7f3e3d9633e475e6de4f8e148ceb4d7e "HTTP/1.1 200 OK"
2025-08-21 19:31:26,506 [INFO] HTTP Request: POST https://yolo-soft-daylight.solana-mainnet.quiknode.pro/057ff3aa7f3e3d9633e475e6de4f8e148ceb4d7e "HTTP/1.1 200 OK"
2025-08-21 19:31:27,458 [INFO] HTTP Request: POST https://yolo-soft-daylight.solana-mainnet.quiknode.pro/057ff3aa7f3e3d9633e475e6de4f8e148ceb4d7e "HTTP/1.1 200 OK"
2025-08-21 19:31:27,863 [INFO] HTTP Request: POST https://yolo-soft-daylight.solana-mainnet.quiknode.pro/057ff3aa7f3e3d9633e475e6de4f8e148ceb4d7e "HTTP/1.1 200 OK"
2025-08-21 19:31:29,116 [INFO] HTTP Request: POST https://yolo-soft-daylight.solana-mainnet.quiknode.pro/057ff3aa7f3e3d9633e475e6de4f8e148ceb4d7e "HTTP/1.1 200 OK"
2025-08-21 19:31:33,932 [INFO] HTTP Request: POST https://yolo-soft-daylight.solana-mainnet.quiknode.pro/057ff3aa7f3e3d9633e475e6de4f8e148ceb4d7e "HTTP/1.1 200 OK"
2025-08-21 19:31:35,226 [INFO] HTTP Request: POST https://yolo-soft-daylight.solana-mainnet.quiknode.pro/057ff3aa7f3e3d9633e475e6de4f8e148ceb4d7e "HTTP/1.1 200 OK"
2025-08-21 19:31:35,281 [INFO] HTTP Request: POST https://yolo-soft-daylight.solana-mainnet.quiknode.pro/057ff3aa7f3e3d9633e475e6de4f8e148ceb4d7e "HTTP/1.1 200 OK"
2025-08-21 19:31:36,572 [INFO] HTTP Request: POST https://yolo-soft-daylight.solana-mainnet.quiknode.pro/057ff3aa7f3e3d9633e475e6de4f8e148ceb4d7e "HTTP/1.1 200 OK"
2025-08-21 19:31:36,609 [INFO] HTTP Request: POST https://yolo-soft-daylight.solana-mainnet.quiknode.pro/057ff3aa7f3e3d9633e475e6de4f8e148ceb4d7e "HTTP/1.1 200 OK"
2025-08-21 19:31:37,862 [INFO] HTTP Request: POST https://yolo-soft-daylight.solana-mainnet.quiknode.pro/057ff3aa7f3e3d9633e475e6de4f8e148ceb4d7e "HTTP/1.1 200 OK"
2025-08-21 19:31:42,725 [INFO] HTTP Request: POST https://yolo-soft-daylight.solana-mainnet.quiknode.pro/057ff3aa7f3e3d9633e475e6de4f8e148ceb4d7e "HTTP/1.1 200 OK"
2025-08-21 19:31:43,963 [INFO] HTTP Request: POST https://yolo-soft-daylight.solana-mainnet.quiknode.pro/057ff3aa7f3e3d9633e475e6de4f8e148ceb4d7e "HTTP/1.1 200 OK"
2025-08-21 19:31:44,060 [INFO] HTTP Request: POST https://yolo-soft-daylight.solana-mainnet.quiknode.pro/057ff3aa7f3e3d9633e475e6de4f8e148ceb4d7e "HTTP/1.1 200 OK"
2025-08-21 19:31:45,295 [INFO] HTTP Request: POST https://yolo-soft-daylight.solana-mainnet.quiknode.pro/057ff3aa7f3e3d9633e475e6de4f8e148ceb4d7e "HTTP/1.1 200 OK"
2025-08-21 19:31:45,403 [INFO] HTTP Request: POST https://yolo-soft-daylight.solana-mainnet.quiknode.pro/057ff3aa7f3e3d9633e475e6de4f8e148ceb4d7e "HTTP/1.1 200 OK"
2025-08-21 19:31:46,610 [INFO] HTTP Request: POST https://yolo-soft-daylight.solana-mainnet.quiknode.pro/057ff3aa7f3e3d9633e475e6de4f8e148ceb4d7e "HTTP/1.1 200 OK"
2025-08-21 19:31:51,444 [INFO] HTTP Request: POST https://yolo-soft-daylight.solana-mainnet.quiknode.pro/057ff3aa7f3e3d9633e475e6de4f8e148ceb4d7e "HTTP/1.1 200 OK"
2025-08-21 19:31:52,732 [INFO] HTTP Request: POST https://yolo-soft-daylight.solana-mainnet.quiknode.pro/057ff3aa7f3e3d9633e475e6de4f8e148ceb4d7e "HTTP/1.1 200 OK"
2025-08-21 19:31:52,819 [INFO] HTTP Request: POST https://yolo-soft-daylight.solana-mainnet.quiknode.pro/057ff3aa7f3e3d9633e475e6de4f8e148ceb4d7e "HTTP/1.1 200 OK"
2025-08-21 19:31:54,050 [INFO] HTTP Request: POST https://yolo-soft-daylight.solana-mainnet.quiknode.pro/057ff3aa7f3e3d9633e475e6de4f8e148ceb4d7e "HTTP/1.1 200 OK"
2025-08-21 19:31:54,183 [INFO] HTTP Request: POST https://yolo-soft-daylight.solana-mainnet.quiknode.pro/057ff3aa7f3e3d9633e475e6de4f8e148ceb4d7e "HTTP/1.1 200 OK"
2025-08-21 19:31:55,355 [INFO] HTTP Request: POST https://yolo-soft-daylight.solana-mainnet.quiknode.pro/057ff3aa7f3e3d9633e475e6de4f8e148ceb4d7e "HTTP/1.1 200 OK"
2025-08-21 19:32:00,241 [INFO] HTTP Request: POST https://yolo-soft-daylight.solana-mainnet.quiknode.pro/057ff3aa7f3e3d9633e475e6de4f8e148ceb4d7e "HTTP/1.1 200 OK"
2025-08-21 19:32:01,499 [INFO] HTTP Request: POST https://yolo-soft-daylight.solana-mainnet.quiknode.pro/057ff3aa7f3e3d9633e475e6de4f8e148ceb4d7e "HTTP/1.1 200 OK"
2025-08-21 19:32:01,661 [INFO] HTTP Request: POST https://yolo-soft-daylight.solana-mainnet.quiknode.pro/057ff3aa7f3e3d9633e475e6de4f8e148ceb4d7e "HTTP/1.1 200 OK"
2025-08-21 19:32:02,841 [INFO] HTTP Request: POST https://yolo-soft-daylight.solana-mainnet.quiknode.pro/057ff3aa7f3e3d9633e475e6de4f8e148ceb4d7e "HTTP/1.1 200 OK"
2025-08-21 19:32:03,023 [INFO] HTTP Request: POST https://yolo-soft-daylight.solana-mainnet.quiknode.pro/057ff3aa7f3e3d9633e475e6de4f8e148ceb4d7e "HTTP/1.1 200 OK"
2025-08-21 19:32:04,164 [INFO] HTTP Request: POST https://yolo-soft-daylight.solana-mainnet.quiknode.pro/057ff3aa7f3e3d9633e475e6de4f8e148ceb4d7e "HTTP/1.1 200 OK"
2025-08-21 19:32:09,054 [INFO] HTTP Request: POST https://yolo-soft-daylight.solana-mainnet.quiknode.pro/057ff3aa7f3e3d9633e475e6de4f8e148ceb4d7e "HTTP/1.1 200 OK"
2025-08-21 19:32:10,263 [INFO] HTTP Request: POST https://yolo-soft-daylight.solana-mainnet.quiknode.pro/057ff3aa7f3e3d9633e475e6de4f8e148ceb4d7e "HTTP/1.1 200 OK"
2025-08-21 19:32:10,375 [INFO] HTTP Request: POST https://yolo-soft-daylight.solana-mainnet.quiknode.pro/057ff3aa7f3e3d9633e475e6de4f8e148ceb4d7e "HTTP/1.1 200 OK"
2025-08-21 19:32:11,725 [INFO] HTTP Request: POST https://yolo-soft-daylight.solana-mainnet.quiknode.pro/057ff3aa7f3e3d9633e475e6de4f8e148ceb4d7e "HTTP/1.1 200 OK"
2025-08-21 19:32:12,027 [INFO] HTTP Request: POST https://yolo-soft-daylight.solana-mainnet.quiknode.pro/057ff3aa7f3e3d9633e475e6de4f8e148ceb4d7e "HTTP/1.1 200 OK"
2025-08-21 19:32:13,295 [INFO] HTTP Request: POST https://yolo-soft-daylight.solana-mainnet.quiknode.pro/057ff3aa7f3e3d9633e475e6de4f8e148ceb4d7e "HTTP/1.1 200 OK"
2025-08-21 19:32:17,780 [INFO] HTTP Request: POST https://yolo-soft-daylight.solana-mainnet.quiknode.pro/057ff3aa7f3e3d9633e475e6de4f8e148ceb4d7e "HTTP/1.1 200 OK"
2025-08-21 19:32:19,082 [INFO] HTTP Request: POST https://yolo-soft-daylight.solana-mainnet.quiknode.pro/057ff3aa7f3e3d9633e475e6de4f8e148ceb4d7e "HTTP/1.1 200 OK"
2025-08-21 19:32:19,373 [INFO] HTTP Request: POST https://yolo-soft-daylight.solana-mainnet.quiknode.pro/057ff3aa7f3e3d9633e475e6de4f8e148ceb4d7e "HTTP/1.1 200 OK"
2025-08-21 19:32:20,474 [INFO] HTTP Request: POST https://yolo-soft-daylight.solana-mainnet.quiknode.pro/057ff3aa7f3e3d9633e475e6de4f8e148ceb4d7e "HTTP/1.1 200 OK"
2025-08-21 19:32:20,725 [INFO] HTTP Request: POST https://yolo-soft-daylight.solana-mainnet.quiknode.pro/057ff3aa7f3e3d9633e475e6de4f8e148ceb4d7e "HTTP/1.1 200 OK"
2025-08-21 19:32:22,033 [INFO] HTTP Request: POST https://yolo-soft-daylight.solana-mainnet.quiknode.pro/057ff3aa7f3e3d9633e475e6de4f8e148ceb4d7e "HTTP/1.1 200 OK"
2025-08-21 19:32:26,529 [INFO] HTTP Request: POST https://yolo-soft-daylight.solana-mainnet.quiknode.pro/057ff3aa7f3e3d9633e475e6de4f8e148ceb4d7e "HTTP/1.1 200 OK"
2025-08-21 19:32:27,840 [INFO] HTTP Request: POST https://yolo-soft-daylight.solana-mainnet.quiknode.pro/057ff3aa7f3e3d9633e475e6de4f8e148ceb4d7e "HTTP/1.1 200 OK"
2025-08-21 19:32:28,114 [INFO] HTTP Request: POST https://yolo-soft-daylight.solana-mainnet.quiknode.pro/057ff3aa7f3e3d9633e475e6de4f8e148ceb4d7e "HTTP/1.1 200 OK"
2025-08-21 19:32:29,202 [INFO] HTTP Request: POST https://yolo-soft-daylight.solana-mainnet.quiknode.pro/057ff3aa7f3e3d9633e475e6de4f8e148ceb4d7e "HTTP/1.1 200 OK"
2025-08-21 19:32:29,452 [INFO] HTTP Request: POST https://yolo-soft-daylight.solana-mainnet.quiknode.pro/057ff3aa7f3e3d9633e475e6de4f8e148ceb4d7e "HTTP/1.1 200 OK"
2025-08-21 19:32:30,738 [INFO] HTTP Request: POST https://yolo-soft-daylight.solana-mainnet.quiknode.pro/057ff3aa7f3e3d9633e475e6de4f8e148ceb4d7e "HTTP/1.1 200 OK"
2025-08-21 19:32:35,244 [INFO] HTTP Request: POST https://yolo-soft-daylight.solana-mainnet.quiknode.pro/057ff3aa7f3e3d9633e475e6de4f8e148ceb4d7e "HTTP/1.1 200 OK"
2025-08-21 19:32:36,560 [INFO] HTTP Request: POST https://yolo-soft-daylight.solana-mainnet.quiknode.pro/057ff3aa7f3e3d9633e475e6de4f8e148ceb4d7e "HTTP/1.1 200 OK"
2025-08-21 19:32:36,812 [INFO] HTTP Request: POST https://yolo-soft-daylight.solana-mainnet.quiknode.pro/057ff3aa7f3e3d9633e475e6de4f8e148ceb4d7e "HTTP/1.1 200 OK"
2025-08-21 19:32:37,887 [INFO] HTTP Request: POST https://yolo-soft-daylight.solana-mainnet.quiknode.pro/057ff3aa7f3e3d9633e475e6de4f8e148ceb4d7e "HTTP/1.1 200 OK"
2025-08-21 19:32:38,133 [INFO] HTTP Request: POST https://yolo-soft-daylight.solana-mainnet.quiknode.pro/057ff3aa7f3e3d9633e475e6de4f8e148ceb4d7e "HTTP/1.1 200 OK"
2025-08-21 19:32:39,443 [INFO] HTTP Request: POST https://yolo-soft-daylight.solana-mainnet.quiknode.pro/057ff3aa7f3e3d9633e475e6de4f8e148ceb4d7e "HTTP/1.1 200 OK"
2025-08-21 19:32:43,963 [INFO] HTTP Request: POST https://yolo-soft-daylight.solana-mainnet.quiknode.pro/057ff3aa7f3e3d9633e475e6de4f8e148ceb4d7e "HTTP/1.1 200 OK"
2025-08-21 19:32:45,268 [INFO] HTTP Request: POST https://yolo-soft-daylight.solana-mainnet.quiknode.pro/057ff3aa7f3e3d9633e475e6de4f8e148ceb4d7e "HTTP/1.1 200 OK"
2025-08-21 19:32:45,513 [INFO] HTTP Request: POST https://yolo-soft-daylight.solana-mainnet.quiknode.pro/057ff3aa7f3e3d9633e475e6de4f8e148ceb4d7e "HTTP/1.1 200 OK"
2025-08-21 19:32:46,581 [INFO] HTTP Request: POST https://yolo-soft-daylight.solana-mainnet.quiknode.pro/057ff3aa7f3e3d9633e475e6de4f8e148ceb4d7e "HTTP/1.1 200 OK"
2025-08-21 19:32:46,823 [INFO] HTTP Request: POST https://yolo-soft-daylight.solana-mainnet.quiknode.pro/057ff3aa7f3e3d9633e475e6de4f8e148ceb4d7e "HTTP/1.1 200 OK"
2025-08-21 19:32:48,089 [INFO] HTTP Request: POST https://yolo-soft-daylight.solana-mainnet.quiknode.pro/057ff3aa7f3e3d9633e475e6de4f8e148ceb4d7e "HTTP/1.1 200 OK"
2025-08-21 19:32:52,653 [INFO] HTTP Request: POST https://yolo-soft-daylight.solana-mainnet.quiknode.pro/057ff3aa7f3e3d9633e475e6de4f8e148ceb4d7e "HTTP/1.1 200 OK"
2025-08-21 19:32:53,942 [INFO] HTTP Request: POST https://yolo-soft-daylight.solana-mainnet.quiknode.pro/057ff3aa7f3e3d9633e475e6de4f8e148ceb4d7e "HTTP/1.1 200 OK"
2025-08-21 19:32:54,161 [INFO] HTTP Request: POST https://yolo-soft-daylight.solana-mainnet.quiknode.pro/057ff3aa7f3e3d9633e475e6de4f8e148ceb4d7e "HTTP/1.1 200 OK"
2025-08-21 19:32:55,279 [INFO] HTTP Request: POST https://yolo-soft-daylight.solana-mainnet.quiknode.pro/057ff3aa7f3e3d9633e475e6de4f8e148ceb4d7e "HTTP/1.1 200 OK"
2025-08-21 19:32:55,503 [INFO] HTTP Request: POST https://yolo-soft-daylight.solana-mainnet.quiknode.pro/057ff3aa7f3e3d9633e475e6de4f8e148ceb4d7e "HTTP/1.1 200 OK"
2025-08-21 19:32:56,876 [INFO] HTTP Request: POST https://yolo-soft-daylight.solana-mainnet.quiknode.pro/057ff3aa7f3e3d9633e475e6de4f8e148ceb4d7e "HTTP/1.1 200 OK"
2025-08-21 19:33:01,460 [INFO] HTTP Request: POST https://yolo-soft-daylight.solana-mainnet.quiknode.pro/057ff3aa7f3e3d9633e475e6de4f8e148ceb4d7e "HTTP/1.1 200 OK"
2025-08-21 19:33:02,768 [INFO] HTTP Request: POST https://yolo-soft-daylight.solana-mainnet.quiknode.pro/057ff3aa7f3e3d9633e475e6de4f8e148ceb4d7e "HTTP/1.1 200 OK"
2025-08-21 19:33:02,969 [INFO] HTTP Request: POST https://yolo-soft-daylight.solana-mainnet.quiknode.pro/057ff3aa7f3e3d9633e475e6de4f8e148ceb4d7e "HTTP/1.1 200 OK"
2025-08-21 19:33:04,101 [INFO] HTTP Request: POST https://yolo-soft-daylight.solana-mainnet.quiknode.pro/057ff3aa7f3e3d9633e475e6de4f8e148ceb4d7e "HTTP/1.1 200 OK"
2025-08-21 19:33:04,291 [INFO] HTTP Request: POST https://yolo-soft-daylight.solana-mainnet.quiknode.pro/057ff3aa7f3e3d9633e475e6de4f8e148ceb4d7e "HTTP/1.1 200 OK"
2025-08-21 19:33:05,568 [INFO] HTTP Request: POST https://yolo-soft-daylight.solana-mainnet.quiknode.pro/057ff3aa7f3e3d9633e475e6de4f8e148ceb4d7e "HTTP/1.1 200 OK"
2025-08-21 19:33:10,140 [INFO] HTTP Request: POST https://yolo-soft-daylight.solana-mainnet.quiknode.pro/057ff3aa7f3e3d9633e475e6de4f8e148ceb4d7e "HTTP/1.1 200 OK"
2025-08-21 19:33:11,462 [INFO] HTTP Request: POST https://yolo-soft-daylight.solana-mainnet.quiknode.pro/057ff3aa7f3e3d9633e475e6de4f8e148ceb4d7e "HTTP/1.1 200 OK"
2025-08-21 19:33:11,663 [INFO] HTTP Request: POST https://yolo-soft-daylight.solana-mainnet.quiknode.pro/057ff3aa7f3e3d9633e475e6de4f8e148ceb4d7e "HTTP/1.1 200 OK"
2025-08-21 19:33:12,845 [INFO] HTTP Request: POST https://yolo-soft-daylight.solana-mainnet.quiknode.pro/057ff3aa7f3e3d9633e475e6de4f8e148ceb4d7e "HTTP/1.1 200 OK"
2025-08-21 19:33:13,001 [INFO] HTTP Request: POST https://yolo-soft-daylight.solana-mainnet.quiknode.pro/057ff3aa7f3e3d9633e475e6de4f8e148ceb4d7e "HTTP/1.1 200 OK"
2025-08-21 19:33:14,288 [INFO] HTTP Request: POST https://yolo-soft-daylight.solana-mainnet.quiknode.pro/057ff3aa7f3e3d9633e475e6de4f8e148ceb4d7e "HTTP/1.1 200 OK"
2025-08-21 19:33:18,911 [INFO] HTTP Request: POST https://yolo-soft-daylight.solana-mainnet.quiknode.pro/057ff3aa7f3e3d9633e475e6de4f8e148ceb4d7e "HTTP/1.1 200 OK"
2025-08-21 19:33:20,203 [INFO] HTTP Request: POST https://yolo-soft-daylight.solana-mainnet.quiknode.pro/057ff3aa7f3e3d9633e475e6de4f8e148ceb4d7e "HTTP/1.1 200 OK"
2025-08-21 19:33:20,390 [INFO] HTTP Request: POST https://yolo-soft-daylight.solana-mainnet.quiknode.pro/057ff3aa7f3e3d9633e475e6de4f8e148ceb4d7e "HTTP/1.1 200 OK"
2025-08-21 19:33:21,528 [INFO] HTTP Request: POST https://yolo-soft-daylight.solana-mainnet.quiknode.pro/057ff3aa7f3e3d9633e475e6de4f8e148ceb4d7e "HTTP/1.1 200 OK"
2025-08-21 19:33:21,714 [INFO] HTTP Request: POST https://yolo-soft-daylight.solana-mainnet.quiknode.pro/057ff3aa7f3e3d9633e475e6de4f8e148ceb4d7e "HTTP/1.1 200 OK"
2025-08-21 19:33:22,989 [INFO] HTTP Request: POST https://yolo-soft-daylight.solana-mainnet.quiknode.pro/057ff3aa7f3e3d9633e475e6de4f8e148ceb4d7e "HTTP/1.1 200 OK"
2025-08-21 19:33:27,617 [INFO] HTTP Request: POST https://yolo-soft-daylight.solana-mainnet.quiknode.pro/057ff3aa7f3e3d9633e475e6de4f8e148ceb4d7e "HTTP/1.1 200 OK"
2025-08-21 19:33:28,958 [INFO] HTTP Request: POST https://yolo-soft-daylight.solana-mainnet.quiknode.pro/057ff3aa7f3e3d9633e475e6de4f8e148ceb4d7e "HTTP/1.1 200 OK"
2025-08-21 19:33:29,081 [INFO] HTTP Request: POST https://yolo-soft-daylight.solana-mainnet.quiknode.pro/057ff3aa7f3e3d9633e475e6de4f8e148ceb4d7e "HTTP/1.1 200 OK"
2025-08-21 19:33:30,309 [INFO] HTTP Request: POST https://yolo-soft-daylight.solana-mainnet.quiknode.pro/057ff3aa7f3e3d9633e475e6de4f8e148ceb4d7e "HTTP/1.1 200 OK"
2025-08-21 19:33:30,442 [INFO] HTTP Request: POST https://yolo-soft-daylight.solana-mainnet.quiknode.pro/057ff3aa7f3e3d9633e475e6de4f8e148ceb4d7e "HTTP/1.1 200 OK"
2025-08-21 19:33:31,725 [INFO] HTTP Request: POST https://yolo-soft-daylight.solana-mainnet.quiknode.pro/057ff3aa7f3e3d9633e475e6de4f8e148ceb4d7e "HTTP/1.1 200 OK"
2025-08-21 19:33:36,348 [INFO] HTTP Request: POST https://yolo-soft-daylight.solana-mainnet.quiknode.pro/057ff3aa7f3e3d9633e475e6de4f8e148ceb4d7e "HTTP/1.1 200 OK"
2025-08-21 19:33:37,668 [INFO] HTTP Request: POST https://yolo-soft-daylight.solana-mainnet.quiknode.pro/057ff3aa7f3e3d9633e475e6de4f8e148ceb4d7e "HTTP/1.1 200 OK"
2025-08-21 19:33:37,827 [INFO] HTTP Request: POST https://yolo-soft-daylight.solana-mainnet.quiknode.pro/057ff3aa7f3e3d9633e475e6de4f8e148ceb4d7e "HTTP/1.1 200 OK"
2025-08-21 19:33:38,994 [INFO] HTTP Request: POST https://yolo-soft-daylight.solana-mainnet.quiknode.pro/057ff3aa7f3e3d9633e475e6de4f8e148ceb4d7e "HTTP/1.1 200 OK"
2025-08-21 19:33:40,154 [INFO] HTTP Request: POST https://yolo-soft-daylight.solana-mainnet.quiknode.pro/057ff3aa7f3e3d9633e475e6de4f8e148ceb4d7e "HTTP/1.1 200 OK"
2025-08-21 19:33:41,461 [INFO] HTTP Request: POST https://yolo-soft-daylight.solana-mainnet.quiknode.pro/057ff3aa7f3e3d9633e475e6de4f8e148ceb4d7e "HTTP/1.1 200 OK"
2025-08-21 19:33:45,045 [INFO] HTTP Request: POST https://yolo-soft-daylight.solana-mainnet.quiknode.pro/057ff3aa7f3e3d9633e475e6de4f8e148ceb4d7e "HTTP/1.1 200 OK"
2025-08-21 19:33:46,309 [INFO] HTTP Request: POST https://yolo-soft-daylight.solana-mainnet.quiknode.pro/057ff3aa7f3e3d9633e475e6de4f8e148ceb4d7e "HTTP/1.1 200 OK"
2025-08-21 19:33:47,581 [INFO] HTTP Request: POST https://yolo-soft-daylight.solana-mainnet.quiknode.pro/057ff3aa7f3e3d9633e475e6de4f8e148ceb4d7e "HTTP/1.1 200 OK"
2025-08-21 19:33:47,705 [INFO] HTTP Request: POST https://yolo-soft-daylight.solana-mainnet.quiknode.pro/057ff3aa7f3e3d9633e475e6de4f8e148ceb4d7e "HTTP/1.1 200 OK"
2025-08-21 19:33:48,886 [INFO] HTTP Request: POST https://yolo-soft-daylight.solana-mainnet.quiknode.pro/057ff3aa7f3e3d9633e475e6de4f8e148ceb4d7e "HTTP/1.1 200 OK"
2025-08-21 19:33:50,163 [INFO] HTTP Request: POST https://yolo-soft-daylight.solana-mainnet.quiknode.pro/057ff3aa7f3e3d9633e475e6de4f8e148ceb4d7e "HTTP/1.1 200 OK"
2025-08-21 19:33:53,745 [INFO] HTTP Request: POST https://yolo-soft-daylight.solana-mainnet.quiknode.pro/057ff3aa7f3e3d9633e475e6de4f8e148ceb4d7e "HTTP/1.1 200 OK"
2025-08-21 19:33:55,082 [INFO] HTTP Request: POST https://yolo-soft-daylight.solana-mainnet.quiknode.pro/057ff3aa7f3e3d9633e475e6de4f8e148ceb4d7e "HTTP/1.1 200 OK"
2025-08-21 19:33:56,274 [INFO] HTTP Request: POST https://yolo-soft-daylight.solana-mainnet.quiknode.pro/057ff3aa7f3e3d9633e475e6de4f8e148ceb4d7e "HTTP/1.1 200 OK"
2025-08-21 19:33:56,423 [INFO] HTTP Request: POST https://yolo-soft-daylight.solana-mainnet.quiknode.pro/057ff3aa7f3e3d9633e475e6de4f8e148ceb4d7e "HTTP/1.1 200 OK"
2025-08-21 19:33:57,547 [INFO] HTTP Request: POST https://yolo-soft-daylight.solana-mainnet.quiknode.pro/057ff3aa7f3e3d9633e475e6de4f8e148ceb4d7e "HTTP/1.1 200 OK"
2025-08-21 19:33:58,854 [INFO] HTTP Request: POST https://yolo-soft-daylight.solana-mainnet.quiknode.pro/057ff3aa7f3e3d9633e475e6de4f8e148ceb4d7e "HTTP/1.1 200 OK"
2025-08-21 19:34:02,525 [INFO] HTTP Request: POST https://yolo-soft-daylight.solana-mainnet.quiknode.pro/057ff3aa7f3e3d9633e475e6de4f8e148ceb4d7e "HTTP/1.1 200 OK"
2025-08-21 19:34:03,814 [INFO] HTTP Request: POST https://yolo-soft-daylight.solana-mainnet.quiknode.pro/057ff3aa7f3e3d9633e475e6de4f8e148ceb4d7e "HTTP/1.1 200 OK"
2025-08-21 19:34:04,957 [INFO] HTTP Request: POST https://yolo-soft-daylight.solana-mainnet.quiknode.pro/057ff3aa7f3e3d9633e475e6de4f8e148ceb4d7e "HTTP/1.1 200 OK"
2025-08-21 19:34:05,154 [INFO] HTTP Request: POST https://yolo-soft-daylight.solana-mainnet.quiknode.pro/057ff3aa7f3e3d9633e475e6de4f8e148ceb4d7e "HTTP/1.1 200 OK"
2025-08-21 19:34:06,244 [INFO] HTTP Request: POST https://yolo-soft-daylight.solana-mainnet.quiknode.pro/057ff3aa7f3e3d9633e475e6de4f8e148ceb4d7e "HTTP/1.1 200 OK"
2025-08-21 19:34:07,523 [INFO] HTTP Request: POST https://yolo-soft-daylight.solana-mainnet.quiknode.pro/057ff3aa7f3e3d9633e475e6de4f8e148ceb4d7e "HTTP/1.1 200 OK"
2025-08-21 19:34:11,194 [INFO] HTTP Request: POST https://yolo-soft-daylight.solana-mainnet.quiknode.pro/057ff3aa7f3e3d9633e475e6de4f8e148ceb4d7e "HTTP/1.1 200 OK"
2025-08-21 19:34:12,553 [INFO] HTTP Request: POST https://yolo-soft-daylight.solana-mainnet.quiknode.pro/057ff3aa7f3e3d9633e475e6de4f8e148ceb4d7e "HTTP/1.1 200 OK"
2025-08-21 19:34:13,646 [INFO] HTTP Request: POST https://yolo-soft-daylight.solana-mainnet.quiknode.pro/057ff3aa7f3e3d9633e475e6de4f8e148ceb4d7e "HTTP/1.1 200 OK"
2025-08-21 19:34:13,917 [INFO] HTTP Request: POST https://yolo-soft-daylight.solana-mainnet.quiknode.pro/057ff3aa7f3e3d9633e475e6de4f8e148ceb4d7e "HTTP/1.1 200 OK"
2025-08-21 19:34:15,058 [INFO] HTTP Request: POST https://yolo-soft-daylight.solana-mainnet.quiknode.pro/057ff3aa7f3e3d9633e475e6de4f8e148ceb4d7e "HTTP/1.1 200 OK"
2025-08-21 19:34:16,374 [INFO] HTTP Request: POST https://yolo-soft-daylight.solana-mainnet.quiknode.pro/057ff3aa7f3e3d9633e475e6de4f8e148ceb4d7e "HTTP/1.1 200 OK"
2025-08-21 19:34:19,957 [INFO] HTTP Request: POST https://yolo-soft-daylight.solana-mainnet.quiknode.pro/057ff3aa7f3e3d9633e475e6de4f8e148ceb4d7e "HTTP/1.1 200 OK"
2025-08-21 19:34:21,317 [INFO] HTTP Request: POST https://yolo-soft-daylight.solana-mainnet.quiknode.pro/057ff3aa7f3e3d9633e475e6de4f8e148ceb4d7e "HTTP/1.1 200 OK"
2025-08-21 19:34:22,472 [INFO] HTTP Request: POST https://yolo-soft-daylight.solana-mainnet.quiknode.pro/057ff3aa7f3e3d9633e475e6de4f8e148ceb4d7e "HTTP/1.1 200 OK"
2025-08-21 19:34:22,648 [INFO] HTTP Request: POST https://yolo-soft-daylight.solana-mainnet.quiknode.pro/057ff3aa7f3e3d9633e475e6de4f8e148ceb4d7e "HTTP/1.1 200 OK"
2025-08-21 19:34:23,774 [INFO] HTTP Request: POST https://yolo-soft-daylight.solana-mainnet.quiknode.pro/057ff3aa7f3e3d9633e475e6de4f8e148ceb4d7e "HTTP/1.1 200 OK"
2025-08-21 19:34:25,063 [INFO] HTTP Request: POST https://yolo-soft-daylight.solana-mainnet.quiknode.pro/057ff3aa7f3e3d9633e475e6de4f8e148ceb4d7e "HTTP/1.1 200 OK"
2025-08-21 19:34:28,699 [INFO] HTTP Request: POST https://yolo-soft-daylight.solana-mainnet.quiknode.pro/057ff3aa7f3e3d9633e475e6de4f8e148ceb4d7e "HTTP/1.1 200 OK"
2025-08-21 19:34:30,018 [INFO] HTTP Request: POST https://yolo-soft-daylight.solana-mainnet.quiknode.pro/057ff3aa7f3e3d9633e475e6de4f8e148ceb4d7e "HTTP/1.1 200 OK"
2025-08-21 19:34:31,192 [INFO] HTTP Request: POST https://yolo-soft-daylight.solana-mainnet.quiknode.pro/057ff3aa7f3e3d9633e475e6de4f8e148ceb4d7e "HTTP/1.1 200 OK"
2025-08-21 19:34:31,390 [INFO] HTTP Request: POST https://yolo-soft-daylight.solana-mainnet.quiknode.pro/057ff3aa7f3e3d9633e475e6de4f8e148ceb4d7e "HTTP/1.1 200 OK"
2025-08-21 19:34:32,493 [INFO] HTTP Request: POST https://yolo-soft-daylight.solana-mainnet.quiknode.pro/057ff3aa7f3e3d9633e475e6de4f8e148ceb4d7e "HTTP/1.1 200 OK"
2025-08-21 19:34:33,781 [INFO] HTTP Request: POST https://yolo-soft-daylight.solana-mainnet.quiknode.pro/057ff3aa7f3e3d9633e475e6de4f8e148ceb4d7e "HTTP/1.1 200 OK"
2025-08-21 19:34:37,441 [INFO] HTTP Request: POST https://yolo-soft-daylight.solana-mainnet.quiknode.pro/057ff3aa7f3e3d9633e475e6de4f8e148ceb4d7e "HTTP/1.1 200 OK"
2025-08-21 19:34:38,763 [INFO] HTTP Request: POST https://yolo-soft-daylight.solana-mainnet.quiknode.pro/057ff3aa7f3e3d9633e475e6de4f8e148ceb4d7e "HTTP/1.1 200 OK"
2025-08-21 19:34:39,889 [INFO] HTTP Request: POST https://yolo-soft-daylight.solana-mainnet.quiknode.pro/057ff3aa7f3e3d9633e475e6de4f8e148ceb4d7e "HTTP/1.1 200 OK"
2025-08-21 19:34:40,112 [INFO] HTTP Request: POST https://yolo-soft-daylight.solana-mainnet.quiknode.pro/057ff3aa7f3e3d9633e475e6de4f8e148ceb4d7e "HTTP/1.1 200 OK"
2025-08-21 19:34:41,168 [INFO] HTTP Request: POST https://yolo-soft-daylight.solana-mainnet.quiknode.pro/057ff3aa7f3e3d9633e475e6de4f8e148ceb4d7e "HTTP/1.1 200 OK"
2025-08-21 19:34:42,460 [INFO] HTTP Request: POST https://yolo-soft-daylight.solana-mainnet.quiknode.pro/057ff3aa7f3e3d9633e475e6de4f8e148ceb4d7e "HTTP/1.1 200 OK"
2025-08-21 19:34:46,147 [INFO] HTTP Request: POST https://yolo-soft-daylight.solana-mainnet.quiknode.pro/057ff3aa7f3e3d9633e475e6de4f8e148ceb4d7e "HTTP/1.1 200 OK"
2025-08-21 19:34:47,437 [INFO] HTTP Request: POST https://yolo-soft-daylight.solana-mainnet.quiknode.pro/057ff3aa7f3e3d9633e475e6de4f8e148ceb4d7e "HTTP/1.1 200 OK"
2025-08-21 19:34:48,557 [INFO] HTTP Request: POST https://yolo-soft-daylight.solana-mainnet.quiknode.pro/057ff3aa7f3e3d9633e475e6de4f8e148ceb4d7e "HTTP/1.1 200 OK"
2025-08-21 19:34:48,802 [INFO] HTTP Request: POST https://yolo-soft-daylight.solana-mainnet.quiknode.pro/057ff3aa7f3e3d9633e475e6de4f8e148ceb4d7e "HTTP/1.1 200 OK"
2025-08-21 19:34:49,917 [INFO] HTTP Request: POST https://yolo-soft-daylight.solana-mainnet.quiknode.pro/057ff3aa7f3e3d9633e475e6de4f8e148ceb4d7e "HTTP/1.1 200 OK"
2025-08-21 19:34:51,210 [INFO] HTTP Request: POST https://yolo-soft-daylight.solana-mainnet.quiknode.pro/057ff3aa7f3e3d9633e475e6de4f8e148ceb4d7e "HTTP/1.1 200 OK"
2025-08-21 19:34:55,078 [INFO] HTTP Request: POST https://yolo-soft-daylight.solana-mainnet.quiknode.pro/057ff3aa7f3e3d9633e475e6de4f8e148ceb4d7e "HTTP/1.1 200 OK"
2025-08-21 19:34:56,564 [INFO] HTTP Request: POST https://yolo-soft-daylight.solana-mainnet.quiknode.pro/057ff3aa7f3e3d9633e475e6de4f8e148ceb4d7e "HTTP/1.1 200 OK"
2025-08-21 19:34:57,512 [INFO] HTTP Request: POST https://yolo-soft-daylight.solana-mainnet.quiknode.pro/057ff3aa7f3e3d9633e475e6de4f8e148ceb4d7e "HTTP/1.1 200 OK"
2025-08-21 19:34:58,167 [INFO] HTTP Request: POST https://yolo-soft-daylight.solana-mainnet.quiknode.pro/057ff3aa7f3e3d9633e475e6de4f8e148ceb4d7e "HTTP/1.1 200 OK"
2025-08-21 19:34:59,143 [INFO] HTTP Request: POST https://yolo-soft-daylight.solana-mainnet.quiknode.pro/057ff3aa7f3e3d9633e475e6de4f8e148ceb4d7e "HTTP/1.1 200 OK"
2025-08-21 19:35:01,025 [INFO] HTTP Request: POST https://yolo-soft-daylight.solana-mainnet.quiknode.pro/057ff3aa7f3e3d9633e475e6de4f8e148ceb4d7e "HTTP/1.1 200 OK"
2025-08-21 19:35:04,674 [INFO] HTTP Request: POST https://yolo-soft-daylight.solana-mainnet.quiknode.pro/057ff3aa7f3e3d9633e475e6de4f8e148ceb4d7e "HTTP/1.1 200 OK"
2025-08-21 19:35:06,063 [INFO] HTTP Request: POST https://yolo-soft-daylight.solana-mainnet.quiknode.pro/057ff3aa7f3e3d9633e475e6de4f8e148ceb4d7e "HTTP/1.1 200 OK"
2025-08-21 19:35:07,125 [INFO] HTTP Request: POST https://yolo-soft-daylight.solana-mainnet.quiknode.pro/057ff3aa7f3e3d9633e475e6de4f8e148ceb4d7e "HTTP/1.1 200 OK"
2025-08-21 19:35:07,439 [INFO] HTTP Request: POST https://yolo-soft-daylight.solana-mainnet.quiknode.pro/057ff3aa7f3e3d9633e475e6de4f8e148ceb4d7e "HTTP/1.1 200 OK"
2025-08-21 19:35:08,519 [INFO] HTTP Request: POST https://yolo-soft-daylight.solana-mainnet.quiknode.pro/057ff3aa7f3e3d9633e475e6de4f8e148ceb4d7e "HTTP/1.1 200 OK"
2025-08-21 19:35:09,907 [INFO] HTTP Request: POST https://yolo-soft-daylight.solana-mainnet.quiknode.pro/057ff3aa7f3e3d9633e475e6de4f8e148ceb4d7e "HTTP/1.1 200 OK"
2025-08-21 19:35:13,538 [INFO] HTTP Request: POST https://yolo-soft-daylight.solana-mainnet.quiknode.pro/057ff3aa7f3e3d9633e475e6de4f8e148ceb4d7e "HTTP/1.1 200 OK"
2025-08-21 19:35:14,904 [INFO] HTTP Request: POST https://yolo-soft-daylight.solana-mainnet.quiknode.pro/057ff3aa7f3e3d9633e475e6de4f8e148ceb4d7e "HTTP/1.1 200 OK"
2025-08-21 19:35:16,098 [INFO] HTTP Request: POST https://yolo-soft-daylight.solana-mainnet.quiknode.pro/057ff3aa7f3e3d9633e475e6de4f8e148ceb4d7e "HTTP/1.1 200 OK"
2025-08-21 19:35:16,338 [INFO] HTTP Request: POST https://yolo-soft-daylight.solana-mainnet.quiknode.pro/057ff3aa7f3e3d9633e475e6de4f8e148ceb4d7e "HTTP/1.1 200 OK"
2025-08-21 19:35:17,439 [INFO] HTTP Request: POST https://yolo-soft-daylight.solana-mainnet.quiknode.pro/057ff3aa7f3e3d9633e475e6de4f8e148ceb4d7e "HTTP/1.1 200 OK"
2025-08-21 19:35:18,768 [INFO] HTTP Request: POST https://yolo-soft-daylight.solana-mainnet.quiknode.pro/057ff3aa7f3e3d9633e475e6de4f8e148ceb4d7e "HTTP/1.1 200 OK"
2025-08-21 19:35:22,783 [INFO] HTTP Request: POST https://yolo-soft-daylight.solana-mainnet.quiknode.pro/057ff3aa7f3e3d9633e475e6de4f8e148ceb4d7e "HTTP/1.1 200 OK"
2025-08-21 19:35:24,142 [INFO] HTTP Request: POST https://yolo-soft-daylight.solana-mainnet.quiknode.pro/057ff3aa7f3e3d9633e475e6de4f8e148ceb4d7e "HTTP/1.1 200 OK"
2025-08-21 19:35:25,001 [INFO] HTTP Request: POST https://yolo-soft-daylight.solana-mainnet.quiknode.pro/057ff3aa7f3e3d9633e475e6de4f8e148ceb4d7e "HTTP/1.1 200 OK"
2025-08-21 19:35:25,690 [INFO] HTTP Request: POST https://yolo-soft-daylight.solana-mainnet.quiknode.pro/057ff3aa7f3e3d9633e475e6de4f8e148ceb4d7e "HTTP/1.1 200 OK"
2025-08-21 19:35:26,468 [INFO] HTTP Request: POST https://yolo-soft-daylight.solana-mainnet.quiknode.pro/057ff3aa7f3e3d9633e475e6de4f8e148ceb4d7e "HTTP/1.1 200 OK"
2025-08-21 19:35:27,815 [INFO] HTTP Request: POST https://yolo-soft-daylight.solana-mainnet.quiknode.pro/057ff3aa7f3e3d9633e475e6de4f8e148ceb4d7e "HTTP/1.1 200 OK"
2025-08-21 19:35:31,782 [INFO] HTTP Request: POST https://yolo-soft-daylight.solana-mainnet.quiknode.pro/057ff3aa7f3e3d9633e475e6de4f8e148ceb4d7e "HTTP/1.1 200 OK"
2025-08-21 19:35:33,125 [INFO] HTTP Request: POST https://yolo-soft-daylight.solana-mainnet.quiknode.pro/057ff3aa7f3e3d9633e475e6de4f8e148ceb4d7e "HTTP/1.1 200 OK"
2025-08-21 19:35:33,964 [INFO] HTTP Request: POST https://yolo-soft-daylight.solana-mainnet.quiknode.pro/057ff3aa7f3e3d9633e475e6de4f8e148ceb4d7e "HTTP/1.1 200 OK"
2025-08-21 19:35:34,527 [INFO] HTTP Request: POST https://yolo-soft-daylight.solana-mainnet.quiknode.pro/057ff3aa7f3e3d9633e475e6de4f8e148ceb4d7e "HTTP/1.1 200 OK"
2025-08-21 19:35:35,304 [INFO] HTTP Request: POST https://yolo-soft-daylight.solana-mainnet.quiknode.pro/057ff3aa7f3e3d9633e475e6de4f8e148ceb4d7e "HTTP/1.1 200 OK"
2025-08-21 19:35:36,635 [INFO] HTTP Request: POST https://yolo-soft-daylight.solana-mainnet.quiknode.pro/057ff3aa7f3e3d9633e475e6de4f8e148ceb4d7e "HTTP/1.1 200 OK"
2025-08-21 19:35:40,650 [INFO] HTTP Request: POST https://yolo-soft-daylight.solana-mainnet.quiknode.pro/057ff3aa7f3e3d9633e475e6de4f8e148ceb4d7e "HTTP/1.1 200 OK"
2025-08-21 19:35:41,970 [INFO] HTTP Request: POST https://yolo-soft-daylight.solana-mainnet.quiknode.pro/057ff3aa7f3e3d9633e475e6de4f8e148ceb4d7e "HTTP/1.1 200 OK"
2025-08-21 19:35:42,833 [INFO] HTTP Request: POST https://yolo-soft-daylight.solana-mainnet.quiknode.pro/057ff3aa7f3e3d9633e475e6de4f8e148ceb4d7e "HTTP/1.1 200 OK"
2025-08-21 19:35:43,375 [INFO] HTTP Request: POST https://yolo-soft-daylight.solana-mainnet.quiknode.pro/057ff3aa7f3e3d9633e475e6de4f8e148ceb4d7e "HTTP/1.1 200 OK"
2025-08-21 19:35:44,256 [INFO] HTTP Request: POST https://yolo-soft-daylight.solana-mainnet.quiknode.pro/057ff3aa7f3e3d9633e475e6de4f8e148ceb4d7e "HTTP/1.1 200 OK"
2025-08-21 19:35:45,605 [INFO] HTTP Request: POST https://yolo-soft-daylight.solana-mainnet.quiknode.pro/057ff3aa7f3e3d9633e475e6de4f8e148ceb4d7e "HTTP/1.1 200 OK"
2025-08-21 19:35:49,521 [INFO] HTTP Request: POST https://yolo-soft-daylight.solana-mainnet.quiknode.pro/057ff3aa7f3e3d9633e475e6de4f8e148ceb4d7e "HTTP/1.1 200 OK"
2025-08-21 19:35:50,905 [INFO] HTTP Request: POST https://yolo-soft-daylight.solana-mainnet.quiknode.pro/057ff3aa7f3e3d9633e475e6de4f8e148ceb4d7e "HTTP/1.1 200 OK"
2025-08-21 19:35:51,986 [INFO] HTTP Request: POST https://yolo-soft-daylight.solana-mainnet.quiknode.pro/057ff3aa7f3e3d9633e475e6de4f8e148ceb4d7e "HTTP/1.1 200 OK"
2025-08-21 19:35:52,521 [INFO] HTTP Request: POST https://yolo-soft-daylight.solana-mainnet.quiknode.pro/057ff3aa7f3e3d9633e475e6de4f8e148ceb4d7e "HTTP/1.1 200 OK"
2025-08-21 19:35:53,340 [INFO] HTTP Request: POST https://yolo-soft-daylight.solana-mainnet.quiknode.pro/057ff3aa7f3e3d9633e475e6de4f8e148ceb4d7e "HTTP/1.1 200 OK"
2025-08-21 19:35:54,689 [INFO] HTTP Request: POST https://yolo-soft-daylight.solana-mainnet.quiknode.pro/057ff3aa7f3e3d9633e475e6de4f8e148ceb4d7e "HTTP/1.1 200 OK"
2025-08-21 19:35:58,716 [INFO] HTTP Request: POST https://yolo-soft-daylight.solana-mainnet.quiknode.pro/057ff3aa7f3e3d9633e475e6de4f8e148ceb4d7e "HTTP/1.1 200 OK"
2025-08-21 19:36:00,121 [INFO] HTTP Request: POST https://yolo-soft-daylight.solana-mainnet.quiknode.pro/057ff3aa7f3e3d9633e475e6de4f8e148ceb4d7e "HTTP/1.1 200 OK"
2025-08-21 19:36:00,943 [INFO] HTTP Request: POST https://yolo-soft-daylight.solana-mainnet.quiknode.pro/057ff3aa7f3e3d9633e475e6de4f8e148ceb4d7e "HTTP/1.1 200 OK"
2025-08-21 19:36:01,631 [INFO] HTTP Request: POST https://yolo-soft-daylight.solana-mainnet.quiknode.pro/057ff3aa7f3e3d9633e475e6de4f8e148ceb4d7e "HTTP/1.1 200 OK"
2025-08-21 19:36:02,349 [INFO] HTTP Request: POST https://yolo-soft-daylight.solana-mainnet.quiknode.pro/057ff3aa7f3e3d9633e475e6de4f8e148ceb4d7e "HTTP/1.1 200 OK"
2025-08-21 19:36:03,840 [INFO] HTTP Request: POST https://yolo-soft-daylight.solana-mainnet.quiknode.pro/057ff3aa7f3e3d9633e475e6de4f8e148ceb4d7e "HTTP/1.1 200 OK"
2025-08-21 19:36:08,028 [INFO] HTTP Request: POST https://yolo-soft-daylight.solana-mainnet.quiknode.pro/057ff3aa7f3e3d9633e475e6de4f8e148ceb4d7e "HTTP/1.1 200 OK"
2025-08-21 19:36:09,475 [INFO] HTTP Request: POST https://yolo-soft-daylight.solana-mainnet.quiknode.pro/057ff3aa7f3e3d9633e475e6de4f8e148ceb4d7e "HTTP/1.1 200 OK"
2025-08-21 19:36:10,011 [INFO] HTTP Request: POST https://yolo-soft-daylight.solana-mainnet.quiknode.pro/057ff3aa7f3e3d9633e475e6de4f8e148ceb4d7e "HTTP/1.1 200 OK"
2025-08-21 19:36:11,528 [INFO] HTTP Request: POST https://yolo-soft-daylight.solana-mainnet.quiknode.pro/057ff3aa7f3e3d9633e475e6de4f8e148ceb4d7e "HTTP/1.1 200 OK"
2025-08-21 19:36:11,976 [INFO] HTTP Request: POST https://yolo-soft-daylight.solana-mainnet.quiknode.pro/057ff3aa7f3e3d9633e475e6de4f8e148ceb4d7e "HTTP/1.1 200 OK"
2025-08-21 19:36:12,852 [INFO] HTTP Request: POST https://yolo-soft-daylight.solana-mainnet.quiknode.pro/057ff3aa7f3e3d9633e475e6de4f8e148ceb4d7e "HTTP/1.1 200 OK"
2025-08-21 19:36:18,944 [INFO] HTTP Request: POST https://yolo-soft-daylight.solana-mainnet.quiknode.pro/057ff3aa7f3e3d9633e475e6de4f8e148ceb4d7e "HTTP/1.1 200 OK"
2025-08-21 19:36:19,054 [INFO] HTTP Request: POST https://yolo-soft-daylight.solana-mainnet.quiknode.pro/057ff3aa7f3e3d9633e475e6de4f8e148ceb4d7e "HTTP/1.1 200 OK"
2025-08-21 19:36:20,258 [INFO] HTTP Request: POST https://yolo-soft-daylight.solana-mainnet.quiknode.pro/057ff3aa7f3e3d9633e475e6de4f8e148ceb4d7e "HTTP/1.1 200 OK"
2025-08-21 19:36:20,388 [INFO] HTTP Request: POST https://yolo-soft-daylight.solana-mainnet.quiknode.pro/057ff3aa7f3e3d9633e475e6de4f8e148ceb4d7e "HTTP/1.1 200 OK"
2025-08-21 19:36:21,663 [INFO] HTTP Request: POST https://yolo-soft-daylight.solana-mainnet.quiknode.pro/057ff3aa7f3e3d9633e475e6de4f8e148ceb4d7e "HTTP/1.1 200 OK"
2025-08-21 19:36:21,709 [INFO] HTTP Request: POST https://yolo-soft-daylight.solana-mainnet.quiknode.pro/057ff3aa7f3e3d9633e475e6de4f8e148ceb4d7e "HTTP/1.1 200 OK"
2025-08-21 19:36:27,727 [INFO] HTTP Request: POST https://yolo-soft-daylight.solana-mainnet.quiknode.pro/057ff3aa7f3e3d9633e475e6de4f8e148ceb4d7e "HTTP/1.1 200 OK"
2025-08-21 19:36:27,758 [INFO] HTTP Request: POST https://yolo-soft-daylight.solana-mainnet.quiknode.pro/057ff3aa7f3e3d9633e475e6de4f8e148ceb4d7e "HTTP/1.1 200 OK"
2025-08-21 19:36:29,130 [INFO] HTTP Request: POST https://yolo-soft-daylight.solana-mainnet.quiknode.pro/057ff3aa7f3e3d9633e475e6de4f8e148ceb4d7e "HTTP/1.1 200 OK"
2025-08-21 19:36:29,146 [INFO] HTTP Request: POST https://yolo-soft-daylight.solana-mainnet.quiknode.pro/057ff3aa7f3e3d9633e475e6de4f8e148ceb4d7e "HTTP/1.1 200 OK"
2025-08-21 19:36:30,443 [INFO] HTTP Request: POST https://yolo-soft-daylight.solana-mainnet.quiknode.pro/057ff3aa7f3e3d9633e475e6de4f8e148ceb4d7e "HTTP/1.1 200 OK"
2025-08-21 19:36:30,443 [INFO] HTTP Request: POST https://yolo-soft-daylight.solana-mainnet.quiknode.pro/057ff3aa7f3e3d9633e475e6de4f8e148ceb4d7e "HTTP/1.1 200 OK"
2025-08-21 19:36:36,504 [INFO] HTTP Request: POST https://yolo-soft-daylight.solana-mainnet.quiknode.pro/057ff3aa7f3e3d9633e475e6de4f8e148ceb4d7e "HTTP/1.1 200 OK"
2025-08-21 19:36:36,504 [INFO] HTTP Request: POST https://yolo-soft-daylight.solana-mainnet.quiknode.pro/057ff3aa7f3e3d9633e475e6de4f8e148ceb4d7e "HTTP/1.1 200 OK"
2025-08-21 19:36:37,816 [INFO] HTTP Request: POST https://yolo-soft-daylight.solana-mainnet.quiknode.pro/057ff3aa7f3e3d9633e475e6de4f8e148ceb4d7e "HTTP/1.1 200 OK"
2025-08-21 19:36:37,816 [INFO] HTTP Request: POST https://yolo-soft-daylight.solana-mainnet.quiknode.pro/057ff3aa7f3e3d9633e475e6de4f8e148ceb4d7e "HTTP/1.1 200 OK"
2025-08-21 19:36:39,129 [INFO] HTTP Request: POST https://yolo-soft-daylight.solana-mainnet.quiknode.pro/057ff3aa7f3e3d9633e475e6de4f8e148ceb4d7e "HTTP/1.1 200 OK"
2025-08-21 19:36:39,176 [INFO] HTTP Request: POST https://yolo-soft-daylight.solana-mainnet.quiknode.pro/057ff3aa7f3e3d9633e475e6de4f8e148ceb4d7e "HTTP/1.1 200 OK"
2025-08-21 19:36:45,205 [INFO] HTTP Request: POST https://yolo-soft-daylight.solana-mainnet.quiknode.pro/057ff3aa7f3e3d9633e475e6de4f8e148ceb4d7e "HTTP/1.1 200 OK"
2025-08-21 19:36:45,252 [INFO] HTTP Request: POST https://yolo-soft-daylight.solana-mainnet.quiknode.pro/057ff3aa7f3e3d9633e475e6de4f8e148ceb4d7e "HTTP/1.1 200 OK"
2025-08-21 19:36:46,487 [INFO] HTTP Request: POST https://yolo-soft-daylight.solana-mainnet.quiknode.pro/057ff3aa7f3e3d9633e475e6de4f8e148ceb4d7e "HTTP/1.1 200 OK"
2025-08-21 19:36:46,549 [INFO] HTTP Request: POST https://yolo-soft-daylight.solana-mainnet.quiknode.pro/057ff3aa7f3e3d9633e475e6de4f8e148ceb4d7e "HTTP/1.1 200 OK"
2025-08-21 19:36:47,752 [INFO] HTTP Request: POST https://yolo-soft-daylight.solana-mainnet.quiknode.pro/057ff3aa7f3e3d9633e475e6de4f8e148ceb4d7e "HTTP/1.1 200 OK"
2025-08-21 19:36:47,831 [INFO] HTTP Request: POST https://yolo-soft-daylight.solana-mainnet.quiknode.pro/057ff3aa7f3e3d9633e475e6de4f8e148ceb4d7e "HTTP/1.1 200 OK"
2025-08-21 19:36:53,799 [INFO] HTTP Request: POST https://yolo-soft-daylight.solana-mainnet.quiknode.pro/057ff3aa7f3e3d9633e475e6de4f8e148ceb4d7e "HTTP/1.1 200 OK"
2025-08-21 19:36:53,877 [INFO] HTTP Request: POST https://yolo-soft-daylight.solana-mainnet.quiknode.pro/057ff3aa7f3e3d9633e475e6de4f8e148ceb4d7e "HTTP/1.1 200 OK"
2025-08-21 19:36:55,111 [INFO] HTTP Request: POST https://yolo-soft-daylight.solana-mainnet.quiknode.pro/057ff3aa7f3e3d9633e475e6de4f8e148ceb4d7e "HTTP/1.1 200 OK"
2025-08-21 19:36:55,189 [INFO] HTTP Request: POST https://yolo-soft-daylight.solana-mainnet.quiknode.pro/057ff3aa7f3e3d9633e475e6de4f8e148ceb4d7e "HTTP/1.1 200 OK"
2025-08-21 19:36:56,408 [INFO] HTTP Request: POST https://yolo-soft-daylight.solana-mainnet.quiknode.pro/057ff3aa7f3e3d9633e475e6de4f8e148ceb4d7e "HTTP/1.1 200 OK"
2025-08-21 19:36:56,486 [INFO] HTTP Request: POST https://yolo-soft-daylight.solana-mainnet.quiknode.pro/057ff3aa7f3e3d9633e475e6de4f8e148ceb4d7e "HTTP/1.1 200 OK"
2025-08-21 19:37:02,499 [INFO] HTTP Request: POST https://yolo-soft-daylight.solana-mainnet.quiknode.pro/057ff3aa7f3e3d9633e475e6de4f8e148ceb4d7e "HTTP/1.1 200 OK"
2025-08-21 19:37:02,562 [INFO] HTTP Request: POST https://yolo-soft-daylight.solana-mainnet.quiknode.pro/057ff3aa7f3e3d9633e475e6de4f8e148ceb4d7e "HTTP/1.1 200 OK"
2025-08-21 19:37:03,796 [INFO] HTTP Request: POST https://yolo-soft-daylight.solana-mainnet.quiknode.pro/057ff3aa7f3e3d9633e475e6de4f8e148ceb4d7e "HTTP/1.1 200 OK"
2025-08-21 19:37:03,859 [INFO] HTTP Request: POST https://yolo-soft-daylight.solana-mainnet.quiknode.pro/057ff3aa7f3e3d9633e475e6de4f8e148ceb4d7e "HTTP/1.1 200 OK"
2025-08-21 19:37:05,108 [INFO] HTTP Request: POST https://yolo-soft-daylight.solana-mainnet.quiknode.pro/057ff3aa7f3e3d9633e475e6de4f8e148ceb4d7e "HTTP/1.1 200 OK"
2025-08-21 19:37:05,171 [INFO] HTTP Request: POST https://yolo-soft-daylight.solana-mainnet.quiknode.pro/057ff3aa7f3e3d9633e475e6de4f8e148ceb4d7e "HTTP/1.1 200 OK"
2025-08-21 19:37:11,231 [INFO] HTTP Request: POST https://yolo-soft-daylight.solana-mainnet.quiknode.pro/057ff3aa7f3e3d9633e475e6de4f8e148ceb4d7e "HTTP/1.1 200 OK"
2025-08-21 19:37:11,231 [INFO] HTTP Request: POST https://yolo-soft-daylight.solana-mainnet.quiknode.pro/057ff3aa7f3e3d9633e475e6de4f8e148ceb4d7e "HTTP/1.1 200 OK"
2025-08-21 19:37:12,527 [INFO] HTTP Request: POST https://yolo-soft-daylight.solana-mainnet.quiknode.pro/057ff3aa7f3e3d9633e475e6de4f8e148ceb4d7e "HTTP/1.1 200 OK"
2025-08-21 19:37:12,542 [INFO] HTTP Request: POST https://yolo-soft-daylight.solana-mainnet.quiknode.pro/057ff3aa7f3e3d9633e475e6de4f8e148ceb4d7e "HTTP/1.1 200 OK"
2025-08-21 19:37:13,809 [INFO] HTTP Request: POST https://yolo-soft-daylight.solana-mainnet.quiknode.pro/057ff3aa7f3e3d9633e475e6de4f8e148ceb4d7e "HTTP/1.1 200 OK"
2025-08-21 19:37:13,856 [INFO] HTTP Request: POST https://yolo-soft-daylight.solana-mainnet.quiknode.pro/057ff3aa7f3e3d9633e475e6de4f8e148ceb4d7e "HTTP/1.1 200 OK"
2025-08-21 19:37:19,885 [INFO] HTTP Request: POST https://yolo-soft-daylight.solana-mainnet.quiknode.pro/057ff3aa7f3e3d9633e475e6de4f8e148ceb4d7e "HTTP/1.1 200 OK"
2025-08-21 19:37:19,948 [INFO] HTTP Request: POST https://yolo-soft-daylight.solana-mainnet.quiknode.pro/057ff3aa7f3e3d9633e475e6de4f8e148ceb4d7e "HTTP/1.1 200 OK"
2025-08-21 19:37:21,214 [INFO] HTTP Request: POST https://yolo-soft-daylight.solana-mainnet.quiknode.pro/057ff3aa7f3e3d9633e475e6de4f8e148ceb4d7e "HTTP/1.1 200 OK"
2025-08-21 19:37:21,261 [INFO] HTTP Request: POST https://yolo-soft-daylight.solana-mainnet.quiknode.pro/057ff3aa7f3e3d9633e475e6de4f8e148ceb4d7e "HTTP/1.1 200 OK"
2025-08-21 19:37:22,510 [INFO] HTTP Request: POST https://yolo-soft-daylight.solana-mainnet.quiknode.pro/057ff3aa7f3e3d9633e475e6de4f8e148ceb4d7e "HTTP/1.1 200 OK"
2025-08-21 19:37:22,572 [INFO] HTTP Request: POST https://yolo-soft-daylight.solana-mainnet.quiknode.pro/057ff3aa7f3e3d9633e475e6de4f8e148ceb4d7e "HTTP/1.1 200 OK"
2025-08-21 19:37:28,570 [INFO] HTTP Request: POST https://yolo-soft-daylight.solana-mainnet.quiknode.pro/057ff3aa7f3e3d9633e475e6de4f8e148ceb4d7e "HTTP/1.1 200 OK"
2025-08-21 19:37:28,633 [INFO] HTTP Request: POST https://yolo-soft-daylight.solana-mainnet.quiknode.pro/057ff3aa7f3e3d9633e475e6de4f8e148ceb4d7e "HTTP/1.1 200 OK"
2025-08-21 19:37:29,883 [INFO] HTTP Request: POST https://yolo-soft-daylight.solana-mainnet.quiknode.pro/057ff3aa7f3e3d9633e475e6de4f8e148ceb4d7e "HTTP/1.1 200 OK"
2025-08-21 19:37:29,946 [INFO] HTTP Request: POST https://yolo-soft-daylight.solana-mainnet.quiknode.pro/057ff3aa7f3e3d9633e475e6de4f8e148ceb4d7e "HTTP/1.1 200 OK"
2025-08-21 19:37:31,164 [INFO] HTTP Request: POST https://yolo-soft-daylight.solana-mainnet.quiknode.pro/057ff3aa7f3e3d9633e475e6de4f8e148ceb4d7e "HTTP/1.1 200 OK"
2025-08-21 19:37:31,245 [INFO] HTTP Request: POST https://yolo-soft-daylight.solana-mainnet.quiknode.pro/057ff3aa7f3e3d9633e475e6de4f8e148ceb4d7e "HTTP/1.1 200 OK"
2025-08-21 19:37:37,225 [INFO] HTTP Request: POST https://yolo-soft-daylight.solana-mainnet.quiknode.pro/057ff3aa7f3e3d9633e475e6de4f8e148ceb4d7e "HTTP/1.1 200 OK"
2025-08-21 19:37:37,306 [INFO] HTTP Request: POST https://yolo-soft-daylight.solana-mainnet.quiknode.pro/057ff3aa7f3e3d9633e475e6de4f8e148ceb4d7e "HTTP/1.1 200 OK"
2025-08-21 19:37:38,522 [INFO] HTTP Request: POST https://yolo-soft-daylight.solana-mainnet.quiknode.pro/057ff3aa7f3e3d9633e475e6de4f8e148ceb4d7e "HTTP/1.1 200 OK"
2025-08-21 19:37:38,584 [INFO] HTTP Request: POST https://yolo-soft-daylight.solana-mainnet.quiknode.pro/057ff3aa7f3e3d9633e475e6de4f8e148ceb4d7e "HTTP/1.1 200 OK"
2025-08-21 19:37:39,819 [INFO] HTTP Request: POST https://yolo-soft-daylight.solana-mainnet.quiknode.pro/057ff3aa7f3e3d9633e475e6de4f8e148ceb4d7e "HTTP/1.1 200 OK"
2025-08-21 19:37:39,881 [INFO] HTTP Request: POST https://yolo-soft-daylight.solana-mainnet.quiknode.pro/057ff3aa7f3e3d9633e475e6de4f8e148ceb4d7e "HTTP/1.1 200 OK"
2025-08-21 19:37:45,942 [INFO] HTTP Request: POST https://yolo-soft-daylight.solana-mainnet.quiknode.pro/057ff3aa7f3e3d9633e475e6de4f8e148ceb4d7e "HTTP/1.1 200 OK"
2025-08-21 19:37:46,035 [INFO] HTTP Request: POST https://yolo-soft-daylight.solana-mainnet.quiknode.pro/057ff3aa7f3e3d9633e475e6de4f8e148ceb4d7e "HTTP/1.1 200 OK"
2025-08-21 19:37:47,323 [INFO] HTTP Request: POST https://yolo-soft-daylight.solana-mainnet.quiknode.pro/057ff3aa7f3e3d9633e475e6de4f8e148ceb4d7e "HTTP/1.1 200 OK"
2025-08-21 19:37:47,373 [INFO] HTTP Request: POST https://yolo-soft-daylight.solana-mainnet.quiknode.pro/057ff3aa7f3e3d9633e475e6de4f8e148ceb4d7e "HTTP/1.1 200 OK"
2025-08-21 19:37:48,645 [INFO] HTTP Request: POST https://yolo-soft-daylight.solana-mainnet.quiknode.pro/057ff3aa7f3e3d9633e475e6de4f8e148ceb4d7e "HTTP/1.1 200 OK"
2025-08-21 19:37:48,687 [INFO] HTTP Request: POST https://yolo-soft-daylight.solana-mainnet.quiknode.pro/057ff3aa7f3e3d9633e475e6de4f8e148ceb4d7e "HTTP/1.1 200 OK"
2025-08-21 19:37:54,721 [INFO] HTTP Request: POST https://yolo-soft-daylight.solana-mainnet.quiknode.pro/057ff3aa7f3e3d9633e475e6de4f8e148ceb4d7e "HTTP/1.1 200 OK"
2025-08-21 19:37:54,737 [INFO] HTTP Request: POST https://yolo-soft-daylight.solana-mainnet.quiknode.pro/057ff3aa7f3e3d9633e475e6de4f8e148ceb4d7e "HTTP/1.1 200 OK"
2025-08-21 19:37:56,034 [INFO] HTTP Request: POST https://yolo-soft-daylight.solana-mainnet.quiknode.pro/057ff3aa7f3e3d9633e475e6de4f8e148ceb4d7e "HTTP/1.1 200 OK"
2025-08-21 19:37:56,050 [INFO] HTTP Request: POST https://yolo-soft-daylight.solana-mainnet.quiknode.pro/057ff3aa7f3e3d9633e475e6de4f8e148ceb4d7e "HTTP/1.1 200 OK"
2025-08-21 19:37:57,362 [INFO] HTTP Request: POST https://yolo-soft-daylight.solana-mainnet.quiknode.pro/057ff3aa7f3e3d9633e475e6de4f8e148ceb4d7e "HTTP/1.1 200 OK"
2025-08-21 19:37:57,394 [INFO] HTTP Request: POST https://yolo-soft-daylight.solana-mainnet.quiknode.pro/057ff3aa7f3e3d9633e475e6de4f8e148ceb4d7e "HTTP/1.1 200 OK"
2025-08-21 19:38:03,425 [INFO] HTTP Request: POST https://yolo-soft-daylight.solana-mainnet.quiknode.pro/057ff3aa7f3e3d9633e475e6de4f8e148ceb4d7e "HTTP/1.1 200 OK"
2025-08-21 19:38:03,456 [INFO] HTTP Request: POST https://yolo-soft-daylight.solana-mainnet.quiknode.pro/057ff3aa7f3e3d9633e475e6de4f8e148ceb4d7e "HTTP/1.1 200 OK"
2025-08-21 19:38:04,722 [INFO] HTTP Request: POST https://yolo-soft-daylight.solana-mainnet.quiknode.pro/057ff3aa7f3e3d9633e475e6de4f8e148ceb4d7e "HTTP/1.1 200 OK"
2025-08-21 19:38:04,753 [INFO] HTTP Request: POST https://yolo-soft-daylight.solana-mainnet.quiknode.pro/057ff3aa7f3e3d9633e475e6de4f8e148ceb4d7e "HTTP/1.1 200 OK"
2025-08-21 19:38:06,018 [INFO] HTTP Request: POST https://yolo-soft-daylight.solana-mainnet.quiknode.pro/057ff3aa7f3e3d9633e475e6de4f8e148ceb4d7e "HTTP/1.1 200 OK"
2025-08-21 19:38:06,330 [INFO] HTTP Request: POST https://yolo-soft-daylight.solana-mainnet.quiknode.pro/057ff3aa7f3e3d9633e475e6de4f8e148ceb4d7e "HTTP/1.1 200 OK"
2025-08-21 19:38:12,174 [INFO] HTTP Request: POST https://yolo-soft-daylight.solana-mainnet.quiknode.pro/057ff3aa7f3e3d9633e475e6de4f8e148ceb4d7e "HTTP/1.1 200 OK"
2025-08-21 19:38:12,377 [INFO] HTTP Request: POST https://yolo-soft-daylight.solana-mainnet.quiknode.pro/057ff3aa7f3e3d9633e475e6de4f8e148ceb4d7e "HTTP/1.1 200 OK"
2025-08-21 19:38:13,455 [INFO] HTTP Request: POST https://yolo-soft-daylight.solana-mainnet.quiknode.pro/057ff3aa7f3e3d9633e475e6de4f8e148ceb4d7e "HTTP/1.1 200 OK"
2025-08-21 19:38:13,658 [INFO] HTTP Request: POST https://yolo-soft-daylight.solana-mainnet.quiknode.pro/057ff3aa7f3e3d9633e475e6de4f8e148ceb4d7e "HTTP/1.1 200 OK"
2025-08-21 19:38:14,753 [INFO] HTTP Request: POST https://yolo-soft-daylight.solana-mainnet.quiknode.pro/057ff3aa7f3e3d9633e475e6de4f8e148ceb4d7e "HTTP/1.1 200 OK"
2025-08-21 19:38:14,970 [INFO] HTTP Request: POST https://yolo-soft-daylight.solana-mainnet.quiknode.pro/057ff3aa7f3e3d9633e475e6de4f8e148ceb4d7e "HTTP/1.1 200 OK"
2025-08-21 19:38:20,840 [INFO] HTTP Request: POST https://yolo-soft-daylight.solana-mainnet.quiknode.pro/057ff3aa7f3e3d9633e475e6de4f8e148ceb4d7e "HTTP/1.1 200 OK"
2025-08-21 19:38:21,283 [INFO] HTTP Request: POST https://yolo-soft-daylight.solana-mainnet.quiknode.pro/057ff3aa7f3e3d9633e475e6de4f8e148ceb4d7e "HTTP/1.1 200 OK"
2025-08-21 19:38:22,125 [INFO] HTTP Request: POST https://yolo-soft-daylight.solana-mainnet.quiknode.pro/057ff3aa7f3e3d9633e475e6de4f8e148ceb4d7e "HTTP/1.1 200 OK"
2025-08-21 19:38:22,579 [INFO] HTTP Request: POST https://yolo-soft-daylight.solana-mainnet.quiknode.pro/057ff3aa7f3e3d9633e475e6de4f8e148ceb4d7e "HTTP/1.1 200 OK"
2025-08-21 19:38:23,407 [INFO] HTTP Request: POST https://yolo-soft-daylight.solana-mainnet.quiknode.pro/057ff3aa7f3e3d9633e475e6de4f8e148ceb4d7e "HTTP/1.1 200 OK"
2025-08-21 19:38:23,851 [INFO] HTTP Request: POST https://yolo-soft-daylight.solana-mainnet.quiknode.pro/057ff3aa7f3e3d9633e475e6de4f8e148ceb4d7e "HTTP/1.1 200 OK"
2025-08-21 19:38:29,454 [INFO] HTTP Request: POST https://yolo-soft-daylight.solana-mainnet.quiknode.pro/057ff3aa7f3e3d9633e475e6de4f8e148ceb4d7e "HTTP/1.1 200 OK"
2025-08-21 19:38:29,892 [INFO] HTTP Request: POST https://yolo-soft-daylight.solana-mainnet.quiknode.pro/057ff3aa7f3e3d9633e475e6de4f8e148ceb4d7e "HTTP/1.1 200 OK"
2025-08-21 19:38:30,720 [INFO] HTTP Request: POST https://yolo-soft-daylight.solana-mainnet.quiknode.pro/057ff3aa7f3e3d9633e475e6de4f8e148ceb4d7e "HTTP/1.1 200 OK"
2025-08-21 19:38:31,141 [INFO] HTTP Request: POST https://yolo-soft-daylight.solana-mainnet.quiknode.pro/057ff3aa7f3e3d9633e475e6de4f8e148ceb4d7e "HTTP/1.1 200 OK"
2025-08-21 19:38:31,984 [INFO] HTTP Request: POST https://yolo-soft-daylight.solana-mainnet.quiknode.pro/057ff3aa7f3e3d9633e475e6de4f8e148ceb4d7e "HTTP/1.1 200 OK"
2025-08-21 19:38:32,406 [INFO] HTTP Request: POST https://yolo-soft-daylight.solana-mainnet.quiknode.pro/057ff3aa7f3e3d9633e475e6de4f8e148ceb4d7e "HTTP/1.1 200 OK"
2025-08-21 19:38:38,035 [INFO] HTTP Request: POST https://yolo-soft-daylight.solana-mainnet.quiknode.pro/057ff3aa7f3e3d9633e475e6de4f8e148ceb4d7e "HTTP/1.1 200 OK"
2025-08-21 19:38:38,453 [INFO] HTTP Request: POST https://yolo-soft-daylight.solana-mainnet.quiknode.pro/057ff3aa7f3e3d9633e475e6de4f8e148ceb4d7e "HTTP/1.1 200 OK"
2025-08-21 19:38:39,297 [INFO] HTTP Request: POST https://yolo-soft-daylight.solana-mainnet.quiknode.pro/057ff3aa7f3e3d9633e475e6de4f8e148ceb4d7e "HTTP/1.1 200 OK"
2025-08-21 19:38:39,734 [INFO] HTTP Request: POST https://yolo-soft-daylight.solana-mainnet.quiknode.pro/057ff3aa7f3e3d9633e475e6de4f8e148ceb4d7e "HTTP/1.1 200 OK"
2025-08-21 19:38:40,563 [INFO] HTTP Request: POST https://yolo-soft-daylight.solana-mainnet.quiknode.pro/057ff3aa7f3e3d9633e475e6de4f8e148ceb4d7e "HTTP/1.1 200 OK"
2025-08-21 19:38:41,094 [INFO] HTTP Request: POST https://yolo-soft-daylight.solana-mainnet.quiknode.pro/057ff3aa7f3e3d9633e475e6de4f8e148ceb4d7e "HTTP/1.1 200 OK"
2025-08-21 19:38:46,577 [INFO] HTTP Request: POST https://yolo-soft-daylight.solana-mainnet.quiknode.pro/057ff3aa7f3e3d9633e475e6de4f8e148ceb4d7e "HTTP/1.1 200 OK"
2025-08-21 19:38:47,142 [INFO] HTTP Request: POST https://yolo-soft-daylight.solana-mainnet.quiknode.pro/057ff3aa7f3e3d9633e475e6de4f8e148ceb4d7e "HTTP/1.1 200 OK"
2025-08-21 19:38:48,030 [INFO] HTTP Request: POST https://yolo-soft-daylight.solana-mainnet.quiknode.pro/057ff3aa7f3e3d9633e475e6de4f8e148ceb4d7e "HTTP/1.1 200 OK"
2025-08-21 19:38:48,386 [INFO] HTTP Request: POST https://yolo-soft-daylight.solana-mainnet.quiknode.pro/057ff3aa7f3e3d9633e475e6de4f8e148ceb4d7e "HTTP/1.1 200 OK"
2025-08-21 19:38:49,328 [INFO] HTTP Request: POST https://yolo-soft-daylight.solana-mainnet.quiknode.pro/057ff3aa7f3e3d9633e475e6de4f8e148ceb4d7e "HTTP/1.1 200 OK"
2025-08-21 19:38:49,671 [INFO] HTTP Request: POST https://yolo-soft-daylight.solana-mainnet.quiknode.pro/057ff3aa7f3e3d9633e475e6de4f8e148ceb4d7e "HTTP/1.1 200 OK"
2025-08-21 19:38:55,404 [INFO] HTTP Request: POST https://yolo-soft-daylight.solana-mainnet.quiknode.pro/057ff3aa7f3e3d9633e475e6de4f8e148ceb4d7e "HTTP/1.1 200 OK"
2025-08-21 19:38:55,779 [INFO] HTTP Request: POST https://yolo-soft-daylight.solana-mainnet.quiknode.pro/057ff3aa7f3e3d9633e475e6de4f8e148ceb4d7e "HTTP/1.1 200 OK"
2025-08-21 19:38:56,701 [INFO] HTTP Request: POST https://yolo-soft-daylight.solana-mainnet.quiknode.pro/057ff3aa7f3e3d9633e475e6de4f8e148ceb4d7e "HTTP/1.1 200 OK"
2025-08-21 19:38:57,045 [INFO] HTTP Request: POST https://yolo-soft-daylight.solana-mainnet.quiknode.pro/057ff3aa7f3e3d9633e475e6de4f8e148ceb4d7e "HTTP/1.1 200 OK"
2025-08-21 19:38:57,987 [INFO] HTTP Request: POST https://yolo-soft-daylight.solana-mainnet.quiknode.pro/057ff3aa7f3e3d9633e475e6de4f8e148ceb4d7e "HTTP/1.1 200 OK"
2025-08-21 19:38:58,357 [INFO] HTTP Request: POST https://yolo-soft-daylight.solana-mainnet.quiknode.pro/057ff3aa7f3e3d9633e475e6de4f8e148ceb4d7e "HTTP/1.1 200 OK"
2025-08-21 19:39:04,012 [INFO] HTTP Request: POST https://yolo-soft-daylight.solana-mainnet.quiknode.pro/057ff3aa7f3e3d9633e475e6de4f8e148ceb4d7e "HTTP/1.1 200 OK"
2025-08-21 19:39:04,402 [INFO] HTTP Request: POST https://yolo-soft-daylight.solana-mainnet.quiknode.pro/057ff3aa7f3e3d9633e475e6de4f8e148ceb4d7e "HTTP/1.1 200 OK"
2025-08-21 19:39:05,291 [INFO] HTTP Request: POST https://yolo-soft-daylight.solana-mainnet.quiknode.pro/057ff3aa7f3e3d9633e475e6de4f8e148ceb4d7e "HTTP/1.1 200 OK"
2025-08-21 19:39:05,698 [INFO] HTTP Request: POST https://yolo-soft-daylight.solana-mainnet.quiknode.pro/057ff3aa7f3e3d9633e475e6de4f8e148ceb4d7e "HTTP/1.1 200 OK"
2025-08-21 19:39:06,589 [INFO] HTTP Request: POST https://yolo-soft-daylight.solana-mainnet.quiknode.pro/057ff3aa7f3e3d9633e475e6de4f8e148ceb4d7e "HTTP/1.1 200 OK"
2025-08-21 19:39:07,011 [INFO] HTTP Request: POST https://yolo-soft-daylight.solana-mainnet.quiknode.pro/057ff3aa7f3e3d9633e475e6de4f8e148ceb4d7e "HTTP/1.1 200 OK"
2025-08-21 19:39:12,714 [INFO] HTTP Request: POST https://yolo-soft-daylight.solana-mainnet.quiknode.pro/057ff3aa7f3e3d9633e475e6de4f8e148ceb4d7e "HTTP/1.1 200 OK"
2025-08-21 19:39:13,120 [INFO] HTTP Request: POST https://yolo-soft-daylight.solana-mainnet.quiknode.pro/057ff3aa7f3e3d9633e475e6de4f8e148ceb4d7e "HTTP/1.1 200 OK"
2025-08-21 19:39:13,995 [INFO] HTTP Request: POST https://yolo-soft-daylight.solana-mainnet.quiknode.pro/057ff3aa7f3e3d9633e475e6de4f8e148ceb4d7e "HTTP/1.1 200 OK"
2025-08-21 19:39:14,402 [INFO] HTTP Request: POST https://yolo-soft-daylight.solana-mainnet.quiknode.pro/057ff3aa7f3e3d9633e475e6de4f8e148ceb4d7e "HTTP/1.1 200 OK"
2025-08-21 19:39:15,277 [INFO] HTTP Request: POST https://yolo-soft-daylight.solana-mainnet.quiknode.pro/057ff3aa7f3e3d9633e475e6de4f8e148ceb4d7e "HTTP/1.1 200 OK"
2025-08-21 19:39:15,667 [INFO] HTTP Request: POST https://yolo-soft-daylight.solana-mainnet.quiknode.pro/057ff3aa7f3e3d9633e475e6de4f8e148ceb4d7e "HTTP/1.1 200 OK"
2025-08-21 19:39:21,331 [INFO] HTTP Request: POST https://yolo-soft-daylight.solana-mainnet.quiknode.pro/057ff3aa7f3e3d9633e475e6de4f8e148ceb4d7e "HTTP/1.1 200 OK"
2025-08-21 19:39:21,757 [INFO] HTTP Request: POST https://yolo-soft-daylight.solana-mainnet.quiknode.pro/057ff3aa7f3e3d9633e475e6de4f8e148ceb4d7e "HTTP/1.1 200 OK"
2025-08-21 19:39:22,616 [INFO] HTTP Request: POST https://yolo-soft-daylight.solana-mainnet.quiknode.pro/057ff3aa7f3e3d9633e475e6de4f8e148ceb4d7e "HTTP/1.1 200 OK"
2025-08-21 19:39:23,010 [INFO] HTTP Request: POST https://yolo-soft-daylight.solana-mainnet.quiknode.pro/057ff3aa7f3e3d9633e475e6de4f8e148ceb4d7e "HTTP/1.1 200 OK"
2025-08-21 19:39:23,918 [INFO] HTTP Request: POST https://yolo-soft-daylight.solana-mainnet.quiknode.pro/057ff3aa7f3e3d9633e475e6de4f8e148ceb4d7e "HTTP/1.1 200 OK"
2025-08-21 19:39:24,264 [INFO] HTTP Request: POST https://yolo-soft-daylight.solana-mainnet.quiknode.pro/057ff3aa7f3e3d9633e475e6de4f8e148ceb4d7e "HTTP/1.1 200 OK"
2025-08-21 19:39:29,994 [INFO] HTTP Request: POST https://yolo-soft-daylight.solana-mainnet.quiknode.pro/057ff3aa7f3e3d9633e475e6de4f8e148ceb4d7e "HTTP/1.1 200 OK"
2025-08-21 19:39:30,322 [INFO] HTTP Request: POST https://yolo-soft-daylight.solana-mainnet.quiknode.pro/057ff3aa7f3e3d9633e475e6de4f8e148ceb4d7e "HTTP/1.1 200 OK"
2025-08-21 19:39:31,280 [INFO] HTTP Request: POST https://yolo-soft-daylight.solana-mainnet.quiknode.pro/057ff3aa7f3e3d9633e475e6de4f8e148ceb4d7e "HTTP/1.1 200 OK"
2025-08-21 19:39:31,599 [INFO] HTTP Request: POST https://yolo-soft-daylight.solana-mainnet.quiknode.pro/057ff3aa7f3e3d9633e475e6de4f8e148ceb4d7e "HTTP/1.1 200 OK"
2025-08-21 19:39:32,566 [INFO] HTTP Request: POST https://yolo-soft-daylight.solana-mainnet.quiknode.pro/057ff3aa7f3e3d9633e475e6de4f8e148ceb4d7e "HTTP/1.1 200 OK"
2025-08-21 19:39:32,834 [INFO] HTTP Request: POST https://yolo-soft-daylight.solana-mainnet.quiknode.pro/057ff3aa7f3e3d9633e475e6de4f8e148ceb4d7e "HTTP/1.1 200 OK"
2025-08-21 19:39:38,633 [INFO] HTTP Request: POST https://yolo-soft-daylight.solana-mainnet.quiknode.pro/057ff3aa7f3e3d9633e475e6de4f8e148ceb4d7e "HTTP/1.1 200 OK"
2025-08-21 19:39:38,910 [INFO] HTTP Request: POST https://yolo-soft-daylight.solana-mainnet.quiknode.pro/057ff3aa7f3e3d9633e475e6de4f8e148ceb4d7e "HTTP/1.1 200 OK"
2025-08-21 19:39:39,894 [INFO] HTTP Request: POST https://yolo-soft-daylight.solana-mainnet.quiknode.pro/057ff3aa7f3e3d9633e475e6de4f8e148ceb4d7e "HTTP/1.1 200 OK"
2025-08-21 19:39:40,160 [INFO] HTTP Request: POST https://yolo-soft-daylight.solana-mainnet.quiknode.pro/057ff3aa7f3e3d9633e475e6de4f8e148ceb4d7e "HTTP/1.1 200 OK"
2025-08-21 19:39:41,191 [INFO] HTTP Request: POST https://yolo-soft-daylight.solana-mainnet.quiknode.pro/057ff3aa7f3e3d9633e475e6de4f8e148ceb4d7e "HTTP/1.1 200 OK"
2025-08-21 19:39:41,456 [INFO] HTTP Request: POST https://yolo-soft-daylight.solana-mainnet.quiknode.pro/057ff3aa7f3e3d9633e475e6de4f8e148ceb4d7e "HTTP/1.1 200 OK"
2025-08-21 19:39:47,236 [INFO] HTTP Request: POST https://yolo-soft-daylight.solana-mainnet.quiknode.pro/057ff3aa7f3e3d9633e475e6de4f8e148ceb4d7e "HTTP/1.1 200 OK"
2025-08-21 19:39:47,516 [INFO] HTTP Request: POST https://yolo-soft-daylight.solana-mainnet.quiknode.pro/057ff3aa7f3e3d9633e475e6de4f8e148ceb4d7e "HTTP/1.1 200 OK"
2025-08-21 19:39:48,533 [INFO] HTTP Request: POST https://yolo-soft-daylight.solana-mainnet.quiknode.pro/057ff3aa7f3e3d9633e475e6de4f8e148ceb4d7e "HTTP/1.1 200 OK"
2025-08-21 19:39:48,798 [INFO] HTTP Request: POST https://yolo-soft-daylight.solana-mainnet.quiknode.pro/057ff3aa7f3e3d9633e475e6de4f8e148ceb4d7e "HTTP/1.1 200 OK"
2025-08-21 19:39:49,829 [INFO] HTTP Request: POST https://yolo-soft-daylight.solana-mainnet.quiknode.pro/057ff3aa7f3e3d9633e475e6de4f8e148ceb4d7e "HTTP/1.1 200 OK"
2025-08-21 19:39:50,095 [INFO] HTTP Request: POST https://yolo-soft-daylight.solana-mainnet.quiknode.pro/057ff3aa7f3e3d9633e475e6de4f8e148ceb4d7e "HTTP/1.1 200 OK"
2025-08-21 19:39:55,861 [INFO] HTTP Request: POST https://yolo-soft-daylight.solana-mainnet.quiknode.pro/057ff3aa7f3e3d9633e475e6de4f8e148ceb4d7e "HTTP/1.1 200 OK"
2025-08-21 19:39:56,159 [INFO] HTTP Request: POST https://yolo-soft-daylight.solana-mainnet.quiknode.pro/057ff3aa7f3e3d9633e475e6de4f8e148ceb4d7e "HTTP/1.1 200 OK"
2025-08-21 19:39:57,158 [INFO] HTTP Request: POST https://yolo-soft-daylight.solana-mainnet.quiknode.pro/057ff3aa7f3e3d9633e475e6de4f8e148ceb4d7e "HTTP/1.1 200 OK"
2025-08-21 19:39:57,455 [INFO] HTTP Request: POST https://yolo-soft-daylight.solana-mainnet.quiknode.pro/057ff3aa7f3e3d9633e475e6de4f8e148ceb4d7e "HTTP/1.1 200 OK"
2025-08-21 19:39:58,459 [INFO] HTTP Request: POST https://yolo-soft-daylight.solana-mainnet.quiknode.pro/057ff3aa7f3e3d9633e475e6de4f8e148ceb4d7e "HTTP/1.1 200 OK"
2025-08-21 19:39:58,755 [INFO] HTTP Request: POST https://yolo-soft-daylight.solana-mainnet.quiknode.pro/057ff3aa7f3e3d9633e475e6de4f8e148ceb4d7e "HTTP/1.1 200 OK"
2025-08-21 19:40:05,015 [INFO] HTTP Request: POST https://yolo-soft-daylight.solana-mainnet.quiknode.pro/057ff3aa7f3e3d9633e475e6de4f8e148ceb4d7e "HTTP/1.1 200 OK"
2025-08-21 19:40:05,171 [INFO] HTTP Request: POST https://yolo-soft-daylight.solana-mainnet.quiknode.pro/057ff3aa7f3e3d9633e475e6de4f8e148ceb4d7e "HTTP/1.1 200 OK"
2025-08-21 19:40:06,322 [INFO] HTTP Request: POST https://yolo-soft-daylight.solana-mainnet.quiknode.pro/057ff3aa7f3e3d9633e475e6de4f8e148ceb4d7e "HTTP/1.1 200 OK"
2025-08-21 19:40:06,478 [INFO] HTTP Request: POST https://yolo-soft-daylight.solana-mainnet.quiknode.pro/057ff3aa7f3e3d9633e475e6de4f8e148ceb4d7e "HTTP/1.1 200 OK"
2025-08-21 19:40:07,608 [INFO] HTTP Request: POST https://yolo-soft-daylight.solana-mainnet.quiknode.pro/057ff3aa7f3e3d9633e475e6de4f8e148ceb4d7e "HTTP/1.1 200 OK"
2025-08-21 19:40:07,758 [INFO] HTTP Request: POST https://yolo-soft-daylight.solana-mainnet.quiknode.pro/057ff3aa7f3e3d9633e475e6de4f8e148ceb4d7e "HTTP/1.1 200 OK"
2025-08-21 19:40:13,731 [INFO] HTTP Request: POST https://yolo-soft-daylight.solana-mainnet.quiknode.pro/057ff3aa7f3e3d9633e475e6de4f8e148ceb4d7e "HTTP/1.1 200 OK"
2025-08-21 19:40:13,825 [INFO] HTTP Request: POST https://yolo-soft-daylight.solana-mainnet.quiknode.pro/057ff3aa7f3e3d9633e475e6de4f8e148ceb4d7e "HTTP/1.1 200 OK"
2025-08-21 19:40:15,059 [INFO] HTTP Request: POST https://yolo-soft-daylight.solana-mainnet.quiknode.pro/057ff3aa7f3e3d9633e475e6de4f8e148ceb4d7e "HTTP/1.1 200 OK"
2025-08-21 19:40:15,137 [INFO] HTTP Request: POST https://yolo-soft-daylight.solana-mainnet.quiknode.pro/057ff3aa7f3e3d9633e475e6de4f8e148ceb4d7e "HTTP/1.1 200 OK"
2025-08-21 19:40:16,325 [INFO] HTTP Request: POST https://yolo-soft-daylight.solana-mainnet.quiknode.pro/057ff3aa7f3e3d9633e475e6de4f8e148ceb4d7e "HTTP/1.1 200 OK"
2025-08-21 19:40:16,403 [INFO] HTTP Request: POST https://yolo-soft-daylight.solana-mainnet.quiknode.pro/057ff3aa7f3e3d9633e475e6de4f8e148ceb4d7e "HTTP/1.1 200 OK"
2025-08-21 19:40:22,431 [INFO] HTTP Request: POST https://yolo-soft-daylight.solana-mainnet.quiknode.pro/057ff3aa7f3e3d9633e475e6de4f8e148ceb4d7e "HTTP/1.1 200 OK"
2025-08-21 19:40:22,478 [INFO] HTTP Request: POST https://yolo-soft-daylight.solana-mainnet.quiknode.pro/057ff3aa7f3e3d9633e475e6de4f8e148ceb4d7e "HTTP/1.1 200 OK"
2025-08-21 19:40:23,744 [INFO] HTTP Request: POST https://yolo-soft-daylight.solana-mainnet.quiknode.pro/057ff3aa7f3e3d9633e475e6de4f8e148ceb4d7e "HTTP/1.1 200 OK"
2025-08-21 19:40:23,744 [INFO] HTTP Request: POST https://yolo-soft-daylight.solana-mainnet.quiknode.pro/057ff3aa7f3e3d9633e475e6de4f8e148ceb4d7e "HTTP/1.1 200 OK"
2025-08-21 19:40:25,041 [INFO] HTTP Request: POST https://yolo-soft-daylight.solana-mainnet.quiknode.pro/057ff3aa7f3e3d9633e475e6de4f8e148ceb4d7e "HTTP/1.1 200 OK"
2025-08-21 19:40:25,041 [INFO] HTTP Request: POST https://yolo-soft-daylight.solana-mainnet.quiknode.pro/057ff3aa7f3e3d9633e475e6de4f8e148ceb4d7e "HTTP/1.1 200 OK"
2025-08-21 19:40:31,088 [INFO] HTTP Request: POST https://yolo-soft-daylight.solana-mainnet.quiknode.pro/057ff3aa7f3e3d9633e475e6de4f8e148ceb4d7e "HTTP/1.1 200 OK"
2025-08-21 19:40:32,399 [INFO] HTTP Request: POST https://yolo-soft-daylight.solana-mainnet.quiknode.pro/057ff3aa7f3e3d9633e475e6de4f8e148ceb4d7e "HTTP/1.1 200 OK"
2025-08-21 19:40:32,399 [INFO] HTTP Request: POST https://yolo-soft-daylight.solana-mainnet.quiknode.pro/057ff3aa7f3e3d9633e475e6de4f8e148ceb4d7e "HTTP/1.1 200 OK"
2025-08-21 19:40:33,696 [INFO] HTTP Request: POST https://yolo-soft-daylight.solana-mainnet.quiknode.pro/057ff3aa7f3e3d9633e475e6de4f8e148ceb4d7e "HTTP/1.1 200 OK"
2025-08-21 19:40:33,712 [INFO] HTTP Request: POST https://yolo-soft-daylight.solana-mainnet.quiknode.pro/057ff3aa7f3e3d9633e475e6de4f8e148ceb4d7e "HTTP/1.1 200 OK"
2025-08-21 19:40:39,758 [INFO] HTTP Request: POST https://yolo-soft-daylight.solana-mainnet.quiknode.pro/057ff3aa7f3e3d9633e475e6de4f8e148ceb4d7e "HTTP/1.1 200 OK"
2025-08-21 19:40:39,758 [INFO] HTTP Request: POST https://yolo-soft-daylight.solana-mainnet.quiknode.pro/057ff3aa7f3e3d9633e475e6de4f8e148ceb4d7e "HTTP/1.1 200 OK"
2025-08-21 19:40:41,052 [INFO] HTTP Request: POST https://yolo-soft-daylight.solana-mainnet.quiknode.pro/057ff3aa7f3e3d9633e475e6de4f8e148ceb4d7e "HTTP/1.1 200 OK"
2025-08-21 19:40:41,052 [INFO] HTTP Request: POST https://yolo-soft-daylight.solana-mainnet.quiknode.pro/057ff3aa7f3e3d9633e475e6de4f8e148ceb4d7e "HTTP/1.1 200 OK"
2025-08-21 19:40:42,335 [INFO] HTTP Request: POST https://yolo-soft-daylight.solana-mainnet.quiknode.pro/057ff3aa7f3e3d9633e475e6de4f8e148ceb4d7e "HTTP/1.1 200 OK"
2025-08-21 19:40:42,351 [INFO] HTTP Request: POST https://yolo-soft-daylight.solana-mainnet.quiknode.pro/057ff3aa7f3e3d9633e475e6de4f8e148ceb4d7e "HTTP/1.1 200 OK"
2025-08-21 19:40:48,413 [INFO] HTTP Request: POST https://yolo-soft-daylight.solana-mainnet.quiknode.pro/057ff3aa7f3e3d9633e475e6de4f8e148ceb4d7e "HTTP/1.1 200 OK"
2025-08-21 19:40:49,679 [INFO] HTTP Request: POST https://yolo-soft-daylight.solana-mainnet.quiknode.pro/057ff3aa7f3e3d9633e475e6de4f8e148ceb4d7e "HTTP/1.1 200 OK"
2025-08-21 19:40:49,882 [INFO] HTTP Request: POST https://yolo-soft-daylight.solana-mainnet.quiknode.pro/057ff3aa7f3e3d9633e475e6de4f8e148ceb4d7e "HTTP/1.1 200 OK"
2025-08-21 19:40:51,007 [INFO] HTTP Request: POST https://yolo-soft-daylight.solana-mainnet.quiknode.pro/057ff3aa7f3e3d9633e475e6de4f8e148ceb4d7e "HTTP/1.1 200 OK"
2025-08-21 19:40:51,210 [INFO] HTTP Request: POST https://yolo-soft-daylight.solana-mainnet.quiknode.pro/057ff3aa7f3e3d9633e475e6de4f8e148ceb4d7e "HTTP/1.1 200 OK"
2025-08-21 19:40:57,038 [INFO] HTTP Request: POST https://yolo-soft-daylight.solana-mainnet.quiknode.pro/057ff3aa7f3e3d9633e475e6de4f8e148ceb4d7e "HTTP/1.1 200 OK"
2025-08-21 19:40:57,257 [INFO] HTTP Request: POST https://yolo-soft-daylight.solana-mainnet.quiknode.pro/057ff3aa7f3e3d9633e475e6de4f8e148ceb4d7e "HTTP/1.1 200 OK"
2025-08-21 19:40:58,325 [INFO] HTTP Request: POST https://yolo-soft-daylight.solana-mainnet.quiknode.pro/057ff3aa7f3e3d9633e475e6de4f8e148ceb4d7e "HTTP/1.1 200 OK"
2025-08-21 19:40:58,537 [INFO] HTTP Request: POST https://yolo-soft-daylight.solana-mainnet.quiknode.pro/057ff3aa7f3e3d9633e475e6de4f8e148ceb4d7e "HTTP/1.1 200 OK"
2025-08-21 19:40:59,615 [INFO] HTTP Request: POST https://yolo-soft-daylight.solana-mainnet.quiknode.pro/057ff3aa7f3e3d9633e475e6de4f8e148ceb4d7e "HTTP/1.1 200 OK"
2025-08-21 19:40:59,834 [INFO] HTTP Request: POST https://yolo-soft-daylight.solana-mainnet.quiknode.pro/057ff3aa7f3e3d9633e475e6de4f8e148ceb4d7e "HTTP/1.1 200 OK"
2025-08-21 19:41:05,676 [INFO] HTTP Request: POST https://yolo-soft-daylight.solana-mainnet.quiknode.pro/057ff3aa7f3e3d9633e475e6de4f8e148ceb4d7e "HTTP/1.1 200 OK"
2025-08-21 19:41:05,894 [INFO] HTTP Request: POST https://yolo-soft-daylight.solana-mainnet.quiknode.pro/057ff3aa7f3e3d9633e475e6de4f8e148ceb4d7e "HTTP/1.1 200 OK"
2025-08-21 19:41:06,988 [INFO] HTTP Request: POST https://yolo-soft-daylight.solana-mainnet.quiknode.pro/057ff3aa7f3e3d9633e475e6de4f8e148ceb4d7e "HTTP/1.1 200 OK"
2025-08-21 19:41:07,191 [INFO] HTTP Request: POST https://yolo-soft-daylight.solana-mainnet.quiknode.pro/057ff3aa7f3e3d9633e475e6de4f8e148ceb4d7e "HTTP/1.1 200 OK"
2025-08-21 19:41:08,269 [INFO] HTTP Request: POST https://yolo-soft-daylight.solana-mainnet.quiknode.pro/057ff3aa7f3e3d9633e475e6de4f8e148ceb4d7e "HTTP/1.1 200 OK"
2025-08-21 19:41:08,440 [INFO] HTTP Request: POST https://yolo-soft-daylight.solana-mainnet.quiknode.pro/057ff3aa7f3e3d9633e475e6de4f8e148ceb4d7e "HTTP/1.1 200 OK"
2025-08-21 19:41:14,393 [INFO] HTTP Request: POST https://yolo-soft-daylight.solana-mainnet.quiknode.pro/057ff3aa7f3e3d9633e475e6de4f8e148ceb4d7e "HTTP/1.1 200 OK"
2025-08-21 19:41:14,503 [INFO] HTTP Request: POST https://yolo-soft-daylight.solana-mainnet.quiknode.pro/057ff3aa7f3e3d9633e475e6de4f8e148ceb4d7e "HTTP/1.1 200 OK"
2025-08-21 19:41:15,674 [INFO] HTTP Request: POST https://yolo-soft-daylight.solana-mainnet.quiknode.pro/057ff3aa7f3e3d9633e475e6de4f8e148ceb4d7e "HTTP/1.1 200 OK"
2025-08-21 19:41:15,799 [INFO] HTTP Request: POST https://yolo-soft-daylight.solana-mainnet.quiknode.pro/057ff3aa7f3e3d9633e475e6de4f8e148ceb4d7e "HTTP/1.1 200 OK"
2025-08-21 19:41:17,003 [INFO] HTTP Request: POST https://yolo-soft-daylight.solana-mainnet.quiknode.pro/057ff3aa7f3e3d9633e475e6de4f8e148ceb4d7e "HTTP/1.1 200 OK"
2025-08-21 19:41:17,096 [INFO] HTTP Request: POST https://yolo-soft-daylight.solana-mainnet.quiknode.pro/057ff3aa7f3e3d9633e475e6de4f8e148ceb4d7e "HTTP/1.1 200 OK"
2025-08-21 19:41:23,063 [INFO] HTTP Request: POST https://yolo-soft-daylight.solana-mainnet.quiknode.pro/057ff3aa7f3e3d9633e475e6de4f8e148ceb4d7e "HTTP/1.1 200 OK"
2025-08-21 19:41:23,156 [INFO] HTTP Request: POST https://yolo-soft-daylight.solana-mainnet.quiknode.pro/057ff3aa7f3e3d9633e475e6de4f8e148ceb4d7e "HTTP/1.1 200 OK"
2025-08-21 19:41:24,376 [INFO] HTTP Request: POST https://yolo-soft-daylight.solana-mainnet.quiknode.pro/057ff3aa7f3e3d9633e475e6de4f8e148ceb4d7e "HTTP/1.1 200 OK"
2025-08-21 19:41:24,454 [INFO] HTTP Request: POST https://yolo-soft-daylight.solana-mainnet.quiknode.pro/057ff3aa7f3e3d9633e475e6de4f8e148ceb4d7e "HTTP/1.1 200 OK"
2025-08-21 19:41:25,712 [INFO] HTTP Request: POST https://yolo-soft-daylight.solana-mainnet.quiknode.pro/057ff3aa7f3e3d9633e475e6de4f8e148ceb4d7e "HTTP/1.1 200 OK"
2025-08-21 19:41:25,766 [INFO] HTTP Request: POST https://yolo-soft-daylight.solana-mainnet.quiknode.pro/057ff3aa7f3e3d9633e475e6de4f8e148ceb4d7e "HTTP/1.1 200 OK"
2025-08-21 19:41:31,804 [INFO] HTTP Request: POST https://yolo-soft-daylight.solana-mainnet.quiknode.pro/057ff3aa7f3e3d9633e475e6de4f8e148ceb4d7e "HTTP/1.1 200 OK"
2025-08-21 19:41:31,843 [INFO] HTTP Request: POST https://yolo-soft-daylight.solana-mainnet.quiknode.pro/057ff3aa7f3e3d9633e475e6de4f8e148ceb4d7e "HTTP/1.1 200 OK"
2025-08-21 19:41:33,078 [INFO] HTTP Request: POST https://yolo-soft-daylight.solana-mainnet.quiknode.pro/057ff3aa7f3e3d9633e475e6de4f8e148ceb4d7e "HTTP/1.1 200 OK"
2025-08-21 19:41:33,125 [INFO] HTTP Request: POST https://yolo-soft-daylight.solana-mainnet.quiknode.pro/057ff3aa7f3e3d9633e475e6de4f8e148ceb4d7e "HTTP/1.1 200 OK"
2025-08-21 19:41:34,391 [INFO] HTTP Request: POST https://yolo-soft-daylight.solana-mainnet.quiknode.pro/057ff3aa7f3e3d9633e475e6de4f8e148ceb4d7e "HTTP/1.1 200 OK"
2025-08-21 19:41:34,422 [INFO] HTTP Request: POST https://yolo-soft-daylight.solana-mainnet.quiknode.pro/057ff3aa7f3e3d9633e475e6de4f8e148ceb4d7e "HTTP/1.1 200 OK"
2025-08-21 19:41:40,450 [INFO] HTTP Request: POST https://yolo-soft-daylight.solana-mainnet.quiknode.pro/057ff3aa7f3e3d9633e475e6de4f8e148ceb4d7e "HTTP/1.1 200 OK"
2025-08-21 19:41:40,466 [INFO] HTTP Request: POST https://yolo-soft-daylight.solana-mainnet.quiknode.pro/057ff3aa7f3e3d9633e475e6de4f8e148ceb4d7e "HTTP/1.1 200 OK"
2025-08-21 19:41:41,747 [INFO] HTTP Request: POST https://yolo-soft-daylight.solana-mainnet.quiknode.pro/057ff3aa7f3e3d9633e475e6de4f8e148ceb4d7e "HTTP/1.1 200 OK"
2025-08-21 19:41:41,762 [INFO] HTTP Request: POST https://yolo-soft-daylight.solana-mainnet.quiknode.pro/057ff3aa7f3e3d9633e475e6de4f8e148ceb4d7e "HTTP/1.1 200 OK"
2025-08-21 19:41:43,059 [INFO] HTTP Request: POST https://yolo-soft-daylight.solana-mainnet.quiknode.pro/057ff3aa7f3e3d9633e475e6de4f8e148ceb4d7e "HTTP/1.1 200 OK"
2025-08-21 19:41:43,059 [INFO] HTTP Request: POST https://yolo-soft-daylight.solana-mainnet.quiknode.pro/057ff3aa7f3e3d9633e475e6de4f8e148ceb4d7e "HTTP/1.1 200 OK"
2025-08-21 19:41:49,122 [INFO] HTTP Request: POST https://yolo-soft-daylight.solana-mainnet.quiknode.pro/057ff3aa7f3e3d9633e475e6de4f8e148ceb4d7e "HTTP/1.1 200 OK"
2025-08-21 19:41:49,122 [INFO] HTTP Request: POST https://yolo-soft-daylight.solana-mainnet.quiknode.pro/057ff3aa7f3e3d9633e475e6de4f8e148ceb4d7e "HTTP/1.1 200 OK"
2025-08-21 19:41:50,411 [INFO] HTTP Request: POST https://yolo-soft-daylight.solana-mainnet.quiknode.pro/057ff3aa7f3e3d9633e475e6de4f8e148ceb4d7e "HTTP/1.1 200 OK"
2025-08-21 19:41:50,427 [INFO] HTTP Request: POST https://yolo-soft-daylight.solana-mainnet.quiknode.pro/057ff3aa7f3e3d9633e475e6de4f8e148ceb4d7e "HTTP/1.1 200 OK"
2025-08-21 19:41:51,731 [INFO] HTTP Request: POST https://yolo-soft-daylight.solana-mainnet.quiknode.pro/057ff3aa7f3e3d9633e475e6de4f8e148ceb4d7e "HTTP/1.1 200 OK"
2025-08-21 19:41:51,747 [INFO] HTTP Request: POST https://yolo-soft-daylight.solana-mainnet.quiknode.pro/057ff3aa7f3e3d9633e475e6de4f8e148ceb4d7e "HTTP/1.1 200 OK"
2025-08-21 19:41:57,809 [INFO] HTTP Request: POST https://yolo-soft-daylight.solana-mainnet.quiknode.pro/057ff3aa7f3e3d9633e475e6de4f8e148ceb4d7e "HTTP/1.1 200 OK"
2025-08-21 19:41:57,809 [INFO] HTTP Request: POST https://yolo-soft-daylight.solana-mainnet.quiknode.pro/057ff3aa7f3e3d9633e475e6de4f8e148ceb4d7e "HTTP/1.1 200 OK"
2025-08-21 19:41:59,151 [INFO] HTTP Request: POST https://yolo-soft-daylight.solana-mainnet.quiknode.pro/057ff3aa7f3e3d9633e475e6de4f8e148ceb4d7e "HTTP/1.1 200 OK"
2025-08-21 19:41:59,151 [INFO] HTTP Request: POST https://yolo-soft-daylight.solana-mainnet.quiknode.pro/057ff3aa7f3e3d9633e475e6de4f8e148ceb4d7e "HTTP/1.1 200 OK"
2025-08-21 19:42:00,451 [INFO] HTTP Request: POST https://yolo-soft-daylight.solana-mainnet.quiknode.pro/057ff3aa7f3e3d9633e475e6de4f8e148ceb4d7e "HTTP/1.1 200 OK"
2025-08-21 19:42:00,467 [INFO] HTTP Request: POST https://yolo-soft-daylight.solana-mainnet.quiknode.pro/057ff3aa7f3e3d9633e475e6de4f8e148ceb4d7e "HTTP/1.1 200 OK"
2025-08-21 19:42:06,538 [INFO] HTTP Request: POST https://yolo-soft-daylight.solana-mainnet.quiknode.pro/057ff3aa7f3e3d9633e475e6de4f8e148ceb4d7e "HTTP/1.1 200 OK"
2025-08-21 19:42:06,570 [INFO] HTTP Request: POST https://yolo-soft-daylight.solana-mainnet.quiknode.pro/057ff3aa7f3e3d9633e475e6de4f8e148ceb4d7e "HTTP/1.1 200 OK"
2025-08-21 19:42:07,852 [INFO] HTTP Request: POST https://yolo-soft-daylight.solana-mainnet.quiknode.pro/057ff3aa7f3e3d9633e475e6de4f8e148ceb4d7e "HTTP/1.1 200 OK"
2025-08-21 19:42:07,899 [INFO] HTTP Request: POST https://yolo-soft-daylight.solana-mainnet.quiknode.pro/057ff3aa7f3e3d9633e475e6de4f8e148ceb4d7e "HTTP/1.1 200 OK"
2025-08-21 19:42:09,162 [INFO] HTTP Request: POST https://yolo-soft-daylight.solana-mainnet.quiknode.pro/057ff3aa7f3e3d9633e475e6de4f8e148ceb4d7e "HTTP/1.1 200 OK"
2025-08-21 19:42:09,209 [INFO] HTTP Request: POST https://yolo-soft-daylight.solana-mainnet.quiknode.pro/057ff3aa7f3e3d9633e475e6de4f8e148ceb4d7e "HTTP/1.1 200 OK"
2025-08-21 19:42:15,270 [INFO] HTTP Request: POST https://yolo-soft-daylight.solana-mainnet.quiknode.pro/057ff3aa7f3e3d9633e475e6de4f8e148ceb4d7e "HTTP/1.1 200 OK"
2025-08-21 19:42:15,286 [INFO] HTTP Request: POST https://yolo-soft-daylight.solana-mainnet.quiknode.pro/057ff3aa7f3e3d9633e475e6de4f8e148ceb4d7e "HTTP/1.1 200 OK"
2025-08-21 19:42:16,583 [INFO] HTTP Request: POST https://yolo-soft-daylight.solana-mainnet.quiknode.pro/057ff3aa7f3e3d9633e475e6de4f8e148ceb4d7e "HTTP/1.1 200 OK"
2025-08-21 19:42:16,598 [INFO] HTTP Request: POST https://yolo-soft-daylight.solana-mainnet.quiknode.pro/057ff3aa7f3e3d9633e475e6de4f8e148ceb4d7e "HTTP/1.1 200 OK"
2025-08-21 19:42:17,936 [INFO] HTTP Request: POST https://yolo-soft-daylight.solana-mainnet.quiknode.pro/057ff3aa7f3e3d9633e475e6de4f8e148ceb4d7e "HTTP/1.1 200 OK"
2025-08-21 19:42:17,937 [INFO] HTTP Request: POST https://yolo-soft-daylight.solana-mainnet.quiknode.pro/057ff3aa7f3e3d9633e475e6de4f8e148ceb4d7e "HTTP/1.1 200 OK"
2025-08-21 19:42:23,988 [INFO] HTTP Request: POST https://yolo-soft-daylight.solana-mainnet.quiknode.pro/057ff3aa7f3e3d9633e475e6de4f8e148ceb4d7e "HTTP/1.1 200 OK"
2025-08-21 19:42:25,270 [INFO] HTTP Request: POST https://yolo-soft-daylight.solana-mainnet.quiknode.pro/057ff3aa7f3e3d9633e475e6de4f8e148ceb4d7e "HTTP/1.1 200 OK"
2025-08-21 19:42:25,304 [INFO] HTTP Request: POST https://yolo-soft-daylight.solana-mainnet.quiknode.pro/057ff3aa7f3e3d9633e475e6de4f8e148ceb4d7e "HTTP/1.1 200 OK"
2025-08-21 19:42:26,582 [INFO] HTTP Request: POST https://yolo-soft-daylight.solana-mainnet.quiknode.pro/057ff3aa7f3e3d9633e475e6de4f8e148ceb4d7e "HTTP/1.1 200 OK"
2025-08-21 19:42:26,598 [INFO] HTTP Request: POST https://yolo-soft-daylight.solana-mainnet.quiknode.pro/057ff3aa7f3e3d9633e475e6de4f8e148ceb4d7e "HTTP/1.1 200 OK"
2025-08-21 19:42:32,644 [INFO] HTTP Request: POST https://yolo-soft-daylight.solana-mainnet.quiknode.pro/057ff3aa7f3e3d9633e475e6de4f8e148ceb4d7e "HTTP/1.1 200 OK"
2025-08-21 19:42:32,659 [INFO] HTTP Request: POST https://yolo-soft-daylight.solana-mainnet.quiknode.pro/057ff3aa7f3e3d9633e475e6de4f8e148ceb4d7e "HTTP/1.1 200 OK"
2025-08-21 19:42:33,941 [INFO] HTTP Request: POST https://yolo-soft-daylight.solana-mainnet.quiknode.pro/057ff3aa7f3e3d9633e475e6de4f8e148ceb4d7e "HTTP/1.1 200 OK"
2025-08-21 19:42:33,941 [INFO] HTTP Request: POST https://yolo-soft-daylight.solana-mainnet.quiknode.pro/057ff3aa7f3e3d9633e475e6de4f8e148ceb4d7e "HTTP/1.1 200 OK"
2025-08-21 19:42:35,246 [INFO] HTTP Request: POST https://yolo-soft-daylight.solana-mainnet.quiknode.pro/057ff3aa7f3e3d9633e475e6de4f8e148ceb4d7e "HTTP/1.1 200 OK"
2025-08-21 19:42:35,246 [INFO] HTTP Request: POST https://yolo-soft-daylight.solana-mainnet.quiknode.pro/057ff3aa7f3e3d9633e475e6de4f8e148ceb4d7e "HTTP/1.1 200 OK"
2025-08-21 19:42:41,312 [INFO] HTTP Request: POST https://yolo-soft-daylight.solana-mainnet.quiknode.pro/057ff3aa7f3e3d9633e475e6de4f8e148ceb4d7e "HTTP/1.1 200 OK"
2025-08-21 19:42:41,327 [INFO] HTTP Request: POST https://yolo-soft-daylight.solana-mainnet.quiknode.pro/057ff3aa7f3e3d9633e475e6de4f8e148ceb4d7e "HTTP/1.1 200 OK"
2025-08-21 19:42:42,638 [INFO] HTTP Request: POST https://yolo-soft-daylight.solana-mainnet.quiknode.pro/057ff3aa7f3e3d9633e475e6de4f8e148ceb4d7e "HTTP/1.1 200 OK"
2025-08-21 19:42:42,739 [INFO] HTTP Request: POST https://yolo-soft-daylight.solana-mainnet.quiknode.pro/057ff3aa7f3e3d9633e475e6de4f8e148ceb4d7e "HTTP/1.1 200 OK"
2025-08-21 19:42:44,226 [INFO] HTTP Request: POST https://yolo-soft-daylight.solana-mainnet.quiknode.pro/057ff3aa7f3e3d9633e475e6de4f8e148ceb4d7e "HTTP/1.1 200 OK"
2025-08-21 19:42:44,289 [INFO] HTTP Request: POST https://yolo-soft-daylight.solana-mainnet.quiknode.pro/057ff3aa7f3e3d9633e475e6de4f8e148ceb4d7e "HTTP/1.1 200 OK"
2025-08-21 19:42:50,331 [INFO] HTTP Request: POST https://yolo-soft-daylight.solana-mainnet.quiknode.pro/057ff3aa7f3e3d9633e475e6de4f8e148ceb4d7e "HTTP/1.1 200 OK"
2025-08-21 19:42:50,394 [INFO] HTTP Request: POST https://yolo-soft-daylight.solana-mainnet.quiknode.pro/057ff3aa7f3e3d9633e475e6de4f8e148ceb4d7e "HTTP/1.1 200 OK"
2025-08-21 19:42:51,613 [INFO] HTTP Request: POST https://yolo-soft-daylight.solana-mainnet.quiknode.pro/057ff3aa7f3e3d9633e475e6de4f8e148ceb4d7e "HTTP/1.1 200 OK"
2025-08-21 19:42:51,692 [INFO] HTTP Request: POST https://yolo-soft-daylight.solana-mainnet.quiknode.pro/057ff3aa7f3e3d9633e475e6de4f8e148ceb4d7e "HTTP/1.1 200 OK"
2025-08-21 19:42:52,880 [INFO] HTTP Request: POST https://yolo-soft-daylight.solana-mainnet.quiknode.pro/057ff3aa7f3e3d9633e475e6de4f8e148ceb4d7e "HTTP/1.1 200 OK"
2025-08-21 19:42:52,974 [INFO] HTTP Request: POST https://yolo-soft-daylight.solana-mainnet.quiknode.pro/057ff3aa7f3e3d9633e475e6de4f8e148ceb4d7e "HTTP/1.1 200 OK"
2025-08-21 19:42:58,952 [INFO] HTTP Request: POST https://yolo-soft-daylight.solana-mainnet.quiknode.pro/057ff3aa7f3e3d9633e475e6de4f8e148ceb4d7e "HTTP/1.1 200 OK"
2025-08-21 19:42:59,046 [INFO] HTTP Request: POST https://yolo-soft-daylight.solana-mainnet.quiknode.pro/057ff3aa7f3e3d9633e475e6de4f8e148ceb4d7e "HTTP/1.1 200 OK"
2025-08-21 19:43:00,218 [INFO] HTTP Request: POST https://yolo-soft-daylight.solana-mainnet.quiknode.pro/057ff3aa7f3e3d9633e475e6de4f8e148ceb4d7e "HTTP/1.1 200 OK"
2025-08-21 19:43:00,327 [INFO] HTTP Request: POST https://yolo-soft-daylight.solana-mainnet.quiknode.pro/057ff3aa7f3e3d9633e475e6de4f8e148ceb4d7e "HTTP/1.1 200 OK"
2025-08-21 19:43:01,512 [INFO] HTTP Request: POST https://yolo-soft-daylight.solana-mainnet.quiknode.pro/057ff3aa7f3e3d9633e475e6de4f8e148ceb4d7e "HTTP/1.1 200 OK"
2025-08-21 19:43:01,653 [INFO] HTTP Request: POST https://yolo-soft-daylight.solana-mainnet.quiknode.pro/057ff3aa7f3e3d9633e475e6de4f8e148ceb4d7e "HTTP/1.1 200 OK"
2025-08-21 19:43:07,576 [INFO] HTTP Request: POST https://yolo-soft-daylight.solana-mainnet.quiknode.pro/057ff3aa7f3e3d9633e475e6de4f8e148ceb4d7e "HTTP/1.1 200 OK"
2025-08-21 19:43:07,717 [INFO] HTTP Request: POST https://yolo-soft-daylight.solana-mainnet.quiknode.pro/057ff3aa7f3e3d9633e475e6de4f8e148ceb4d7e "HTTP/1.1 200 OK"
2025-08-21 19:43:08,889 [INFO] HTTP Request: POST https://yolo-soft-daylight.solana-mainnet.quiknode.pro/057ff3aa7f3e3d9633e475e6de4f8e148ceb4d7e "HTTP/1.1 200 OK"
2025-08-21 19:43:09,029 [INFO] HTTP Request: POST https://yolo-soft-daylight.solana-mainnet.quiknode.pro/057ff3aa7f3e3d9633e475e6de4f8e148ceb4d7e "HTTP/1.1 200 OK"
2025-08-21 19:43:10,233 [INFO] HTTP Request: POST https://yolo-soft-daylight.solana-mainnet.quiknode.pro/057ff3aa7f3e3d9633e475e6de4f8e148ceb4d7e "HTTP/1.1 200 OK"
2025-08-21 19:43:10,327 [INFO] HTTP Request: POST https://yolo-soft-daylight.solana-mainnet.quiknode.pro/057ff3aa7f3e3d9633e475e6de4f8e148ceb4d7e "HTTP/1.1 200 OK"
2025-08-21 19:43:16,330 [INFO] HTTP Request: POST https://yolo-soft-daylight.solana-mainnet.quiknode.pro/057ff3aa7f3e3d9633e475e6de4f8e148ceb4d7e "HTTP/1.1 200 OK"
2025-08-21 19:43:16,362 [INFO] HTTP Request: POST https://yolo-soft-daylight.solana-mainnet.quiknode.pro/057ff3aa7f3e3d9633e475e6de4f8e148ceb4d7e "HTTP/1.1 200 OK"
2025-08-21 19:43:17,628 [INFO] HTTP Request: POST https://yolo-soft-daylight.solana-mainnet.quiknode.pro/057ff3aa7f3e3d9633e475e6de4f8e148ceb4d7e "HTTP/1.1 200 OK"
2025-08-21 19:43:17,643 [INFO] HTTP Request: POST https://yolo-soft-daylight.solana-mainnet.quiknode.pro/057ff3aa7f3e3d9633e475e6de4f8e148ceb4d7e "HTTP/1.1 200 OK"
2025-08-21 19:43:18,940 [INFO] HTTP Request: POST https://yolo-soft-daylight.solana-mainnet.quiknode.pro/057ff3aa7f3e3d9633e475e6de4f8e148ceb4d7e "HTTP/1.1 200 OK"
2025-08-21 19:43:18,956 [INFO] HTTP Request: POST https://yolo-soft-daylight.solana-mainnet.quiknode.pro/057ff3aa7f3e3d9633e475e6de4f8e148ceb4d7e "HTTP/1.1 200 OK"
2025-08-21 19:43:25,018 [INFO] HTTP Request: POST https://yolo-soft-daylight.solana-mainnet.quiknode.pro/057ff3aa7f3e3d9633e475e6de4f8e148ceb4d7e "HTTP/1.1 200 OK"
2025-08-21 19:43:25,049 [INFO] HTTP Request: POST https://yolo-soft-daylight.solana-mainnet.quiknode.pro/057ff3aa7f3e3d9633e475e6de4f8e148ceb4d7e "HTTP/1.1 200 OK"
2025-08-21 19:43:26,284 [INFO] HTTP Request: POST https://yolo-soft-daylight.solana-mainnet.quiknode.pro/057ff3aa7f3e3d9633e475e6de4f8e148ceb4d7e "HTTP/1.1 200 OK"
2025-08-21 19:43:27,081 [INFO] HTTP Request: POST https://yolo-soft-daylight.solana-mainnet.quiknode.pro/057ff3aa7f3e3d9633e475e6de4f8e148ceb4d7e "HTTP/1.1 200 OK"
2025-08-21 19:43:27,519 [INFO] HTTP Request: POST https://yolo-soft-daylight.solana-mainnet.quiknode.pro/057ff3aa7f3e3d9633e475e6de4f8e148ceb4d7e "HTTP/1.1 200 OK"
2025-08-21 19:43:28,343 [INFO] HTTP Request: POST https://yolo-soft-daylight.solana-mainnet.quiknode.pro/057ff3aa7f3e3d9633e475e6de4f8e148ceb4d7e "HTTP/1.1 200 OK"
2025-08-21 19:43:33,516 [INFO] HTTP Request: POST https://yolo-soft-daylight.solana-mainnet.quiknode.pro/057ff3aa7f3e3d9633e475e6de4f8e148ceb4d7e "HTTP/1.1 200 OK"
2025-08-21 19:43:34,392 [INFO] HTTP Request: POST https://yolo-soft-daylight.solana-mainnet.quiknode.pro/057ff3aa7f3e3d9633e475e6de4f8e148ceb4d7e "HTTP/1.1 200 OK"
2025-08-21 19:43:34,798 [INFO] HTTP Request: POST https://yolo-soft-daylight.solana-mainnet.quiknode.pro/057ff3aa7f3e3d9633e475e6de4f8e148ceb4d7e "HTTP/1.1 200 OK"
2025-08-21 19:43:35,697 [INFO] HTTP Request: POST https://yolo-soft-daylight.solana-mainnet.quiknode.pro/057ff3aa7f3e3d9633e475e6de4f8e148ceb4d7e "HTTP/1.1 200 OK"
2025-08-21 19:43:36,588 [INFO] HTTP Request: POST https://yolo-soft-daylight.solana-mainnet.quiknode.pro/057ff3aa7f3e3d9633e475e6de4f8e148ceb4d7e "HTTP/1.1 200 OK"
2025-08-21 19:43:36,947 [INFO] HTTP Request: POST https://yolo-soft-daylight.solana-mainnet.quiknode.pro/057ff3aa7f3e3d9633e475e6de4f8e148ceb4d7e "HTTP/1.1 200 OK"
2025-08-21 19:43:42,618 [INFO] HTTP Request: POST https://yolo-soft-daylight.solana-mainnet.quiknode.pro/057ff3aa7f3e3d9633e475e6de4f8e148ceb4d7e "HTTP/1.1 200 OK"
2025-08-21 19:43:42,993 [INFO] HTTP Request: POST https://yolo-soft-daylight.solana-mainnet.quiknode.pro/057ff3aa7f3e3d9633e475e6de4f8e148ceb4d7e "HTTP/1.1 200 OK"
2025-08-21 19:43:43,868 [INFO] HTTP Request: POST https://yolo-soft-daylight.solana-mainnet.quiknode.pro/057ff3aa7f3e3d9633e475e6de4f8e148ceb4d7e "HTTP/1.1 200 OK"
2025-08-21 19:43:44,259 [INFO] HTTP Request: POST https://yolo-soft-daylight.solana-mainnet.quiknode.pro/057ff3aa7f3e3d9633e475e6de4f8e148ceb4d7e "HTTP/1.1 200 OK"
2025-08-21 19:43:45,172 [INFO] HTTP Request: POST https://yolo-soft-daylight.solana-mainnet.quiknode.pro/057ff3aa7f3e3d9633e475e6de4f8e148ceb4d7e "HTTP/1.1 200 OK"
2025-08-21 19:43:45,547 [INFO] HTTP Request: POST https://yolo-soft-daylight.solana-mainnet.quiknode.pro/057ff3aa7f3e3d9633e475e6de4f8e148ceb4d7e "HTTP/1.1 200 OK"
2025-08-21 19:43:51,229 [INFO] HTTP Request: POST https://yolo-soft-daylight.solana-mainnet.quiknode.pro/057ff3aa7f3e3d9633e475e6de4f8e148ceb4d7e "HTTP/1.1 200 OK"
2025-08-21 19:43:51,598 [INFO] HTTP Request: POST https://yolo-soft-daylight.solana-mainnet.quiknode.pro/057ff3aa7f3e3d9633e475e6de4f8e148ceb4d7e "HTTP/1.1 200 OK"
2025-08-21 19:43:52,516 [INFO] HTTP Request: POST https://yolo-soft-daylight.solana-mainnet.quiknode.pro/057ff3aa7f3e3d9633e475e6de4f8e148ceb4d7e "HTTP/1.1 200 OK"
2025-08-21 19:43:52,897 [INFO] HTTP Request: POST https://yolo-soft-daylight.solana-mainnet.quiknode.pro/057ff3aa7f3e3d9633e475e6de4f8e148ceb4d7e "HTTP/1.1 200 OK"
2025-08-21 19:43:53,841 [INFO] HTTP Request: POST https://yolo-soft-daylight.solana-mainnet.quiknode.pro/057ff3aa7f3e3d9633e475e6de4f8e148ceb4d7e "HTTP/1.1 200 OK"
2025-08-21 19:43:54,174 [INFO] HTTP Request: POST https://yolo-soft-daylight.solana-mainnet.quiknode.pro/057ff3aa7f3e3d9633e475e6de4f8e148ceb4d7e "HTTP/1.1 200 OK"
2025-08-21 19:43:59,884 [INFO] HTTP Request: POST https://yolo-soft-daylight.solana-mainnet.quiknode.pro/057ff3aa7f3e3d9633e475e6de4f8e148ceb4d7e "HTTP/1.1 200 OK"
2025-08-21 19:44:00,244 [INFO] HTTP Request: POST https://yolo-soft-daylight.solana-mainnet.quiknode.pro/057ff3aa7f3e3d9633e475e6de4f8e148ceb4d7e "HTTP/1.1 200 OK"
2025-08-21 19:44:01,250 [INFO] HTTP Request: POST https://yolo-soft-daylight.solana-mainnet.quiknode.pro/057ff3aa7f3e3d9633e475e6de4f8e148ceb4d7e "HTTP/1.1 200 OK"
2025-08-21 19:44:01,580 [INFO] HTTP Request: POST https://yolo-soft-daylight.solana-mainnet.quiknode.pro/057ff3aa7f3e3d9633e475e6de4f8e148ceb4d7e "HTTP/1.1 200 OK"
2025-08-21 19:44:02,523 [INFO] HTTP Request: POST https://yolo-soft-daylight.solana-mainnet.quiknode.pro/057ff3aa7f3e3d9633e475e6de4f8e148ceb4d7e "HTTP/1.1 200 OK"
2025-08-21 19:44:02,867 [INFO] HTTP Request: POST https://yolo-soft-daylight.solana-mainnet.quiknode.pro/057ff3aa7f3e3d9633e475e6de4f8e148ceb4d7e "HTTP/1.1 200 OK"
2025-08-21 19:44:08,565 [INFO] HTTP Request: POST https://yolo-soft-daylight.solana-mainnet.quiknode.pro/057ff3aa7f3e3d9633e475e6de4f8e148ceb4d7e "HTTP/1.1 200 OK"
2025-08-21 19:44:08,925 [INFO] HTTP Request: POST https://yolo-soft-daylight.solana-mainnet.quiknode.pro/057ff3aa7f3e3d9633e475e6de4f8e148ceb4d7e "HTTP/1.1 200 OK"
2025-08-21 19:44:09,847 [INFO] HTTP Request: POST https://yolo-soft-daylight.solana-mainnet.quiknode.pro/057ff3aa7f3e3d9633e475e6de4f8e148ceb4d7e "HTTP/1.1 200 OK"
2025-08-21 19:44:10,207 [INFO] HTTP Request: POST https://yolo-soft-daylight.solana-mainnet.quiknode.pro/057ff3aa7f3e3d9633e475e6de4f8e148ceb4d7e "HTTP/1.1 200 OK"
2025-08-21 19:44:11,129 [INFO] HTTP Request: POST https://yolo-soft-daylight.solana-mainnet.quiknode.pro/057ff3aa7f3e3d9633e475e6de4f8e148ceb4d7e "HTTP/1.1 200 OK"
2025-08-21 19:44:11,488 [INFO] HTTP Request: POST https://yolo-soft-daylight.solana-mainnet.quiknode.pro/057ff3aa7f3e3d9633e475e6de4f8e148ceb4d7e "HTTP/1.1 200 OK"
2025-08-21 19:44:17,242 [INFO] HTTP Request: POST https://yolo-soft-daylight.solana-mainnet.quiknode.pro/057ff3aa7f3e3d9633e475e6de4f8e148ceb4d7e "HTTP/1.1 200 OK"
2025-08-21 19:44:17,554 [INFO] HTTP Request: POST https://yolo-soft-daylight.solana-mainnet.quiknode.pro/057ff3aa7f3e3d9633e475e6de4f8e148ceb4d7e "HTTP/1.1 200 OK"
2025-08-21 19:44:18,524 [INFO] HTTP Request: POST https://yolo-soft-daylight.solana-mainnet.quiknode.pro/057ff3aa7f3e3d9633e475e6de4f8e148ceb4d7e "HTTP/1.1 200 OK"
2025-08-21 19:44:18,836 [INFO] HTTP Request: POST https://yolo-soft-daylight.solana-mainnet.quiknode.pro/057ff3aa7f3e3d9633e475e6de4f8e148ceb4d7e "HTTP/1.1 200 OK"
2025-08-21 19:44:19,838 [INFO] HTTP Request: POST https://yolo-soft-daylight.solana-mainnet.quiknode.pro/057ff3aa7f3e3d9633e475e6de4f8e148ceb4d7e "HTTP/1.1 200 OK"
2025-08-21 19:44:20,103 [INFO] HTTP Request: POST https://yolo-soft-daylight.solana-mainnet.quiknode.pro/057ff3aa7f3e3d9633e475e6de4f8e148ceb4d7e "HTTP/1.1 200 OK"
2025-08-21 19:44:25,889 [INFO] HTTP Request: POST https://yolo-soft-daylight.solana-mainnet.quiknode.pro/057ff3aa7f3e3d9633e475e6de4f8e148ceb4d7e "HTTP/1.1 200 OK"
2025-08-21 19:44:26,155 [INFO] HTTP Request: POST https://yolo-soft-daylight.solana-mainnet.quiknode.pro/057ff3aa7f3e3d9633e475e6de4f8e148ceb4d7e "HTTP/1.1 200 OK"
2025-08-21 19:44:27,186 [INFO] HTTP Request: POST https://yolo-soft-daylight.solana-mainnet.quiknode.pro/057ff3aa7f3e3d9633e475e6de4f8e148ceb4d7e "HTTP/1.1 200 OK"
2025-08-21 19:44:27,436 [INFO] HTTP Request: POST https://yolo-soft-daylight.solana-mainnet.quiknode.pro/057ff3aa7f3e3d9633e475e6de4f8e148ceb4d7e "HTTP/1.1 200 OK"
2025-08-21 19:44:28,465 [INFO] HTTP Request: POST https://yolo-soft-daylight.solana-mainnet.quiknode.pro/057ff3aa7f3e3d9633e475e6de4f8e148ceb4d7e "HTTP/1.1 200 OK"
2025-08-21 19:44:28,747 [INFO] HTTP Request: POST https://yolo-soft-daylight.solana-mainnet.quiknode.pro/057ff3aa7f3e3d9633e475e6de4f8e148ceb4d7e "HTTP/1.1 200 OK"
2025-08-21 19:44:34,483 [INFO] HTTP Request: POST https://yolo-soft-daylight.solana-mainnet.quiknode.pro/057ff3aa7f3e3d9633e475e6de4f8e148ceb4d7e "HTTP/1.1 200 OK"
2025-08-21 19:44:34,812 [INFO] HTTP Request: POST https://yolo-soft-daylight.solana-mainnet.quiknode.pro/057ff3aa7f3e3d9633e475e6de4f8e148ceb4d7e "HTTP/1.1 200 OK"
2025-08-21 19:44:35,766 [INFO] HTTP Request: POST https://yolo-soft-daylight.solana-mainnet.quiknode.pro/057ff3aa7f3e3d9633e475e6de4f8e148ceb4d7e "HTTP/1.1 200 OK"
2025-08-21 19:44:36,094 [INFO] HTTP Request: POST https://yolo-soft-daylight.solana-mainnet.quiknode.pro/057ff3aa7f3e3d9633e475e6de4f8e148ceb4d7e "HTTP/1.1 200 OK"
2025-08-21 19:44:37,062 [INFO] HTTP Request: POST https://yolo-soft-daylight.solana-mainnet.quiknode.pro/057ff3aa7f3e3d9633e475e6de4f8e148ceb4d7e "HTTP/1.1 200 OK"
2025-08-21 19:44:37,398 [INFO] HTTP Request: POST https://yolo-soft-daylight.solana-mainnet.quiknode.pro/057ff3aa7f3e3d9633e475e6de4f8e148ceb4d7e "HTTP/1.1 200 OK"
2025-08-21 19:44:43,136 [INFO] HTTP Request: POST https://yolo-soft-daylight.solana-mainnet.quiknode.pro/057ff3aa7f3e3d9633e475e6de4f8e148ceb4d7e "HTTP/1.1 200 OK"
2025-08-21 19:44:43,471 [INFO] HTTP Request: POST https://yolo-soft-daylight.solana-mainnet.quiknode.pro/057ff3aa7f3e3d9633e475e6de4f8e148ceb4d7e "HTTP/1.1 200 OK"
2025-08-21 19:44:44,448 [INFO] HTTP Request: POST https://yolo-soft-daylight.solana-mainnet.quiknode.pro/057ff3aa7f3e3d9633e475e6de4f8e148ceb4d7e "HTTP/1.1 200 OK"
2025-08-21 19:44:44,782 [INFO] HTTP Request: POST https://yolo-soft-daylight.solana-mainnet.quiknode.pro/057ff3aa7f3e3d9633e475e6de4f8e148ceb4d7e "HTTP/1.1 200 OK"
2025-08-21 19:44:45,740 [INFO] HTTP Request: POST https://yolo-soft-daylight.solana-mainnet.quiknode.pro/057ff3aa7f3e3d9633e475e6de4f8e148ceb4d7e "HTTP/1.1 200 OK"
2025-08-21 19:44:46,056 [INFO] HTTP Request: POST https://yolo-soft-daylight.solana-mainnet.quiknode.pro/057ff3aa7f3e3d9633e475e6de4f8e148ceb4d7e "HTTP/1.1 200 OK"
2025-08-21 19:44:51,777 [INFO] HTTP Request: POST https://yolo-soft-daylight.solana-mainnet.quiknode.pro/057ff3aa7f3e3d9633e475e6de4f8e148ceb4d7e "HTTP/1.1 200 OK"
2025-08-21 19:44:52,109 [INFO] HTTP Request: POST https://yolo-soft-daylight.solana-mainnet.quiknode.pro/057ff3aa7f3e3d9633e475e6de4f8e148ceb4d7e "HTTP/1.1 200 OK"
2025-08-21 19:44:53,129 [INFO] HTTP Request: POST https://yolo-soft-daylight.solana-mainnet.quiknode.pro/057ff3aa7f3e3d9633e475e6de4f8e148ceb4d7e "HTTP/1.1 200 OK"
2025-08-21 19:44:53,426 [INFO] HTTP Request: POST https://yolo-soft-daylight.solana-mainnet.quiknode.pro/057ff3aa7f3e3d9633e475e6de4f8e148ceb4d7e "HTTP/1.1 200 OK"
2025-08-21 19:44:54,411 [INFO] HTTP Request: POST https://yolo-soft-daylight.solana-mainnet.quiknode.pro/057ff3aa7f3e3d9633e475e6de4f8e148ceb4d7e "HTTP/1.1 200 OK"
2025-08-21 19:44:54,724 [INFO] HTTP Request: POST https://yolo-soft-daylight.solana-mainnet.quiknode.pro/057ff3aa7f3e3d9633e475e6de4f8e148ceb4d7e "HTTP/1.1 200 OK"
2025-08-21 19:45:00,465 [INFO] HTTP Request: POST https://yolo-soft-daylight.solana-mainnet.quiknode.pro/057ff3aa7f3e3d9633e475e6de4f8e148ceb4d7e "HTTP/1.1 200 OK"
2025-08-21 19:45:00,778 [INFO] HTTP Request: POST https://yolo-soft-daylight.solana-mainnet.quiknode.pro/057ff3aa7f3e3d9633e475e6de4f8e148ceb4d7e "HTTP/1.1 200 OK"
2025-08-21 19:45:01,759 [INFO] HTTP Request: POST https://yolo-soft-daylight.solana-mainnet.quiknode.pro/057ff3aa7f3e3d9633e475e6de4f8e148ceb4d7e "HTTP/1.1 200 OK"
2025-08-21 19:45:02,040 [INFO] HTTP Request: POST https://yolo-soft-daylight.solana-mainnet.quiknode.pro/057ff3aa7f3e3d9633e475e6de4f8e148ceb4d7e "HTTP/1.1 200 OK"
2025-08-21 19:45:03,071 [INFO] HTTP Request: POST https://yolo-soft-daylight.solana-mainnet.quiknode.pro/057ff3aa7f3e3d9633e475e6de4f8e148ceb4d7e "HTTP/1.1 200 OK"
2025-08-21 19:45:03,337 [INFO] HTTP Request: POST https://yolo-soft-daylight.solana-mainnet.quiknode.pro/057ff3aa7f3e3d9633e475e6de4f8e148ceb4d7e "HTTP/1.1 200 OK"
2025-08-21 19:45:09,096 [INFO] HTTP Request: POST https://yolo-soft-daylight.solana-mainnet.quiknode.pro/057ff3aa7f3e3d9633e475e6de4f8e148ceb4d7e "HTTP/1.1 200 OK"
2025-08-21 19:45:09,378 [INFO] HTTP Request: POST https://yolo-soft-daylight.solana-mainnet.quiknode.pro/057ff3aa7f3e3d9633e475e6de4f8e148ceb4d7e "HTTP/1.1 200 OK"
2025-08-21 19:45:10,378 [INFO] HTTP Request: POST https://yolo-soft-daylight.solana-mainnet.quiknode.pro/057ff3aa7f3e3d9633e475e6de4f8e148ceb4d7e "HTTP/1.1 200 OK"
2025-08-21 19:45:10,674 [INFO] HTTP Request: POST https://yolo-soft-daylight.solana-mainnet.quiknode.pro/057ff3aa7f3e3d9633e475e6de4f8e148ceb4d7e "HTTP/1.1 200 OK"
2025-08-21 19:45:11,659 [INFO] HTTP Request: POST https://yolo-soft-daylight.solana-mainnet.quiknode.pro/057ff3aa7f3e3d9633e475e6de4f8e148ceb4d7e "HTTP/1.1 200 OK"
2025-08-21 19:45:11,925 [INFO] HTTP Request: POST https://yolo-soft-daylight.solana-mainnet.quiknode.pro/057ff3aa7f3e3d9633e475e6de4f8e148ceb4d7e "HTTP/1.1 200 OK"
2025-08-21 19:45:17,819 [INFO] HTTP Request: POST https://yolo-soft-daylight.solana-mainnet.quiknode.pro/057ff3aa7f3e3d9633e475e6de4f8e148ceb4d7e "HTTP/1.1 200 OK"
2025-08-21 19:45:17,975 [INFO] HTTP Request: POST https://yolo-soft-daylight.solana-mainnet.quiknode.pro/057ff3aa7f3e3d9633e475e6de4f8e148ceb4d7e "HTTP/1.1 200 OK"
2025-08-21 19:45:19,069 [INFO] HTTP Request: POST https://yolo-soft-daylight.solana-mainnet.quiknode.pro/057ff3aa7f3e3d9633e475e6de4f8e148ceb4d7e "HTTP/1.1 200 OK"
2025-08-21 19:45:19,241 [INFO] HTTP Request: POST https://yolo-soft-daylight.solana-mainnet.quiknode.pro/057ff3aa7f3e3d9633e475e6de4f8e148ceb4d7e "HTTP/1.1 200 OK"
2025-08-21 19:45:20,341 [INFO] HTTP Request: POST https://yolo-soft-daylight.solana-mainnet.quiknode.pro/057ff3aa7f3e3d9633e475e6de4f8e148ceb4d7e "HTTP/1.1 200 OK"
2025-08-21 19:45:20,528 [INFO] HTTP Request: POST https://yolo-soft-daylight.solana-mainnet.quiknode.pro/057ff3aa7f3e3d9633e475e6de4f8e148ceb4d7e "HTTP/1.1 200 OK"
2025-08-21 19:45:26,403 [INFO] HTTP Request: POST https://yolo-soft-daylight.solana-mainnet.quiknode.pro/057ff3aa7f3e3d9633e475e6de4f8e148ceb4d7e "HTTP/1.1 200 OK"
2025-08-21 19:45:26,575 [INFO] HTTP Request: POST https://yolo-soft-daylight.solana-mainnet.quiknode.pro/057ff3aa7f3e3d9633e475e6de4f8e148ceb4d7e "HTTP/1.1 200 OK"
2025-08-21 19:45:27,716 [INFO] HTTP Request: POST https://yolo-soft-daylight.solana-mainnet.quiknode.pro/057ff3aa7f3e3d9633e475e6de4f8e148ceb4d7e "HTTP/1.1 200 OK"
2025-08-21 19:45:27,857 [INFO] HTTP Request: POST https://yolo-soft-daylight.solana-mainnet.quiknode.pro/057ff3aa7f3e3d9633e475e6de4f8e148ceb4d7e "HTTP/1.1 200 OK"
2025-08-21 19:45:29,041 [INFO] HTTP Request: POST https://yolo-soft-daylight.solana-mainnet.quiknode.pro/057ff3aa7f3e3d9633e475e6de4f8e148ceb4d7e "HTTP/1.1 200 OK"
2025-08-21 19:45:29,166 [INFO] HTTP Request: POST https://yolo-soft-daylight.solana-mainnet.quiknode.pro/057ff3aa7f3e3d9633e475e6de4f8e148ceb4d7e "HTTP/1.1 200 OK"
2025-08-21 19:45:35,106 [INFO] HTTP Request: POST https://yolo-soft-daylight.solana-mainnet.quiknode.pro/057ff3aa7f3e3d9633e475e6de4f8e148ceb4d7e "HTTP/1.1 200 OK"
2025-08-21 19:45:35,216 [INFO] HTTP Request: POST https://yolo-soft-daylight.solana-mainnet.quiknode.pro/057ff3aa7f3e3d9633e475e6de4f8e148ceb4d7e "HTTP/1.1 200 OK"
2025-08-21 19:45:36,404 [INFO] HTTP Request: POST https://yolo-soft-daylight.solana-mainnet.quiknode.pro/057ff3aa7f3e3d9633e475e6de4f8e148ceb4d7e "HTTP/1.1 200 OK"
2025-08-21 19:45:36,497 [INFO] HTTP Request: POST https://yolo-soft-daylight.solana-mainnet.quiknode.pro/057ff3aa7f3e3d9633e475e6de4f8e148ceb4d7e "HTTP/1.1 200 OK"
2025-08-21 19:45:37,697 [INFO] HTTP Request: POST https://yolo-soft-daylight.solana-mainnet.quiknode.pro/057ff3aa7f3e3d9633e475e6de4f8e148ceb4d7e "HTTP/1.1 200 OK"
2025-08-21 19:45:37,810 [INFO] HTTP Request: POST https://yolo-soft-daylight.solana-mainnet.quiknode.pro/057ff3aa7f3e3d9633e475e6de4f8e148ceb4d7e "HTTP/1.1 200 OK"
2025-08-21 19:45:43,729 [INFO] HTTP Request: POST https://yolo-soft-daylight.solana-mainnet.quiknode.pro/057ff3aa7f3e3d9633e475e6de4f8e148ceb4d7e "HTTP/1.1 200 OK"
2025-08-21 19:45:43,838 [INFO] HTTP Request: POST https://yolo-soft-daylight.solana-mainnet.quiknode.pro/057ff3aa7f3e3d9633e475e6de4f8e148ceb4d7e "HTTP/1.1 200 OK"
2025-08-21 19:45:45,026 [INFO] HTTP Request: POST https://yolo-soft-daylight.solana-mainnet.quiknode.pro/057ff3aa7f3e3d9633e475e6de4f8e148ceb4d7e "HTTP/1.1 200 OK"
2025-08-21 19:45:45,135 [INFO] HTTP Request: POST https://yolo-soft-daylight.solana-mainnet.quiknode.pro/057ff3aa7f3e3d9633e475e6de4f8e148ceb4d7e "HTTP/1.1 200 OK"
2025-08-21 19:45:46,323 [INFO] HTTP Request: POST https://yolo-soft-daylight.solana-mainnet.quiknode.pro/057ff3aa7f3e3d9633e475e6de4f8e148ceb4d7e "HTTP/1.1 200 OK"
2025-08-21 19:45:46,401 [INFO] HTTP Request: POST https://yolo-soft-daylight.solana-mainnet.quiknode.pro/057ff3aa7f3e3d9633e475e6de4f8e148ceb4d7e "HTTP/1.1 200 OK"
2025-08-21 19:45:52,538 [INFO] HTTP Request: POST https://yolo-soft-daylight.solana-mainnet.quiknode.pro/057ff3aa7f3e3d9633e475e6de4f8e148ceb4d7e "HTTP/1.1 200 OK"
2025-08-21 19:45:52,647 [INFO] HTTP Request: POST https://yolo-soft-daylight.solana-mainnet.quiknode.pro/057ff3aa7f3e3d9633e475e6de4f8e148ceb4d7e "HTTP/1.1 200 OK"
2025-08-21 19:45:53,851 [INFO] HTTP Request: POST https://yolo-soft-daylight.solana-mainnet.quiknode.pro/057ff3aa7f3e3d9633e475e6de4f8e148ceb4d7e "HTTP/1.1 200 OK"
2025-08-21 19:45:53,945 [INFO] HTTP Request: POST https://yolo-soft-daylight.solana-mainnet.quiknode.pro/057ff3aa7f3e3d9633e475e6de4f8e148ceb4d7e "HTTP/1.1 200 OK"
2025-08-21 19:45:55,116 [INFO] HTTP Request: POST https://yolo-soft-daylight.solana-mainnet.quiknode.pro/057ff3aa7f3e3d9633e475e6de4f8e148ceb4d7e "HTTP/1.1 200 OK"
2025-08-21 19:45:55,257 [INFO] HTTP Request: POST https://yolo-soft-daylight.solana-mainnet.quiknode.pro/057ff3aa7f3e3d9633e475e6de4f8e148ceb4d7e "HTTP/1.1 200 OK"
2025-08-21 19:46:01,173 [INFO] HTTP Request: POST https://yolo-soft-daylight.solana-mainnet.quiknode.pro/057ff3aa7f3e3d9633e475e6de4f8e148ceb4d7e "HTTP/1.1 200 OK"
2025-08-21 19:46:01,298 [INFO] HTTP Request: POST https://yolo-soft-daylight.solana-mainnet.quiknode.pro/057ff3aa7f3e3d9633e475e6de4f8e148ceb4d7e "HTTP/1.1 200 OK"
2025-08-21 19:46:02,454 [INFO] HTTP Request: POST https://yolo-soft-daylight.solana-mainnet.quiknode.pro/057ff3aa7f3e3d9633e475e6de4f8e148ceb4d7e "HTTP/1.1 200 OK"
2025-08-21 19:46:02,579 [INFO] HTTP Request: POST https://yolo-soft-daylight.solana-mainnet.quiknode.pro/057ff3aa7f3e3d9633e475e6de4f8e148ceb4d7e "HTTP/1.1 200 OK"
2025-08-21 19:46:03,735 [INFO] HTTP Request: POST https://yolo-soft-daylight.solana-mainnet.quiknode.pro/057ff3aa7f3e3d9633e475e6de4f8e148ceb4d7e "HTTP/1.1 200 OK"
2025-08-21 19:46:03,845 [INFO] HTTP Request: POST https://yolo-soft-daylight.solana-mainnet.quiknode.pro/057ff3aa7f3e3d9633e475e6de4f8e148ceb4d7e "HTTP/1.1 200 OK"
2025-08-21 19:46:09,793 [INFO] HTTP Request: POST https://yolo-soft-daylight.solana-mainnet.quiknode.pro/057ff3aa7f3e3d9633e475e6de4f8e148ceb4d7e "HTTP/1.1 200 OK"
2025-08-21 19:46:09,887 [INFO] HTTP Request: POST https://yolo-soft-daylight.solana-mainnet.quiknode.pro/057ff3aa7f3e3d9633e475e6de4f8e148ceb4d7e "HTTP/1.1 200 OK"
2025-08-21 19:46:11,075 [INFO] HTTP Request: POST https://yolo-soft-daylight.solana-mainnet.quiknode.pro/057ff3aa7f3e3d9633e475e6de4f8e148ceb4d7e "HTTP/1.1 200 OK"
2025-08-21 19:46:11,184 [INFO] HTTP Request: POST https://yolo-soft-daylight.solana-mainnet.quiknode.pro/057ff3aa7f3e3d9633e475e6de4f8e148ceb4d7e "HTTP/1.1 200 OK"
2025-08-21 19:46:12,325 [INFO] HTTP Request: POST https://yolo-soft-daylight.solana-mainnet.quiknode.pro/057ff3aa7f3e3d9633e475e6de4f8e148ceb4d7e "HTTP/1.1 200 OK"
2025-08-21 19:46:12,482 [INFO] HTTP Request: POST https://yolo-soft-daylight.solana-mainnet.quiknode.pro/057ff3aa7f3e3d9633e475e6de4f8e148ceb4d7e "HTTP/1.1 200 OK"
2025-08-21 19:46:18,422 [INFO] HTTP Request: POST https://yolo-soft-daylight.solana-mainnet.quiknode.pro/057ff3aa7f3e3d9633e475e6de4f8e148ceb4d7e "HTTP/1.1 200 OK"
2025-08-21 19:46:18,500 [INFO] HTTP Request: POST https://yolo-soft-daylight.solana-mainnet.quiknode.pro/057ff3aa7f3e3d9633e475e6de4f8e148ceb4d7e "HTTP/1.1 200 OK"
2025-08-21 19:46:19,703 [INFO] HTTP Request: POST https://yolo-soft-daylight.solana-mainnet.quiknode.pro/057ff3aa7f3e3d9633e475e6de4f8e148ceb4d7e "HTTP/1.1 200 OK"
2025-08-21 19:46:19,781 [INFO] HTTP Request: POST https://yolo-soft-daylight.solana-mainnet.quiknode.pro/057ff3aa7f3e3d9633e475e6de4f8e148ceb4d7e "HTTP/1.1 200 OK"
2025-08-21 19:46:21,032 [INFO] HTTP Request: POST https://yolo-soft-daylight.solana-mainnet.quiknode.pro/057ff3aa7f3e3d9633e475e6de4f8e148ceb4d7e "HTTP/1.1 200 OK"
2025-08-21 19:46:21,079 [INFO] HTTP Request: POST https://yolo-soft-daylight.solana-mainnet.quiknode.pro/057ff3aa7f3e3d9633e475e6de4f8e148ceb4d7e "HTTP/1.1 200 OK"
2025-08-21 19:46:27,615 [INFO] HTTP Request: POST https://yolo-soft-daylight.solana-mainnet.quiknode.pro/057ff3aa7f3e3d9633e475e6de4f8e148ceb4d7e "HTTP/1.1 200 OK"
2025-08-21 19:46:27,621 [INFO] HTTP Request: POST https://yolo-soft-daylight.solana-mainnet.quiknode.pro/057ff3aa7f3e3d9633e475e6de4f8e148ceb4d7e "HTTP/1.1 200 OK"
2025-08-21 19:46:29,014 [INFO] HTTP Request: POST https://yolo-soft-daylight.solana-mainnet.quiknode.pro/057ff3aa7f3e3d9633e475e6de4f8e148ceb4d7e "HTTP/1.1 200 OK"
2025-08-21 19:46:29,014 [INFO] HTTP Request: POST https://yolo-soft-daylight.solana-mainnet.quiknode.pro/057ff3aa7f3e3d9633e475e6de4f8e148ceb4d7e "HTTP/1.1 200 OK"
2025-08-21 19:46:30,638 [INFO] HTTP Request: POST https://yolo-soft-daylight.solana-mainnet.quiknode.pro/057ff3aa7f3e3d9633e475e6de4f8e148ceb4d7e "HTTP/1.1 200 OK"
2025-08-21 19:46:30,670 [INFO] HTTP Request: POST https://yolo-soft-daylight.solana-mainnet.quiknode.pro/057ff3aa7f3e3d9633e475e6de4f8e148ceb4d7e "HTTP/1.1 200 OK"
2025-08-21 19:46:37,102 [INFO] HTTP Request: POST https://yolo-soft-daylight.solana-mainnet.quiknode.pro/057ff3aa7f3e3d9633e475e6de4f8e148ceb4d7e "HTTP/1.1 200 OK"
2025-08-21 19:46:37,172 [INFO] HTTP Request: POST https://yolo-soft-daylight.solana-mainnet.quiknode.pro/057ff3aa7f3e3d9633e475e6de4f8e148ceb4d7e "HTTP/1.1 200 OK"
2025-08-21 19:46:38,712 [INFO] HTTP Request: POST https://yolo-soft-daylight.solana-mainnet.quiknode.pro/057ff3aa7f3e3d9633e475e6de4f8e148ceb4d7e "HTTP/1.1 200 OK"
2025-08-21 19:46:38,712 [INFO] HTTP Request: POST https://yolo-soft-daylight.solana-mainnet.quiknode.pro/057ff3aa7f3e3d9633e475e6de4f8e148ceb4d7e "HTTP/1.1 200 OK"
2025-08-21 19:46:40,107 [INFO] HTTP Request: POST https://yolo-soft-daylight.solana-mainnet.quiknode.pro/057ff3aa7f3e3d9633e475e6de4f8e148ceb4d7e "HTTP/1.1 200 OK"
2025-08-21 19:46:40,123 [INFO] HTTP Request: POST https://yolo-soft-daylight.solana-mainnet.quiknode.pro/057ff3aa7f3e3d9633e475e6de4f8e148ceb4d7e "HTTP/1.1 200 OK"
2025-08-21 19:46:46,703 [INFO] HTTP Request: POST https://yolo-soft-daylight.solana-mainnet.quiknode.pro/057ff3aa7f3e3d9633e475e6de4f8e148ceb4d7e "HTTP/1.1 200 OK"
2025-08-21 19:46:46,765 [INFO] HTTP Request: POST https://yolo-soft-daylight.solana-mainnet.quiknode.pro/057ff3aa7f3e3d9633e475e6de4f8e148ceb4d7e "HTTP/1.1 200 OK"
2025-08-21 19:46:48,179 [INFO] HTTP Request: POST https://yolo-soft-daylight.solana-mainnet.quiknode.pro/057ff3aa7f3e3d9633e475e6de4f8e148ceb4d7e "HTTP/1.1 200 OK"
2025-08-21 19:46:48,233 [INFO] HTTP Request: POST https://yolo-soft-daylight.solana-mainnet.quiknode.pro/057ff3aa7f3e3d9633e475e6de4f8e148ceb4d7e "HTTP/1.1 200 OK"
2025-08-21 19:46:49,556 [INFO] HTTP Request: POST https://yolo-soft-daylight.solana-mainnet.quiknode.pro/057ff3aa7f3e3d9633e475e6de4f8e148ceb4d7e "HTTP/1.1 200 OK"
2025-08-21 19:46:49,615 [INFO] HTTP Request: POST https://yolo-soft-daylight.solana-mainnet.quiknode.pro/057ff3aa7f3e3d9633e475e6de4f8e148ceb4d7e "HTTP/1.1 200 OK"
2025-08-21 19:46:55,644 [INFO] HTTP Request: POST https://yolo-soft-daylight.solana-mainnet.quiknode.pro/057ff3aa7f3e3d9633e475e6de4f8e148ceb4d7e "HTTP/1.1 200 OK"
2025-08-21 19:46:55,715 [INFO] HTTP Request: POST https://yolo-soft-daylight.solana-mainnet.quiknode.pro/057ff3aa7f3e3d9633e475e6de4f8e148ceb4d7e "HTTP/1.1 200 OK"
2025-08-21 19:46:57,704 [INFO] HTTP Request: POST https://yolo-soft-daylight.solana-mainnet.quiknode.pro/057ff3aa7f3e3d9633e475e6de4f8e148ceb4d7e "HTTP/1.1 200 OK"
2025-08-21 19:46:57,732 [INFO] HTTP Request: POST https://yolo-soft-daylight.solana-mainnet.quiknode.pro/057ff3aa7f3e3d9633e475e6de4f8e148ceb4d7e "HTTP/1.1 200 OK"
2025-08-21 19:46:59,157 [INFO] HTTP Request: POST https://yolo-soft-daylight.solana-mainnet.quiknode.pro/057ff3aa7f3e3d9633e475e6de4f8e148ceb4d7e "HTTP/1.1 200 OK"
2025-08-21 19:46:59,157 [INFO] HTTP Request: POST https://yolo-soft-daylight.solana-mainnet.quiknode.pro/057ff3aa7f3e3d9633e475e6de4f8e148ceb4d7e "HTTP/1.1 200 OK"
2025-08-21 19:47:05,247 [INFO] HTTP Request: POST https://yolo-soft-daylight.solana-mainnet.quiknode.pro/057ff3aa7f3e3d9633e475e6de4f8e148ceb4d7e "HTTP/1.1 200 OK"
2025-08-21 19:47:05,262 [INFO] HTTP Request: POST https://yolo-soft-daylight.solana-mainnet.quiknode.pro/057ff3aa7f3e3d9633e475e6de4f8e148ceb4d7e "HTTP/1.1 200 OK"
2025-08-21 19:47:06,598 [INFO] HTTP Request: POST https://yolo-soft-daylight.solana-mainnet.quiknode.pro/057ff3aa7f3e3d9633e475e6de4f8e148ceb4d7e "HTTP/1.1 200 OK"
2025-08-21 19:47:06,614 [INFO] HTTP Request: POST https://yolo-soft-daylight.solana-mainnet.quiknode.pro/057ff3aa7f3e3d9633e475e6de4f8e148ceb4d7e "HTTP/1.1 200 OK"
2025-08-21 19:47:07,981 [INFO] HTTP Request: POST https://yolo-soft-daylight.solana-mainnet.quiknode.pro/057ff3aa7f3e3d9633e475e6de4f8e148ceb4d7e "HTTP/1.1 200 OK"
2025-08-21 19:47:08,012 [INFO] HTTP Request: POST https://yolo-soft-daylight.solana-mainnet.quiknode.pro/057ff3aa7f3e3d9633e475e6de4f8e148ceb4d7e "HTTP/1.1 200 OK"
2025-08-21 19:47:14,192 [INFO] HTTP Request: POST https://yolo-soft-daylight.solana-mainnet.quiknode.pro/057ff3aa7f3e3d9633e475e6de4f8e148ceb4d7e "HTTP/1.1 200 OK"
2025-08-21 19:47:14,192 [INFO] HTTP Request: POST https://yolo-soft-daylight.solana-mainnet.quiknode.pro/057ff3aa7f3e3d9633e475e6de4f8e148ceb4d7e "HTTP/1.1 200 OK"
2025-08-21 19:47:15,706 [INFO] HTTP Request: POST https://yolo-soft-daylight.solana-mainnet.quiknode.pro/057ff3aa7f3e3d9633e475e6de4f8e148ceb4d7e "HTTP/1.1 200 OK"
2025-08-21 19:47:15,722 [INFO] HTTP Request: POST https://yolo-soft-daylight.solana-mainnet.quiknode.pro/057ff3aa7f3e3d9633e475e6de4f8e148ceb4d7e "HTTP/1.1 200 OK"
2025-08-21 19:47:17,053 [INFO] HTTP Request: POST https://yolo-soft-daylight.solana-mainnet.quiknode.pro/057ff3aa7f3e3d9633e475e6de4f8e148ceb4d7e "HTTP/1.1 200 OK"
2025-08-21 19:47:17,053 [INFO] HTTP Request: POST https://yolo-soft-daylight.solana-mainnet.quiknode.pro/057ff3aa7f3e3d9633e475e6de4f8e148ceb4d7e "HTTP/1.1 200 OK"
2025-08-21 19:47:23,211 [INFO] HTTP Request: POST https://yolo-soft-daylight.solana-mainnet.quiknode.pro/057ff3aa7f3e3d9633e475e6de4f8e148ceb4d7e "HTTP/1.1 200 OK"
2025-08-21 19:47:24,508 [INFO] HTTP Request: POST https://yolo-soft-daylight.solana-mainnet.quiknode.pro/057ff3aa7f3e3d9633e475e6de4f8e148ceb4d7e "HTTP/1.1 200 OK"
2025-08-21 19:47:24,508 [INFO] HTTP Request: POST https://yolo-soft-daylight.solana-mainnet.quiknode.pro/057ff3aa7f3e3d9633e475e6de4f8e148ceb4d7e "HTTP/1.1 200 OK"
2025-08-21 19:47:25,790 [INFO] HTTP Request: POST https://yolo-soft-daylight.solana-mainnet.quiknode.pro/057ff3aa7f3e3d9633e475e6de4f8e148ceb4d7e "HTTP/1.1 200 OK"
2025-08-21 19:47:25,805 [INFO] HTTP Request: POST https://yolo-soft-daylight.solana-mainnet.quiknode.pro/057ff3aa7f3e3d9633e475e6de4f8e148ceb4d7e "HTTP/1.1 200 OK"
2025-08-21 19:47:31,916 [INFO] HTTP Request: POST https://yolo-soft-daylight.solana-mainnet.quiknode.pro/057ff3aa7f3e3d9633e475e6de4f8e148ceb4d7e "HTTP/1.1 200 OK"
2025-08-21 19:47:31,918 [INFO] HTTP Request: POST https://yolo-soft-daylight.solana-mainnet.quiknode.pro/057ff3aa7f3e3d9633e475e6de4f8e148ceb4d7e "HTTP/1.1 200 OK"
2025-08-21 19:47:33,288 [INFO] HTTP Request: POST https://yolo-soft-daylight.solana-mainnet.quiknode.pro/057ff3aa7f3e3d9633e475e6de4f8e148ceb4d7e "HTTP/1.1 200 OK"
2025-08-21 19:47:33,293 [INFO] HTTP Request: POST https://yolo-soft-daylight.solana-mainnet.quiknode.pro/057ff3aa7f3e3d9633e475e6de4f8e148ceb4d7e "HTTP/1.1 200 OK"
2025-08-21 19:47:34,673 [INFO] HTTP Request: POST https://yolo-soft-daylight.solana-mainnet.quiknode.pro/057ff3aa7f3e3d9633e475e6de4f8e148ceb4d7e "HTTP/1.1 200 OK"
2025-08-21 19:47:34,673 [INFO] HTTP Request: POST https://yolo-soft-daylight.solana-mainnet.quiknode.pro/057ff3aa7f3e3d9633e475e6de4f8e148ceb4d7e "HTTP/1.1 200 OK"
2025-08-21 19:47:40,760 [INFO] HTTP Request: POST https://yolo-soft-daylight.solana-mainnet.quiknode.pro/057ff3aa7f3e3d9633e475e6de4f8e148ceb4d7e "HTTP/1.1 200 OK"
2025-08-21 19:47:40,776 [INFO] HTTP Request: POST https://yolo-soft-daylight.solana-mainnet.quiknode.pro/057ff3aa7f3e3d9633e475e6de4f8e148ceb4d7e "HTTP/1.1 200 OK"
2025-08-21 19:47:42,094 [INFO] HTTP Request: POST https://yolo-soft-daylight.solana-mainnet.quiknode.pro/057ff3aa7f3e3d9633e475e6de4f8e148ceb4d7e "HTTP/1.1 200 OK"
2025-08-21 19:47:42,094 [INFO] HTTP Request: POST https://yolo-soft-daylight.solana-mainnet.quiknode.pro/057ff3aa7f3e3d9633e475e6de4f8e148ceb4d7e "HTTP/1.1 200 OK"
2025-08-21 19:47:43,456 [INFO] HTTP Request: POST https://yolo-soft-daylight.solana-mainnet.quiknode.pro/057ff3aa7f3e3d9633e475e6de4f8e148ceb4d7e "HTTP/1.1 200 OK"
2025-08-21 19:47:43,480 [INFO] HTTP Request: POST https://yolo-soft-daylight.solana-mainnet.quiknode.pro/057ff3aa7f3e3d9633e475e6de4f8e148ceb4d7e "HTTP/1.1 200 OK"
2025-08-21 19:47:49,621 [INFO] HTTP Request: POST https://yolo-soft-daylight.solana-mainnet.quiknode.pro/057ff3aa7f3e3d9633e475e6de4f8e148ceb4d7e "HTTP/1.1 200 OK"
2025-08-21 19:47:49,637 [INFO] HTTP Request: POST https://yolo-soft-daylight.solana-mainnet.quiknode.pro/057ff3aa7f3e3d9633e475e6de4f8e148ceb4d7e "HTTP/1.1 200 OK"
2025-08-21 19:47:51,125 [INFO] HTTP Request: POST https://yolo-soft-daylight.solana-mainnet.quiknode.pro/057ff3aa7f3e3d9633e475e6de4f8e148ceb4d7e "HTTP/1.1 200 OK"
2025-08-21 19:47:51,141 [INFO] HTTP Request: POST https://yolo-soft-daylight.solana-mainnet.quiknode.pro/057ff3aa7f3e3d9633e475e6de4f8e148ceb4d7e "HTTP/1.1 200 OK"
2025-08-21 19:47:52,480 [INFO] HTTP Request: POST https://yolo-soft-daylight.solana-mainnet.quiknode.pro/057ff3aa7f3e3d9633e475e6de4f8e148ceb4d7e "HTTP/1.1 200 OK"
2025-08-21 19:47:52,496 [INFO] HTTP Request: POST https://yolo-soft-daylight.solana-mainnet.quiknode.pro/057ff3aa7f3e3d9633e475e6de4f8e148ceb4d7e "HTTP/1.1 200 OK"
2025-08-21 19:47:58,947 [INFO] HTTP Request: POST https://yolo-soft-daylight.solana-mainnet.quiknode.pro/057ff3aa7f3e3d9633e475e6de4f8e148ceb4d7e "HTTP/1.1 200 OK"
2025-08-21 19:47:58,990 [INFO] HTTP Request: POST https://yolo-soft-daylight.solana-mainnet.quiknode.pro/057ff3aa7f3e3d9633e475e6de4f8e148ceb4d7e "HTTP/1.1 200 OK"
2025-08-21 19:48:00,568 [INFO] HTTP Request: POST https://yolo-soft-daylight.solana-mainnet.quiknode.pro/057ff3aa7f3e3d9633e475e6de4f8e148ceb4d7e "HTTP/1.1 200 OK"
2025-08-21 19:48:00,577 [INFO] HTTP Request: POST https://yolo-soft-daylight.solana-mainnet.quiknode.pro/057ff3aa7f3e3d9633e475e6de4f8e148ceb4d7e "HTTP/1.1 200 OK"
2025-08-21 19:48:02,062 [INFO] HTTP Request: POST https://yolo-soft-daylight.solana-mainnet.quiknode.pro/057ff3aa7f3e3d9633e475e6de4f8e148ceb4d7e "HTTP/1.1 200 OK"
2025-08-21 19:48:02,062 [INFO] HTTP Request: POST https://yolo-soft-daylight.solana-mainnet.quiknode.pro/057ff3aa7f3e3d9633e475e6de4f8e148ceb4d7e "HTTP/1.1 200 OK"
2025-08-21 19:48:08,871 [INFO] HTTP Request: POST https://yolo-soft-daylight.solana-mainnet.quiknode.pro/057ff3aa7f3e3d9633e475e6de4f8e148ceb4d7e "HTTP/1.1 200 OK"
2025-08-21 19:48:08,925 [INFO] HTTP Request: POST https://yolo-soft-daylight.solana-mainnet.quiknode.pro/057ff3aa7f3e3d9633e475e6de4f8e148ceb4d7e "HTTP/1.1 200 OK"
2025-08-21 19:48:10,366 [INFO] HTTP Request: POST https://yolo-soft-daylight.solana-mainnet.quiknode.pro/057ff3aa7f3e3d9633e475e6de4f8e148ceb4d7e "HTTP/1.1 200 OK"
2025-08-21 19:48:10,416 [INFO] HTTP Request: POST https://yolo-soft-daylight.solana-mainnet.quiknode.pro/057ff3aa7f3e3d9633e475e6de4f8e148ceb4d7e "HTTP/1.1 200 OK"
2025-08-21 19:48:11,765 [INFO] HTTP Request: POST https://yolo-soft-daylight.solana-mainnet.quiknode.pro/057ff3aa7f3e3d9633e475e6de4f8e148ceb4d7e "HTTP/1.1 200 OK"
2025-08-21 19:48:11,815 [INFO] HTTP Request: POST https://yolo-soft-daylight.solana-mainnet.quiknode.pro/057ff3aa7f3e3d9633e475e6de4f8e148ceb4d7e "HTTP/1.1 200 OK"
2025-08-21 19:48:18,010 [INFO] HTTP Request: POST https://yolo-soft-daylight.solana-mainnet.quiknode.pro/057ff3aa7f3e3d9633e475e6de4f8e148ceb4d7e "HTTP/1.1 200 OK"
2025-08-21 19:48:19,430 [INFO] HTTP Request: POST https://yolo-soft-daylight.solana-mainnet.quiknode.pro/057ff3aa7f3e3d9633e475e6de4f8e148ceb4d7e "HTTP/1.1 200 OK"
2025-08-21 19:48:19,435 [INFO] HTTP Request: POST https://yolo-soft-daylight.solana-mainnet.quiknode.pro/057ff3aa7f3e3d9633e475e6de4f8e148ceb4d7e "HTTP/1.1 200 OK"
2025-08-21 19:48:20,897 [INFO] HTTP Request: POST https://yolo-soft-daylight.solana-mainnet.quiknode.pro/057ff3aa7f3e3d9633e475e6de4f8e148ceb4d7e "HTTP/1.1 200 OK"
2025-08-21 19:48:27,010 [INFO] HTTP Request: POST https://yolo-soft-daylight.solana-mainnet.quiknode.pro/057ff3aa7f3e3d9633e475e6de4f8e148ceb4d7e "HTTP/1.1 200 OK"
2025-08-21 19:48:27,010 [INFO] HTTP Request: POST https://yolo-soft-daylight.solana-mainnet.quiknode.pro/057ff3aa7f3e3d9633e475e6de4f8e148ceb4d7e "HTTP/1.1 200 OK"
2025-08-21 19:48:28,350 [INFO] HTTP Request: POST https://yolo-soft-daylight.solana-mainnet.quiknode.pro/057ff3aa7f3e3d9633e475e6de4f8e148ceb4d7e "HTTP/1.1 200 OK"
2025-08-21 19:48:28,366 [INFO] HTTP Request: POST https://yolo-soft-daylight.solana-mainnet.quiknode.pro/057ff3aa7f3e3d9633e475e6de4f8e148ceb4d7e "HTTP/1.1 200 OK"
2025-08-21 19:48:29,685 [INFO] HTTP Request: POST https://yolo-soft-daylight.solana-mainnet.quiknode.pro/057ff3aa7f3e3d9633e475e6de4f8e148ceb4d7e "HTTP/1.1 200 OK"
2025-08-21 19:48:29,686 [INFO] HTTP Request: POST https://yolo-soft-daylight.solana-mainnet.quiknode.pro/057ff3aa7f3e3d9633e475e6de4f8e148ceb4d7e "HTTP/1.1 200 OK"
2025-08-21 19:48:35,816 [INFO] HTTP Request: POST https://yolo-soft-daylight.solana-mainnet.quiknode.pro/057ff3aa7f3e3d9633e475e6de4f8e148ceb4d7e "HTTP/1.1 200 OK"
2025-08-21 19:48:35,816 [INFO] HTTP Request: POST https://yolo-soft-daylight.solana-mainnet.quiknode.pro/057ff3aa7f3e3d9633e475e6de4f8e148ceb4d7e "HTTP/1.1 200 OK"
2025-08-21 19:48:37,183 [INFO] HTTP Request: POST https://yolo-soft-daylight.solana-mainnet.quiknode.pro/057ff3aa7f3e3d9633e475e6de4f8e148ceb4d7e "HTTP/1.1 200 OK"
2025-08-21 19:48:37,263 [INFO] HTTP Request: POST https://yolo-soft-daylight.solana-mainnet.quiknode.pro/057ff3aa7f3e3d9633e475e6de4f8e148ceb4d7e "HTTP/1.1 200 OK"
2025-08-21 19:48:38,631 [INFO] HTTP Request: POST https://yolo-soft-daylight.solana-mainnet.quiknode.pro/057ff3aa7f3e3d9633e475e6de4f8e148ceb4d7e "HTTP/1.1 200 OK"
2025-08-21 19:48:38,647 [INFO] HTTP Request: POST https://yolo-soft-daylight.solana-mainnet.quiknode.pro/057ff3aa7f3e3d9633e475e6de4f8e148ceb4d7e "HTTP/1.1 200 OK"
2025-08-21 19:48:44,744 [INFO] HTTP Request: POST https://yolo-soft-daylight.solana-mainnet.quiknode.pro/057ff3aa7f3e3d9633e475e6de4f8e148ceb4d7e "HTTP/1.1 200 OK"
2025-08-21 19:48:44,775 [INFO] HTTP Request: POST https://yolo-soft-daylight.solana-mainnet.quiknode.pro/057ff3aa7f3e3d9633e475e6de4f8e148ceb4d7e "HTTP/1.1 200 OK"
2025-08-21 19:48:46,220 [INFO] HTTP Request: POST https://yolo-soft-daylight.solana-mainnet.quiknode.pro/057ff3aa7f3e3d9633e475e6de4f8e148ceb4d7e "HTTP/1.1 200 OK"
2025-08-21 19:48:46,220 [INFO] HTTP Request: POST https://yolo-soft-daylight.solana-mainnet.quiknode.pro/057ff3aa7f3e3d9633e475e6de4f8e148ceb4d7e "HTTP/1.1 200 OK"
2025-08-21 19:48:47,703 [INFO] HTTP Request: POST https://yolo-soft-daylight.solana-mainnet.quiknode.pro/057ff3aa7f3e3d9633e475e6de4f8e148ceb4d7e "HTTP/1.1 200 OK"
2025-08-21 19:48:47,703 [INFO] HTTP Request: POST https://yolo-soft-daylight.solana-mainnet.quiknode.pro/057ff3aa7f3e3d9633e475e6de4f8e148ceb4d7e "HTTP/1.1 200 OK"
2025-08-21 19:48:54,245 [INFO] HTTP Request: POST https://yolo-soft-daylight.solana-mainnet.quiknode.pro/057ff3aa7f3e3d9633e475e6de4f8e148ceb4d7e "HTTP/1.1 200 OK"
2025-08-21 19:48:54,272 [INFO] HTTP Request: POST https://yolo-soft-daylight.solana-mainnet.quiknode.pro/057ff3aa7f3e3d9633e475e6de4f8e148ceb4d7e "HTTP/1.1 200 OK"
2025-08-21 19:48:56,472 [INFO] HTTP Request: POST https://yolo-soft-daylight.solana-mainnet.quiknode.pro/057ff3aa7f3e3d9633e475e6de4f8e148ceb4d7e "HTTP/1.1 200 OK"
2025-08-21 19:48:56,555 [INFO] HTTP Request: POST https://yolo-soft-daylight.solana-mainnet.quiknode.pro/057ff3aa7f3e3d9633e475e6de4f8e148ceb4d7e "HTTP/1.1 200 OK"
2025-08-21 19:48:58,853 [INFO] HTTP Request: POST https://yolo-soft-daylight.solana-mainnet.quiknode.pro/057ff3aa7f3e3d9633e475e6de4f8e148ceb4d7e "HTTP/1.1 200 OK"
2025-08-21 19:48:58,894 [INFO] HTTP Request: POST https://yolo-soft-daylight.solana-mainnet.quiknode.pro/057ff3aa7f3e3d9633e475e6de4f8e148ceb4d7e "HTTP/1.1 200 OK"
2025-08-21 19:49:05,558 [INFO] HTTP Request: POST https://yolo-soft-daylight.solana-mainnet.quiknode.pro/057ff3aa7f3e3d9633e475e6de4f8e148ceb4d7e "HTTP/1.1 200 OK"
2025-08-21 19:49:05,587 [INFO] HTTP Request: POST https://yolo-soft-daylight.solana-mainnet.quiknode.pro/057ff3aa7f3e3d9633e475e6de4f8e148ceb4d7e "HTTP/1.1 200 OK"
2025-08-21 19:49:07,809 [INFO] HTTP Request: POST https://yolo-soft-daylight.solana-mainnet.quiknode.pro/057ff3aa7f3e3d9633e475e6de4f8e148ceb4d7e "HTTP/1.1 200 OK"
2025-08-21 19:49:07,930 [INFO] HTTP Request: POST https://yolo-soft-daylight.solana-mainnet.quiknode.pro/057ff3aa7f3e3d9633e475e6de4f8e148ceb4d7e "HTTP/1.1 200 OK"
2025-08-21 19:49:09,473 [INFO] HTTP Request: POST https://yolo-soft-daylight.solana-mainnet.quiknode.pro/057ff3aa7f3e3d9633e475e6de4f8e148ceb4d7e "HTTP/1.1 200 OK"
2025-08-21 19:49:09,574 [INFO] HTTP Request: POST https://yolo-soft-daylight.solana-mainnet.quiknode.pro/057ff3aa7f3e3d9633e475e6de4f8e148ceb4d7e "HTTP/1.1 200 OK"
2025-08-21 19:49:16,445 [INFO] HTTP Request: POST https://yolo-soft-daylight.solana-mainnet.quiknode.pro/057ff3aa7f3e3d9633e475e6de4f8e148ceb4d7e "HTTP/1.1 200 OK"
2025-08-21 19:49:16,536 [INFO] HTTP Request: POST https://yolo-soft-daylight.solana-mainnet.quiknode.pro/057ff3aa7f3e3d9633e475e6de4f8e148ceb4d7e "HTTP/1.1 200 OK"
2025-08-21 19:49:18,016 [INFO] HTTP Request: POST https://yolo-soft-daylight.solana-mainnet.quiknode.pro/057ff3aa7f3e3d9633e475e6de4f8e148ceb4d7e "HTTP/1.1 200 OK"
2025-08-21 19:49:18,092 [INFO] HTTP Request: POST https://yolo-soft-daylight.solana-mainnet.quiknode.pro/057ff3aa7f3e3d9633e475e6de4f8e148ceb4d7e "HTTP/1.1 200 OK"
2025-08-21 19:49:19,574 [INFO] HTTP Request: POST https://yolo-soft-daylight.solana-mainnet.quiknode.pro/057ff3aa7f3e3d9633e475e6de4f8e148ceb4d7e "HTTP/1.1 200 OK"
2025-08-21 19:49:19,612 [INFO] HTTP Request: POST https://yolo-soft-daylight.solana-mainnet.quiknode.pro/057ff3aa7f3e3d9633e475e6de4f8e148ceb4d7e "HTTP/1.1 200 OK"
2025-08-21 19:49:25,680 [INFO] HTTP Request: POST https://yolo-soft-daylight.solana-mainnet.quiknode.pro/057ff3aa7f3e3d9633e475e6de4f8e148ceb4d7e "HTTP/1.1 200 OK"
2025-08-21 19:49:25,711 [INFO] HTTP Request: POST https://yolo-soft-daylight.solana-mainnet.quiknode.pro/057ff3aa7f3e3d9633e475e6de4f8e148ceb4d7e "HTTP/1.1 200 OK"
2025-08-21 19:49:27,110 [INFO] HTTP Request: POST https://yolo-soft-daylight.solana-mainnet.quiknode.pro/057ff3aa7f3e3d9633e475e6de4f8e148ceb4d7e "HTTP/1.1 200 OK"
2025-08-21 19:49:27,115 [INFO] HTTP Request: POST https://yolo-soft-daylight.solana-mainnet.quiknode.pro/057ff3aa7f3e3d9633e475e6de4f8e148ceb4d7e "HTTP/1.1 200 OK"
2025-08-21 19:49:28,503 [INFO] HTTP Request: POST https://yolo-soft-daylight.solana-mainnet.quiknode.pro/057ff3aa7f3e3d9633e475e6de4f8e148ceb4d7e "HTTP/1.1 200 OK"
2025-08-21 19:49:28,503 [INFO] HTTP Request: POST https://yolo-soft-daylight.solana-mainnet.quiknode.pro/057ff3aa7f3e3d9633e475e6de4f8e148ceb4d7e "HTTP/1.1 200 OK"
2025-08-21 19:49:34,635 [INFO] HTTP Request: POST https://yolo-soft-daylight.solana-mainnet.quiknode.pro/057ff3aa7f3e3d9633e475e6de4f8e148ceb4d7e "HTTP/1.1 200 OK"
2025-08-21 19:49:34,648 [INFO] HTTP Request: POST https://yolo-soft-daylight.solana-mainnet.quiknode.pro/057ff3aa7f3e3d9633e475e6de4f8e148ceb4d7e "HTTP/1.1 200 OK"
2025-08-21 19:49:36,023 [INFO] HTTP Request: POST https://yolo-soft-daylight.solana-mainnet.quiknode.pro/057ff3aa7f3e3d9633e475e6de4f8e148ceb4d7e "HTTP/1.1 200 OK"
2025-08-21 19:49:36,038 [INFO] HTTP Request: POST https://yolo-soft-daylight.solana-mainnet.quiknode.pro/057ff3aa7f3e3d9633e475e6de4f8e148ceb4d7e "HTTP/1.1 200 OK"
2025-08-21 19:49:37,383 [INFO] HTTP Request: POST https://yolo-soft-daylight.solana-mainnet.quiknode.pro/057ff3aa7f3e3d9633e475e6de4f8e148ceb4d7e "HTTP/1.1 200 OK"
2025-08-21 19:49:37,422 [INFO] HTTP Request: POST https://yolo-soft-daylight.solana-mainnet.quiknode.pro/057ff3aa7f3e3d9633e475e6de4f8e148ceb4d7e "HTTP/1.1 200 OK"
2025-08-21 19:49:43,516 [INFO] HTTP Request: POST https://yolo-soft-daylight.solana-mainnet.quiknode.pro/057ff3aa7f3e3d9633e475e6de4f8e148ceb4d7e "HTTP/1.1 200 OK"
2025-08-21 19:49:43,547 [INFO] HTTP Request: POST https://yolo-soft-daylight.solana-mainnet.quiknode.pro/057ff3aa7f3e3d9633e475e6de4f8e148ceb4d7e "HTTP/1.1 200 OK"
2025-08-21 19:49:44,924 [INFO] HTTP Request: POST https://yolo-soft-daylight.solana-mainnet.quiknode.pro/057ff3aa7f3e3d9633e475e6de4f8e148ceb4d7e "HTTP/1.1 200 OK"
2025-08-21 19:49:44,996 [INFO] HTTP Request: POST https://yolo-soft-daylight.solana-mainnet.quiknode.pro/057ff3aa7f3e3d9633e475e6de4f8e148ceb4d7e "HTTP/1.1 200 OK"
2025-08-21 19:49:46,709 [INFO] HTTP Request: POST https://yolo-soft-daylight.solana-mainnet.quiknode.pro/057ff3aa7f3e3d9633e475e6de4f8e148ceb4d7e "HTTP/1.1 200 OK"
2025-08-21 19:49:46,867 [INFO] HTTP Request: POST https://yolo-soft-daylight.solana-mainnet.quiknode.pro/057ff3aa7f3e3d9633e475e6de4f8e148ceb4d7e "HTTP/1.1 200 OK"
2025-08-21 19:49:52,871 [INFO] HTTP Request: POST https://yolo-soft-daylight.solana-mainnet.quiknode.pro/057ff3aa7f3e3d9633e475e6de4f8e148ceb4d7e "HTTP/1.1 200 OK"
2025-08-21 19:49:53,029 [INFO] HTTP Request: POST https://yolo-soft-daylight.solana-mainnet.quiknode.pro/057ff3aa7f3e3d9633e475e6de4f8e148ceb4d7e "HTTP/1.1 200 OK"
2025-08-21 19:49:54,299 [INFO] HTTP Request: POST https://yolo-soft-daylight.solana-mainnet.quiknode.pro/057ff3aa7f3e3d9633e475e6de4f8e148ceb4d7e "HTTP/1.1 200 OK"
2025-08-21 19:49:54,438 [INFO] HTTP Request: POST https://yolo-soft-daylight.solana-mainnet.quiknode.pro/057ff3aa7f3e3d9633e475e6de4f8e148ceb4d7e "HTTP/1.1 200 OK"
2025-08-21 19:49:55,717 [INFO] HTTP Request: POST https://yolo-soft-daylight.solana-mainnet.quiknode.pro/057ff3aa7f3e3d9633e475e6de4f8e148ceb4d7e "HTTP/1.1 200 OK"
2025-08-21 19:49:55,823 [INFO] HTTP Request: POST https://yolo-soft-daylight.solana-mainnet.quiknode.pro/057ff3aa7f3e3d9633e475e6de4f8e148ceb4d7e "HTTP/1.1 200 OK"
2025-08-21 19:50:01,886 [INFO] HTTP Request: POST https://yolo-soft-daylight.solana-mainnet.quiknode.pro/057ff3aa7f3e3d9633e475e6de4f8e148ceb4d7e "HTTP/1.1 200 OK"
2025-08-21 19:50:01,999 [INFO] HTTP Request: POST https://yolo-soft-daylight.solana-mainnet.quiknode.pro/057ff3aa7f3e3d9633e475e6de4f8e148ceb4d7e "HTTP/1.1 200 OK"
2025-08-21 19:50:03,421 [INFO] HTTP Request: POST https://yolo-soft-daylight.solana-mainnet.quiknode.pro/057ff3aa7f3e3d9633e475e6de4f8e148ceb4d7e "HTTP/1.1 200 OK"
2025-08-21 19:50:03,484 [INFO] HTTP Request: POST https://yolo-soft-daylight.solana-mainnet.quiknode.pro/057ff3aa7f3e3d9633e475e6de4f8e148ceb4d7e "HTTP/1.1 200 OK"
2025-08-21 19:50:05,049 [INFO] HTTP Request: POST https://yolo-soft-daylight.solana-mainnet.quiknode.pro/057ff3aa7f3e3d9633e475e6de4f8e148ceb4d7e "HTTP/1.1 200 OK"
2025-08-21 19:50:05,064 [INFO] HTTP Request: POST https://yolo-soft-daylight.solana-mainnet.quiknode.pro/057ff3aa7f3e3d9633e475e6de4f8e148ceb4d7e "HTTP/1.1 200 OK"
2025-08-21 19:50:11,807 [INFO] HTTP Request: POST https://yolo-soft-daylight.solana-mainnet.quiknode.pro/057ff3aa7f3e3d9633e475e6de4f8e148ceb4d7e "HTTP/1.1 200 OK"
2025-08-21 19:50:11,856 [INFO] HTTP Request: POST https://yolo-soft-daylight.solana-mainnet.quiknode.pro/057ff3aa7f3e3d9633e475e6de4f8e148ceb4d7e "HTTP/1.1 200 OK"
2025-08-21 19:50:15,008 [INFO] HTTP Request: POST https://yolo-soft-daylight.solana-mainnet.quiknode.pro/057ff3aa7f3e3d9633e475e6de4f8e148ceb4d7e "HTTP/1.1 200 OK"
2025-08-21 19:50:15,080 [INFO] HTTP Request: POST https://yolo-soft-daylight.solana-mainnet.quiknode.pro/057ff3aa7f3e3d9633e475e6de4f8e148ceb4d7e "HTTP/1.1 200 OK"
2025-08-21 19:50:17,130 [INFO] HTTP Request: POST https://yolo-soft-daylight.solana-mainnet.quiknode.pro/057ff3aa7f3e3d9633e475e6de4f8e148ceb4d7e "HTTP/1.1 200 OK"
2025-08-21 19:50:17,154 [INFO] HTTP Request: POST https://yolo-soft-daylight.solana-mainnet.quiknode.pro/057ff3aa7f3e3d9633e475e6de4f8e148ceb4d7e "HTTP/1.1 200 OK"
2025-08-21 19:50:23,317 [INFO] HTTP Request: POST https://yolo-soft-daylight.solana-mainnet.quiknode.pro/057ff3aa7f3e3d9633e475e6de4f8e148ceb4d7e "HTTP/1.1 200 OK"
2025-08-21 19:50:23,347 [INFO] HTTP Request: POST https://yolo-soft-daylight.solana-mainnet.quiknode.pro/057ff3aa7f3e3d9633e475e6de4f8e148ceb4d7e "HTTP/1.1 200 OK"
2025-08-21 19:50:25,507 [INFO] HTTP Request: POST https://yolo-soft-daylight.solana-mainnet.quiknode.pro/057ff3aa7f3e3d9633e475e6de4f8e148ceb4d7e "HTTP/1.1 200 OK"
2025-08-21 19:50:25,538 [INFO] HTTP Request: POST https://yolo-soft-daylight.solana-mainnet.quiknode.pro/057ff3aa7f3e3d9633e475e6de4f8e148ceb4d7e "HTTP/1.1 200 OK"
2025-08-21 19:50:27,716 [INFO] HTTP Request: POST https://yolo-soft-daylight.solana-mainnet.quiknode.pro/057ff3aa7f3e3d9633e475e6de4f8e148ceb4d7e "HTTP/1.1 200 OK"
2025-08-21 19:50:27,745 [INFO] HTTP Request: POST https://yolo-soft-daylight.solana-mainnet.quiknode.pro/057ff3aa7f3e3d9633e475e6de4f8e148ceb4d7e "HTTP/1.1 200 OK"
2025-08-21 19:50:34,012 [INFO] HTTP Request: POST https://yolo-soft-daylight.solana-mainnet.quiknode.pro/057ff3aa7f3e3d9633e475e6de4f8e148ceb4d7e "HTTP/1.1 200 OK"
2025-08-21 19:50:34,049 [INFO] HTTP Request: POST https://yolo-soft-daylight.solana-mainnet.quiknode.pro/057ff3aa7f3e3d9633e475e6de4f8e148ceb4d7e "HTTP/1.1 200 OK"
2025-08-21 19:50:35,391 [INFO] HTTP Request: POST https://yolo-soft-daylight.solana-mainnet.quiknode.pro/057ff3aa7f3e3d9633e475e6de4f8e148ceb4d7e "HTTP/1.1 200 OK"
2025-08-21 19:50:35,440 [INFO] HTTP Request: POST https://yolo-soft-daylight.solana-mainnet.quiknode.pro/057ff3aa7f3e3d9633e475e6de4f8e148ceb4d7e "HTTP/1.1 200 OK"
2025-08-21 19:50:37,113 [INFO] HTTP Request: POST https://yolo-soft-daylight.solana-mainnet.quiknode.pro/057ff3aa7f3e3d9633e475e6de4f8e148ceb4d7e "HTTP/1.1 200 OK"
2025-08-21 19:50:37,214 [INFO] HTTP Request: POST https://yolo-soft-daylight.solana-mainnet.quiknode.pro/057ff3aa7f3e3d9633e475e6de4f8e148ceb4d7e "HTTP/1.1 200 OK"
2025-08-21 19:50:43,295 [INFO] HTTP Request: POST https://yolo-soft-daylight.solana-mainnet.quiknode.pro/057ff3aa7f3e3d9633e475e6de4f8e148ceb4d7e "HTTP/1.1 200 OK"
2025-08-21 19:50:43,377 [INFO] HTTP Request: POST https://yolo-soft-daylight.solana-mainnet.quiknode.pro/057ff3aa7f3e3d9633e475e6de4f8e148ceb4d7e "HTTP/1.1 200 OK"
2025-08-21 19:50:44,675 [INFO] HTTP Request: POST https://yolo-soft-daylight.solana-mainnet.quiknode.pro/057ff3aa7f3e3d9633e475e6de4f8e148ceb4d7e "HTTP/1.1 200 OK"
2025-08-21 19:50:44,762 [INFO] HTTP Request: POST https://yolo-soft-daylight.solana-mainnet.quiknode.pro/057ff3aa7f3e3d9633e475e6de4f8e148ceb4d7e "HTTP/1.1 200 OK"
2025-08-21 19:50:46,015 [INFO] HTTP Request: POST https://yolo-soft-daylight.solana-mainnet.quiknode.pro/057ff3aa7f3e3d9633e475e6de4f8e148ceb4d7e "HTTP/1.1 200 OK"
2025-08-21 19:50:46,131 [INFO] HTTP Request: POST https://yolo-soft-daylight.solana-mainnet.quiknode.pro/057ff3aa7f3e3d9633e475e6de4f8e148ceb4d7e "HTTP/1.1 200 OK"
2025-08-21 19:50:52,216 [INFO] HTTP Request: POST https://yolo-soft-daylight.solana-mainnet.quiknode.pro/057ff3aa7f3e3d9633e475e6de4f8e148ceb4d7e "HTTP/1.1 200 OK"
2025-08-21 19:50:52,327 [INFO] HTTP Request: POST https://yolo-soft-daylight.solana-mainnet.quiknode.pro/057ff3aa7f3e3d9633e475e6de4f8e148ceb4d7e "HTTP/1.1 200 OK"
2025-08-21 19:50:53,622 [INFO] HTTP Request: POST https://yolo-soft-daylight.solana-mainnet.quiknode.pro/057ff3aa7f3e3d9633e475e6de4f8e148ceb4d7e "HTTP/1.1 200 OK"
2025-08-21 19:50:53,753 [INFO] HTTP Request: POST https://yolo-soft-daylight.solana-mainnet.quiknode.pro/057ff3aa7f3e3d9633e475e6de4f8e148ceb4d7e "HTTP/1.1 200 OK"
2025-08-21 19:50:54,950 [INFO] HTTP Request: POST https://yolo-soft-daylight.solana-mainnet.quiknode.pro/057ff3aa7f3e3d9633e475e6de4f8e148ceb4d7e "HTTP/1.1 200 OK"
2025-08-21 19:50:55,034 [INFO] HTTP Request: POST https://yolo-soft-daylight.solana-mainnet.quiknode.pro/057ff3aa7f3e3d9633e475e6de4f8e148ceb4d7e "HTTP/1.1 200 OK"
2025-08-21 19:51:01,047 [INFO] HTTP Request: POST https://yolo-soft-daylight.solana-mainnet.quiknode.pro/057ff3aa7f3e3d9633e475e6de4f8e148ceb4d7e "HTTP/1.1 200 OK"
2025-08-21 19:51:01,125 [INFO] HTTP Request: POST https://yolo-soft-daylight.solana-mainnet.quiknode.pro/057ff3aa7f3e3d9633e475e6de4f8e148ceb4d7e "HTTP/1.1 200 OK"
2025-08-21 19:51:02,377 [INFO] HTTP Request: POST https://yolo-soft-daylight.solana-mainnet.quiknode.pro/057ff3aa7f3e3d9633e475e6de4f8e148ceb4d7e "HTTP/1.1 200 OK"
2025-08-21 19:51:02,416 [INFO] HTTP Request: POST https://yolo-soft-daylight.solana-mainnet.quiknode.pro/057ff3aa7f3e3d9633e475e6de4f8e148ceb4d7e "HTTP/1.1 200 OK"
2025-08-21 19:51:03,681 [INFO] HTTP Request: POST https://yolo-soft-daylight.solana-mainnet.quiknode.pro/057ff3aa7f3e3d9633e475e6de4f8e148ceb4d7e "HTTP/1.1 200 OK"
2025-08-21 19:51:03,726 [INFO] HTTP Request: POST https://yolo-soft-daylight.solana-mainnet.quiknode.pro/057ff3aa7f3e3d9633e475e6de4f8e148ceb4d7e "HTTP/1.1 200 OK"
2025-08-21 19:51:09,807 [INFO] HTTP Request: POST https://yolo-soft-daylight.solana-mainnet.quiknode.pro/057ff3aa7f3e3d9633e475e6de4f8e148ceb4d7e "HTTP/1.1 200 OK"
2025-08-21 19:51:09,807 [INFO] HTTP Request: POST https://yolo-soft-daylight.solana-mainnet.quiknode.pro/057ff3aa7f3e3d9633e475e6de4f8e148ceb4d7e "HTTP/1.1 200 OK"
2025-08-21 19:51:11,123 [INFO] HTTP Request: POST https://yolo-soft-daylight.solana-mainnet.quiknode.pro/057ff3aa7f3e3d9633e475e6de4f8e148ceb4d7e "HTTP/1.1 200 OK"
2025-08-21 19:51:12,448 [INFO] HTTP Request: POST https://yolo-soft-daylight.solana-mainnet.quiknode.pro/057ff3aa7f3e3d9633e475e6de4f8e148ceb4d7e "HTTP/1.1 200 OK"
2025-08-21 19:51:12,448 [INFO] HTTP Request: POST https://yolo-soft-daylight.solana-mainnet.quiknode.pro/057ff3aa7f3e3d9633e475e6de4f8e148ceb4d7e "HTTP/1.1 200 OK"
2025-08-21 19:51:18,623 [INFO] HTTP Request: POST https://yolo-soft-daylight.solana-mainnet.quiknode.pro/057ff3aa7f3e3d9633e475e6de4f8e148ceb4d7e "HTTP/1.1 200 OK"
2025-08-21 19:51:18,623 [INFO] HTTP Request: POST https://yolo-soft-daylight.solana-mainnet.quiknode.pro/057ff3aa7f3e3d9633e475e6de4f8e148ceb4d7e "HTTP/1.1 200 OK"
2025-08-21 19:51:19,945 [INFO] HTTP Request: POST https://yolo-soft-daylight.solana-mainnet.quiknode.pro/057ff3aa7f3e3d9633e475e6de4f8e148ceb4d7e "HTTP/1.1 200 OK"
2025-08-21 19:51:19,966 [INFO] HTTP Request: POST https://yolo-soft-daylight.solana-mainnet.quiknode.pro/057ff3aa7f3e3d9633e475e6de4f8e148ceb4d7e "HTTP/1.1 200 OK"
2025-08-21 19:51:21,278 [INFO] HTTP Request: POST https://yolo-soft-daylight.solana-mainnet.quiknode.pro/057ff3aa7f3e3d9633e475e6de4f8e148ceb4d7e "HTTP/1.1 200 OK"
2025-08-21 19:51:21,278 [INFO] HTTP Request: POST https://yolo-soft-daylight.solana-mainnet.quiknode.pro/057ff3aa7f3e3d9633e475e6de4f8e148ceb4d7e "HTTP/1.1 200 OK"
2025-08-21 19:51:27,675 [INFO] HTTP Request: POST https://yolo-soft-daylight.solana-mainnet.quiknode.pro/057ff3aa7f3e3d9633e475e6de4f8e148ceb4d7e "HTTP/1.1 200 OK"
2025-08-21 19:51:27,675 [INFO] HTTP Request: POST https://yolo-soft-daylight.solana-mainnet.quiknode.pro/057ff3aa7f3e3d9633e475e6de4f8e148ceb4d7e "HTTP/1.1 200 OK"
2025-08-21 19:51:28,987 [INFO] HTTP Request: POST https://yolo-soft-daylight.solana-mainnet.quiknode.pro/057ff3aa7f3e3d9633e475e6de4f8e148ceb4d7e "HTTP/1.1 200 OK"
2025-08-21 19:51:28,987 [INFO] HTTP Request: POST https://yolo-soft-daylight.solana-mainnet.quiknode.pro/057ff3aa7f3e3d9633e475e6de4f8e148ceb4d7e "HTTP/1.1 200 OK"
2025-08-21 19:51:30,286 [INFO] HTTP Request: POST https://yolo-soft-daylight.solana-mainnet.quiknode.pro/057ff3aa7f3e3d9633e475e6de4f8e148ceb4d7e "HTTP/1.1 200 OK"
2025-08-21 19:51:30,286 [INFO] HTTP Request: POST https://yolo-soft-daylight.solana-mainnet.quiknode.pro/057ff3aa7f3e3d9633e475e6de4f8e148ceb4d7e "HTTP/1.1 200 OK"
2025-08-21 19:51:36,385 [INFO] HTTP Request: POST https://yolo-soft-daylight.solana-mainnet.quiknode.pro/057ff3aa7f3e3d9633e475e6de4f8e148ceb4d7e "HTTP/1.1 200 OK"
2025-08-21 19:51:36,385 [INFO] HTTP Request: POST https://yolo-soft-daylight.solana-mainnet.quiknode.pro/057ff3aa7f3e3d9633e475e6de4f8e148ceb4d7e "HTTP/1.1 200 OK"
2025-08-21 19:51:37,701 [INFO] HTTP Request: POST https://yolo-soft-daylight.solana-mainnet.quiknode.pro/057ff3aa7f3e3d9633e475e6de4f8e148ceb4d7e "HTTP/1.1 200 OK"
2025-08-21 19:51:39,015 [INFO] HTTP Request: POST https://yolo-soft-daylight.solana-mainnet.quiknode.pro/057ff3aa7f3e3d9633e475e6de4f8e148ceb4d7e "HTTP/1.1 200 OK"
2025-08-21 19:51:45,092 [INFO] HTTP Request: POST https://yolo-soft-daylight.solana-mainnet.quiknode.pro/057ff3aa7f3e3d9633e475e6de4f8e148ceb4d7e "HTTP/1.1 200 OK"
2025-08-21 19:51:45,092 [INFO] HTTP Request: POST https://yolo-soft-daylight.solana-mainnet.quiknode.pro/057ff3aa7f3e3d9633e475e6de4f8e148ceb4d7e "HTTP/1.1 200 OK"
2025-08-21 19:51:46,391 [INFO] HTTP Request: POST https://yolo-soft-daylight.solana-mainnet.quiknode.pro/057ff3aa7f3e3d9633e475e6de4f8e148ceb4d7e "HTTP/1.1 200 OK"
2025-08-21 19:51:46,391 [INFO] HTTP Request: POST https://yolo-soft-daylight.solana-mainnet.quiknode.pro/057ff3aa7f3e3d9633e475e6de4f8e148ceb4d7e "HTTP/1.1 200 OK"
2025-08-21 19:51:47,690 [INFO] HTTP Request: POST https://yolo-soft-daylight.solana-mainnet.quiknode.pro/057ff3aa7f3e3d9633e475e6de4f8e148ceb4d7e "HTTP/1.1 200 OK"
2025-08-21 19:51:47,690 [INFO] HTTP Request: POST https://yolo-soft-daylight.solana-mainnet.quiknode.pro/057ff3aa7f3e3d9633e475e6de4f8e148ceb4d7e "HTTP/1.1 200 OK"
2025-08-21 19:51:53,768 [INFO] HTTP Request: POST https://yolo-soft-daylight.solana-mainnet.quiknode.pro/057ff3aa7f3e3d9633e475e6de4f8e148ceb4d7e "HTTP/1.1 200 OK"
2025-08-21 19:51:53,768 [INFO] HTTP Request: POST https://yolo-soft-daylight.solana-mainnet.quiknode.pro/057ff3aa7f3e3d9633e475e6de4f8e148ceb4d7e "HTTP/1.1 200 OK"
2025-08-21 19:51:55,097 [INFO] HTTP Request: POST https://yolo-soft-daylight.solana-mainnet.quiknode.pro/057ff3aa7f3e3d9633e475e6de4f8e148ceb4d7e "HTTP/1.1 200 OK"
2025-08-21 19:51:55,097 [INFO] HTTP Request: POST https://yolo-soft-daylight.solana-mainnet.quiknode.pro/057ff3aa7f3e3d9633e475e6de4f8e148ceb4d7e "HTTP/1.1 200 OK"
2025-08-21 19:51:56,405 [INFO] HTTP Request: POST https://yolo-soft-daylight.solana-mainnet.quiknode.pro/057ff3aa7f3e3d9633e475e6de4f8e148ceb4d7e "HTTP/1.1 200 OK"
2025-08-21 19:51:56,414 [INFO] HTTP Request: POST https://yolo-soft-daylight.solana-mainnet.quiknode.pro/057ff3aa7f3e3d9633e475e6de4f8e148ceb4d7e "HTTP/1.1 200 OK"
2025-08-21 19:52:02,474 [INFO] HTTP Request: POST https://yolo-soft-daylight.solana-mainnet.quiknode.pro/057ff3aa7f3e3d9633e475e6de4f8e148ceb4d7e "HTTP/1.1 200 OK"
2025-08-21 19:52:02,474 [INFO] HTTP Request: POST https://yolo-soft-daylight.solana-mainnet.quiknode.pro/057ff3aa7f3e3d9633e475e6de4f8e148ceb4d7e "HTTP/1.1 200 OK"
2025-08-21 19:52:03,774 [INFO] HTTP Request: POST https://yolo-soft-daylight.solana-mainnet.quiknode.pro/057ff3aa7f3e3d9633e475e6de4f8e148ceb4d7e "HTTP/1.1 200 OK"
2025-08-21 19:52:03,789 [INFO] HTTP Request: POST https://yolo-soft-daylight.solana-mainnet.quiknode.pro/057ff3aa7f3e3d9633e475e6de4f8e148ceb4d7e "HTTP/1.1 200 OK"
2025-08-21 19:52:05,101 [INFO] HTTP Request: POST https://yolo-soft-daylight.solana-mainnet.quiknode.pro/057ff3aa7f3e3d9633e475e6de4f8e148ceb4d7e "HTTP/1.1 200 OK"
2025-08-21 19:52:05,106 [INFO] HTTP Request: POST https://yolo-soft-daylight.solana-mainnet.quiknode.pro/057ff3aa7f3e3d9633e475e6de4f8e148ceb4d7e "HTTP/1.1 200 OK"
2025-08-21 19:52:11,203 [INFO] HTTP Request: POST https://yolo-soft-daylight.solana-mainnet.quiknode.pro/057ff3aa7f3e3d9633e475e6de4f8e148ceb4d7e "HTTP/1.1 200 OK"
2025-08-21 19:52:11,388 [INFO] HTTP Request: POST https://yolo-soft-daylight.solana-mainnet.quiknode.pro/057ff3aa7f3e3d9633e475e6de4f8e148ceb4d7e "HTTP/1.1 200 OK"
2025-08-21 19:52:12,502 [INFO] HTTP Request: POST https://yolo-soft-daylight.solana-mainnet.quiknode.pro/057ff3aa7f3e3d9633e475e6de4f8e148ceb4d7e "HTTP/1.1 200 OK"
2025-08-21 19:52:12,684 [INFO] HTTP Request: POST https://yolo-soft-daylight.solana-mainnet.quiknode.pro/057ff3aa7f3e3d9633e475e6de4f8e148ceb4d7e "HTTP/1.1 200 OK"
2025-08-21 19:52:13,785 [INFO] HTTP Request: POST https://yolo-soft-daylight.solana-mainnet.quiknode.pro/057ff3aa7f3e3d9633e475e6de4f8e148ceb4d7e "HTTP/1.1 200 OK"
2025-08-21 19:52:15,031 [INFO] HTTP Request: POST https://yolo-soft-daylight.solana-mainnet.quiknode.pro/057ff3aa7f3e3d9633e475e6de4f8e148ceb4d7e "HTTP/1.1 200 OK"
2025-08-21 19:52:19,817 [INFO] HTTP Request: POST https://yolo-soft-daylight.solana-mainnet.quiknode.pro/057ff3aa7f3e3d9633e475e6de4f8e148ceb4d7e "HTTP/1.1 200 OK"
2025-08-21 19:52:21,108 [INFO] HTTP Request: POST https://yolo-soft-daylight.solana-mainnet.quiknode.pro/057ff3aa7f3e3d9633e475e6de4f8e148ceb4d7e "HTTP/1.1 200 OK"
2025-08-21 19:52:21,137 [INFO] HTTP Request: POST https://yolo-soft-daylight.solana-mainnet.quiknode.pro/057ff3aa7f3e3d9633e475e6de4f8e148ceb4d7e "HTTP/1.1 200 OK"
2025-08-21 19:52:22,433 [INFO] HTTP Request: POST https://yolo-soft-daylight.solana-mainnet.quiknode.pro/057ff3aa7f3e3d9633e475e6de4f8e148ceb4d7e "HTTP/1.1 200 OK"
2025-08-21 19:52:22,476 [INFO] HTTP Request: POST https://yolo-soft-daylight.solana-mainnet.quiknode.pro/057ff3aa7f3e3d9633e475e6de4f8e148ceb4d7e "HTTP/1.1 200 OK"
2025-08-21 19:52:23,728 [INFO] HTTP Request: POST https://yolo-soft-daylight.solana-mainnet.quiknode.pro/057ff3aa7f3e3d9633e475e6de4f8e148ceb4d7e "HTTP/1.1 200 OK"
2025-08-21 19:52:28,523 [INFO] HTTP Request: POST https://yolo-soft-daylight.solana-mainnet.quiknode.pro/057ff3aa7f3e3d9633e475e6de4f8e148ceb4d7e "HTTP/1.1 200 OK"
2025-08-21 19:52:29,954 [INFO] HTTP Request: POST https://yolo-soft-daylight.solana-mainnet.quiknode.pro/057ff3aa7f3e3d9633e475e6de4f8e148ceb4d7e "HTTP/1.1 200 OK"
2025-08-21 19:52:31,268 [INFO] HTTP Request: POST https://yolo-soft-daylight.solana-mainnet.quiknode.pro/057ff3aa7f3e3d9633e475e6de4f8e148ceb4d7e "HTTP/1.1 200 OK"
2025-08-21 19:52:31,334 [INFO] HTTP Request: POST https://yolo-soft-daylight.solana-mainnet.quiknode.pro/057ff3aa7f3e3d9633e475e6de4f8e148ceb4d7e "HTTP/1.1 200 OK"
2025-08-21 19:52:32,538 [INFO] HTTP Request: POST https://yolo-soft-daylight.solana-mainnet.quiknode.pro/057ff3aa7f3e3d9633e475e6de4f8e148ceb4d7e "HTTP/1.1 200 OK"
2025-08-21 19:52:33,799 [INFO] HTTP Request: POST https://yolo-soft-daylight.solana-mainnet.quiknode.pro/057ff3aa7f3e3d9633e475e6de4f8e148ceb4d7e "HTTP/1.1 200 OK"
2025-08-21 19:52:37,332 [INFO] HTTP Request: POST https://yolo-soft-daylight.solana-mainnet.quiknode.pro/057ff3aa7f3e3d9633e475e6de4f8e148ceb4d7e "HTTP/1.1 200 OK"
2025-08-21 19:52:38,578 [INFO] HTTP Request: POST https://yolo-soft-daylight.solana-mainnet.quiknode.pro/057ff3aa7f3e3d9633e475e6de4f8e148ceb4d7e "HTTP/1.1 200 OK"
2025-08-21 19:52:39,819 [INFO] HTTP Request: POST https://yolo-soft-daylight.solana-mainnet.quiknode.pro/057ff3aa7f3e3d9633e475e6de4f8e148ceb4d7e "HTTP/1.1 200 OK"
2025-08-21 19:52:39,830 [INFO] HTTP Request: POST https://yolo-soft-daylight.solana-mainnet.quiknode.pro/057ff3aa7f3e3d9633e475e6de4f8e148ceb4d7e "HTTP/1.1 200 OK"
2025-08-21 19:52:41,059 [INFO] HTTP Request: POST https://yolo-soft-daylight.solana-mainnet.quiknode.pro/057ff3aa7f3e3d9633e475e6de4f8e148ceb4d7e "HTTP/1.1 200 OK"
2025-08-21 19:52:42,314 [INFO] HTTP Request: POST https://yolo-soft-daylight.solana-mainnet.quiknode.pro/057ff3aa7f3e3d9633e475e6de4f8e148ceb4d7e "HTTP/1.1 200 OK"
2025-08-21 19:52:45,854 [INFO] HTTP Request: POST https://yolo-soft-daylight.solana-mainnet.quiknode.pro/057ff3aa7f3e3d9633e475e6de4f8e148ceb4d7e "HTTP/1.1 200 OK"
2025-08-21 19:52:47,105 [INFO] HTTP Request: POST https://yolo-soft-daylight.solana-mainnet.quiknode.pro/057ff3aa7f3e3d9633e475e6de4f8e148ceb4d7e "HTTP/1.1 200 OK"
2025-08-21 19:52:48,351 [INFO] HTTP Request: POST https://yolo-soft-daylight.solana-mainnet.quiknode.pro/057ff3aa7f3e3d9633e475e6de4f8e148ceb4d7e "HTTP/1.1 200 OK"
2025-08-21 19:52:48,405 [INFO] HTTP Request: POST https://yolo-soft-daylight.solana-mainnet.quiknode.pro/057ff3aa7f3e3d9633e475e6de4f8e148ceb4d7e "HTTP/1.1 200 OK"
2025-08-21 19:52:49,620 [INFO] HTTP Request: POST https://yolo-soft-daylight.solana-mainnet.quiknode.pro/057ff3aa7f3e3d9633e475e6de4f8e148ceb4d7e "HTTP/1.1 200 OK"
2025-08-21 19:52:50,865 [INFO] HTTP Request: POST https://yolo-soft-daylight.solana-mainnet.quiknode.pro/057ff3aa7f3e3d9633e475e6de4f8e148ceb4d7e "HTTP/1.1 200 OK"
2025-08-21 19:52:54,415 [INFO] HTTP Request: POST https://yolo-soft-daylight.solana-mainnet.quiknode.pro/057ff3aa7f3e3d9633e475e6de4f8e148ceb4d7e "HTTP/1.1 200 OK"
2025-08-21 19:52:55,661 [INFO] HTTP Request: POST https://yolo-soft-daylight.solana-mainnet.quiknode.pro/057ff3aa7f3e3d9633e475e6de4f8e148ceb4d7e "HTTP/1.1 200 OK"
2025-08-21 19:52:56,912 [INFO] HTTP Request: POST https://yolo-soft-daylight.solana-mainnet.quiknode.pro/057ff3aa7f3e3d9633e475e6de4f8e148ceb4d7e "HTTP/1.1 200 OK"
2025-08-21 19:52:56,912 [INFO] HTTP Request: POST https://yolo-soft-daylight.solana-mainnet.quiknode.pro/057ff3aa7f3e3d9633e475e6de4f8e148ceb4d7e "HTTP/1.1 200 OK"
2025-08-21 19:52:58,179 [INFO] HTTP Request: POST https://yolo-soft-daylight.solana-mainnet.quiknode.pro/057ff3aa7f3e3d9633e475e6de4f8e148ceb4d7e "HTTP/1.1 200 OK"
2025-08-21 19:52:59,410 [INFO] HTTP Request: POST https://yolo-soft-daylight.solana-mainnet.quiknode.pro/057ff3aa7f3e3d9633e475e6de4f8e148ceb4d7e "HTTP/1.1 200 OK"
2025-08-21 19:53:02,938 [INFO] HTTP Request: POST https://yolo-soft-daylight.solana-mainnet.quiknode.pro/057ff3aa7f3e3d9633e475e6de4f8e148ceb4d7e "HTTP/1.1 200 OK"
2025-08-21 19:53:04,206 [INFO] HTTP Request: POST https://yolo-soft-daylight.solana-mainnet.quiknode.pro/057ff3aa7f3e3d9633e475e6de4f8e148ceb4d7e "HTTP/1.1 200 OK"
2025-08-21 19:53:05,553 [INFO] HTTP Request: POST https://yolo-soft-daylight.solana-mainnet.quiknode.pro/057ff3aa7f3e3d9633e475e6de4f8e148ceb4d7e "HTTP/1.1 200 OK"
2025-08-21 19:53:05,554 [INFO] HTTP Request: POST https://yolo-soft-daylight.solana-mainnet.quiknode.pro/057ff3aa7f3e3d9633e475e6de4f8e148ceb4d7e "HTTP/1.1 200 OK"
2025-08-21 19:53:06,820 [INFO] HTTP Request: POST https://yolo-soft-daylight.solana-mainnet.quiknode.pro/057ff3aa7f3e3d9633e475e6de4f8e148ceb4d7e "HTTP/1.1 200 OK"
2025-08-21 19:53:08,055 [INFO] HTTP Request: POST https://yolo-soft-daylight.solana-mainnet.quiknode.pro/057ff3aa7f3e3d9633e475e6de4f8e148ceb4d7e "HTTP/1.1 200 OK"
2025-08-21 19:53:11,582 [INFO] HTTP Request: POST https://yolo-soft-daylight.solana-mainnet.quiknode.pro/057ff3aa7f3e3d9633e475e6de4f8e148ceb4d7e "HTTP/1.1 200 OK"
2025-08-21 19:53:12,813 [INFO] HTTP Request: POST https://yolo-soft-daylight.solana-mainnet.quiknode.pro/057ff3aa7f3e3d9633e475e6de4f8e148ceb4d7e "HTTP/1.1 200 OK"
2025-08-21 19:53:14,096 [INFO] HTTP Request: POST https://yolo-soft-daylight.solana-mainnet.quiknode.pro/057ff3aa7f3e3d9633e475e6de4f8e148ceb4d7e "HTTP/1.1 200 OK"
2025-08-21 19:53:14,150 [INFO] HTTP Request: POST https://yolo-soft-daylight.solana-mainnet.quiknode.pro/057ff3aa7f3e3d9633e475e6de4f8e148ceb4d7e "HTTP/1.1 200 OK"
2025-08-21 19:53:15,395 [INFO] HTTP Request: POST https://yolo-soft-daylight.solana-mainnet.quiknode.pro/057ff3aa7f3e3d9633e475e6de4f8e148ceb4d7e "HTTP/1.1 200 OK"
2025-08-21 19:53:16,695 [INFO] HTTP Request: POST https://yolo-soft-daylight.solana-mainnet.quiknode.pro/057ff3aa7f3e3d9633e475e6de4f8e148ceb4d7e "HTTP/1.1 200 OK"
2025-08-21 19:53:20,095 [INFO] HTTP Request: POST https://yolo-soft-daylight.solana-mainnet.quiknode.pro/057ff3aa7f3e3d9633e475e6de4f8e148ceb4d7e "HTTP/1.1 200 OK"
2025-08-21 19:53:21,327 [INFO] HTTP Request: POST https://yolo-soft-daylight.solana-mainnet.quiknode.pro/057ff3aa7f3e3d9633e475e6de4f8e148ceb4d7e "HTTP/1.1 200 OK"
2025-08-21 19:53:22,608 [INFO] HTTP Request: POST https://yolo-soft-daylight.solana-mainnet.quiknode.pro/057ff3aa7f3e3d9633e475e6de4f8e148ceb4d7e "HTTP/1.1 200 OK"
2025-08-21 19:53:22,725 [INFO] HTTP Request: POST https://yolo-soft-daylight.solana-mainnet.quiknode.pro/057ff3aa7f3e3d9633e475e6de4f8e148ceb4d7e "HTTP/1.1 200 OK"
2025-08-21 19:53:23,970 [INFO] HTTP Request: POST https://yolo-soft-daylight.solana-mainnet.quiknode.pro/057ff3aa7f3e3d9633e475e6de4f8e148ceb4d7e "HTTP/1.1 200 OK"
2025-08-21 19:53:25,222 [INFO] HTTP Request: POST https://yolo-soft-daylight.solana-mainnet.quiknode.pro/057ff3aa7f3e3d9633e475e6de4f8e148ceb4d7e "HTTP/1.1 200 OK"
2025-08-21 19:53:28,638 [INFO] HTTP Request: POST https://yolo-soft-daylight.solana-mainnet.quiknode.pro/057ff3aa7f3e3d9633e475e6de4f8e148ceb4d7e "HTTP/1.1 200 OK"
2025-08-21 19:53:30,216 [INFO] HTTP Request: POST https://yolo-soft-daylight.solana-mainnet.quiknode.pro/057ff3aa7f3e3d9633e475e6de4f8e148ceb4d7e "HTTP/1.1 200 OK"
2025-08-21 19:53:31,267 [INFO] HTTP Request: POST https://yolo-soft-daylight.solana-mainnet.quiknode.pro/057ff3aa7f3e3d9633e475e6de4f8e148ceb4d7e "HTTP/1.1 200 OK"
2025-08-21 19:53:31,515 [INFO] HTTP Request: POST https://yolo-soft-daylight.solana-mainnet.quiknode.pro/057ff3aa7f3e3d9633e475e6de4f8e148ceb4d7e "HTTP/1.1 200 OK"
2025-08-21 19:53:32,496 [INFO] HTTP Request: POST https://yolo-soft-daylight.solana-mainnet.quiknode.pro/057ff3aa7f3e3d9633e475e6de4f8e148ceb4d7e "HTTP/1.1 200 OK"
2025-08-21 19:53:33,780 [INFO] HTTP Request: POST https://yolo-soft-daylight.solana-mainnet.quiknode.pro/057ff3aa7f3e3d9633e475e6de4f8e148ceb4d7e "HTTP/1.1 200 OK"
2025-08-21 19:53:37,530 [INFO] HTTP Request: POST https://yolo-soft-daylight.solana-mainnet.quiknode.pro/057ff3aa7f3e3d9633e475e6de4f8e148ceb4d7e "HTTP/1.1 200 OK"
2025-08-21 19:53:38,808 [INFO] HTTP Request: POST https://yolo-soft-daylight.solana-mainnet.quiknode.pro/057ff3aa7f3e3d9633e475e6de4f8e148ceb4d7e "HTTP/1.1 200 OK"
2025-08-21 19:53:39,843 [INFO] HTTP Request: POST https://yolo-soft-daylight.solana-mainnet.quiknode.pro/057ff3aa7f3e3d9633e475e6de4f8e148ceb4d7e "HTTP/1.1 200 OK"
2025-08-21 19:53:40,122 [INFO] HTTP Request: POST https://yolo-soft-daylight.solana-mainnet.quiknode.pro/057ff3aa7f3e3d9633e475e6de4f8e148ceb4d7e "HTTP/1.1 200 OK"
2025-08-21 19:53:41,089 [INFO] HTTP Request: POST https://yolo-soft-daylight.solana-mainnet.quiknode.pro/057ff3aa7f3e3d9633e475e6de4f8e148ceb4d7e "HTTP/1.1 200 OK"
2025-08-21 19:53:42,319 [INFO] HTTP Request: POST https://yolo-soft-daylight.solana-mainnet.quiknode.pro/057ff3aa7f3e3d9633e475e6de4f8e148ceb4d7e "HTTP/1.1 200 OK"
2025-08-21 19:53:46,121 [INFO] HTTP Request: POST https://yolo-soft-daylight.solana-mainnet.quiknode.pro/057ff3aa7f3e3d9633e475e6de4f8e148ceb4d7e "HTTP/1.1 200 OK"
2025-08-21 19:53:47,400 [INFO] HTTP Request: POST https://yolo-soft-daylight.solana-mainnet.quiknode.pro/057ff3aa7f3e3d9633e475e6de4f8e148ceb4d7e "HTTP/1.1 200 OK"
2025-08-21 19:53:48,402 [INFO] HTTP Request: POST https://yolo-soft-daylight.solana-mainnet.quiknode.pro/057ff3aa7f3e3d9633e475e6de4f8e148ceb4d7e "HTTP/1.1 200 OK"
2025-08-21 19:53:48,704 [INFO] HTTP Request: POST https://yolo-soft-daylight.solana-mainnet.quiknode.pro/057ff3aa7f3e3d9633e475e6de4f8e148ceb4d7e "HTTP/1.1 200 OK"
2025-08-21 19:53:49,717 [INFO] HTTP Request: POST https://yolo-soft-daylight.solana-mainnet.quiknode.pro/057ff3aa7f3e3d9633e475e6de4f8e148ceb4d7e "HTTP/1.1 200 OK"
2025-08-21 19:53:50,980 [INFO] HTTP Request: POST https://yolo-soft-daylight.solana-mainnet.quiknode.pro/057ff3aa7f3e3d9633e475e6de4f8e148ceb4d7e "HTTP/1.1 200 OK"
2025-08-21 19:53:54,712 [INFO] HTTP Request: POST https://yolo-soft-daylight.solana-mainnet.quiknode.pro/057ff3aa7f3e3d9633e475e6de4f8e148ceb4d7e "HTTP/1.1 200 OK"
2025-08-21 19:53:55,958 [INFO] HTTP Request: POST https://yolo-soft-daylight.solana-mainnet.quiknode.pro/057ff3aa7f3e3d9633e475e6de4f8e148ceb4d7e "HTTP/1.1 200 OK"
2025-08-21 19:53:57,049 [INFO] HTTP Request: POST https://yolo-soft-daylight.solana-mainnet.quiknode.pro/057ff3aa7f3e3d9633e475e6de4f8e148ceb4d7e "HTTP/1.1 200 OK"
2025-08-21 19:53:57,262 [INFO] HTTP Request: POST https://yolo-soft-daylight.solana-mainnet.quiknode.pro/057ff3aa7f3e3d9633e475e6de4f8e148ceb4d7e "HTTP/1.1 200 OK"
2025-08-21 19:53:58,293 [INFO] HTTP Request: POST https://yolo-soft-daylight.solana-mainnet.quiknode.pro/057ff3aa7f3e3d9633e475e6de4f8e148ceb4d7e "HTTP/1.1 200 OK"
2025-08-21 19:53:59,560 [INFO] HTTP Request: POST https://yolo-soft-daylight.solana-mainnet.quiknode.pro/057ff3aa7f3e3d9633e475e6de4f8e148ceb4d7e "HTTP/1.1 200 OK"
2025-08-21 19:54:03,256 [INFO] HTTP Request: POST https://yolo-soft-daylight.solana-mainnet.quiknode.pro/057ff3aa7f3e3d9633e475e6de4f8e148ceb4d7e "HTTP/1.1 200 OK"
2025-08-21 19:54:04,535 [INFO] HTTP Request: POST https://yolo-soft-daylight.solana-mainnet.quiknode.pro/057ff3aa7f3e3d9633e475e6de4f8e148ceb4d7e "HTTP/1.1 200 OK"
2025-08-21 19:54:05,670 [INFO] HTTP Request: POST https://yolo-soft-daylight.solana-mainnet.quiknode.pro/057ff3aa7f3e3d9633e475e6de4f8e148ceb4d7e "HTTP/1.1 200 OK"
2025-08-21 19:54:05,855 [INFO] HTTP Request: POST https://yolo-soft-daylight.solana-mainnet.quiknode.pro/057ff3aa7f3e3d9633e475e6de4f8e148ceb4d7e "HTTP/1.1 200 OK"
2025-08-21 19:54:06,935 [INFO] HTTP Request: POST https://yolo-soft-daylight.solana-mainnet.quiknode.pro/057ff3aa7f3e3d9633e475e6de4f8e148ceb4d7e "HTTP/1.1 200 OK"
2025-08-21 19:54:08,167 [INFO] HTTP Request: POST https://yolo-soft-daylight.solana-mainnet.quiknode.pro/057ff3aa7f3e3d9633e475e6de4f8e148ceb4d7e "HTTP/1.1 200 OK"
2025-08-21 19:54:11,880 [INFO] HTTP Request: POST https://yolo-soft-daylight.solana-mainnet.quiknode.pro/057ff3aa7f3e3d9633e475e6de4f8e148ceb4d7e "HTTP/1.1 200 OK"
2025-08-21 19:54:13,146 [INFO] HTTP Request: POST https://yolo-soft-daylight.solana-mainnet.quiknode.pro/057ff3aa7f3e3d9633e475e6de4f8e148ceb4d7e "HTTP/1.1 200 OK"
2025-08-21 19:54:14,246 [INFO] HTTP Request: POST https://yolo-soft-daylight.solana-mainnet.quiknode.pro/057ff3aa7f3e3d9633e475e6de4f8e148ceb4d7e "HTTP/1.1 200 OK"
2025-08-21 19:54:14,447 [INFO] HTTP Request: POST https://yolo-soft-daylight.solana-mainnet.quiknode.pro/057ff3aa7f3e3d9633e475e6de4f8e148ceb4d7e "HTTP/1.1 200 OK"
2025-08-21 19:54:15,492 [INFO] HTTP Request: POST https://yolo-soft-daylight.solana-mainnet.quiknode.pro/057ff3aa7f3e3d9633e475e6de4f8e148ceb4d7e "HTTP/1.1 200 OK"
2025-08-21 19:54:16,744 [INFO] HTTP Request: POST https://yolo-soft-daylight.solana-mainnet.quiknode.pro/057ff3aa7f3e3d9633e475e6de4f8e148ceb4d7e "HTTP/1.1 200 OK"
2025-08-21 19:54:20,439 [INFO] HTTP Request: POST https://yolo-soft-daylight.solana-mainnet.quiknode.pro/057ff3aa7f3e3d9633e475e6de4f8e148ceb4d7e "HTTP/1.1 200 OK"
2025-08-21 19:54:21,785 [INFO] HTTP Request: POST https://yolo-soft-daylight.solana-mainnet.quiknode.pro/057ff3aa7f3e3d9633e475e6de4f8e148ceb4d7e "HTTP/1.1 200 OK"
2025-08-21 19:54:22,821 [INFO] HTTP Request: POST https://yolo-soft-daylight.solana-mainnet.quiknode.pro/057ff3aa7f3e3d9633e475e6de4f8e148ceb4d7e "HTTP/1.1 200 OK"
2025-08-21 19:54:23,137 [INFO] HTTP Request: POST https://yolo-soft-daylight.solana-mainnet.quiknode.pro/057ff3aa7f3e3d9633e475e6de4f8e148ceb4d7e "HTTP/1.1 200 OK"
2025-08-21 19:54:24,072 [INFO] HTTP Request: POST https://yolo-soft-daylight.solana-mainnet.quiknode.pro/057ff3aa7f3e3d9633e475e6de4f8e148ceb4d7e "HTTP/1.1 200 OK"
2025-08-21 19:54:25,368 [INFO] HTTP Request: POST https://yolo-soft-daylight.solana-mainnet.quiknode.pro/057ff3aa7f3e3d9633e475e6de4f8e148ceb4d7e "HTTP/1.1 200 OK"
2025-08-21 19:54:29,146 [INFO] HTTP Request: POST https://yolo-soft-daylight.solana-mainnet.quiknode.pro/057ff3aa7f3e3d9633e475e6de4f8e148ceb4d7e "HTTP/1.1 200 OK"
2025-08-21 19:54:30,382 [INFO] HTTP Request: POST https://yolo-soft-daylight.solana-mainnet.quiknode.pro/057ff3aa7f3e3d9633e475e6de4f8e148ceb4d7e "HTTP/1.1 200 OK"
2025-08-21 19:54:31,465 [INFO] HTTP Request: POST https://yolo-soft-daylight.solana-mainnet.quiknode.pro/057ff3aa7f3e3d9633e475e6de4f8e148ceb4d7e "HTTP/1.1 200 OK"
2025-08-21 19:54:31,697 [INFO] HTTP Request: POST https://yolo-soft-daylight.solana-mainnet.quiknode.pro/057ff3aa7f3e3d9633e475e6de4f8e148ceb4d7e "HTTP/1.1 200 OK"
2025-08-21 19:54:32,731 [INFO] HTTP Request: POST https://yolo-soft-daylight.solana-mainnet.quiknode.pro/057ff3aa7f3e3d9633e475e6de4f8e148ceb4d7e "HTTP/1.1 200 OK"
2025-08-21 19:54:33,977 [INFO] HTTP Request: POST https://yolo-soft-daylight.solana-mainnet.quiknode.pro/057ff3aa7f3e3d9633e475e6de4f8e148ceb4d7e "HTTP/1.1 200 OK"
2025-08-21 19:54:37,690 [INFO] HTTP Request: POST https://yolo-soft-daylight.solana-mainnet.quiknode.pro/057ff3aa7f3e3d9633e475e6de4f8e148ceb4d7e "HTTP/1.1 200 OK"
2025-08-21 19:54:38,926 [INFO] HTTP Request: POST https://yolo-soft-daylight.solana-mainnet.quiknode.pro/057ff3aa7f3e3d9633e475e6de4f8e148ceb4d7e "HTTP/1.1 200 OK"
2025-08-21 19:54:40,040 [INFO] HTTP Request: POST https://yolo-soft-daylight.solana-mainnet.quiknode.pro/057ff3aa7f3e3d9633e475e6de4f8e148ceb4d7e "HTTP/1.1 200 OK"
2025-08-21 19:54:40,256 [INFO] HTTP Request: POST https://yolo-soft-daylight.solana-mainnet.quiknode.pro/057ff3aa7f3e3d9633e475e6de4f8e148ceb4d7e "HTTP/1.1 200 OK"
2025-08-21 19:54:41,291 [INFO] HTTP Request: POST https://yolo-soft-daylight.solana-mainnet.quiknode.pro/057ff3aa7f3e3d9633e475e6de4f8e148ceb4d7e "HTTP/1.1 200 OK"
2025-08-21 19:54:42,535 [INFO] HTTP Request: POST https://yolo-soft-daylight.solana-mainnet.quiknode.pro/057ff3aa7f3e3d9633e475e6de4f8e148ceb4d7e "HTTP/1.1 200 OK"
2025-08-21 19:54:46,316 [INFO] HTTP Request: POST https://yolo-soft-daylight.solana-mainnet.quiknode.pro/057ff3aa7f3e3d9633e475e6de4f8e148ceb4d7e "HTTP/1.1 200 OK"
2025-08-21 19:54:47,585 [INFO] HTTP Request: POST https://yolo-soft-daylight.solana-mainnet.quiknode.pro/057ff3aa7f3e3d9633e475e6de4f8e148ceb4d7e "HTTP/1.1 200 OK"
2025-08-21 19:54:48,614 [INFO] HTTP Request: POST https://yolo-soft-daylight.solana-mainnet.quiknode.pro/057ff3aa7f3e3d9633e475e6de4f8e148ceb4d7e "HTTP/1.1 200 OK"
2025-08-21 19:54:48,895 [INFO] HTTP Request: POST https://yolo-soft-daylight.solana-mainnet.quiknode.pro/057ff3aa7f3e3d9633e475e6de4f8e148ceb4d7e "HTTP/1.1 200 OK"
2025-08-21 19:54:49,846 [INFO] HTTP Request: POST https://yolo-soft-daylight.solana-mainnet.quiknode.pro/057ff3aa7f3e3d9633e475e6de4f8e148ceb4d7e "HTTP/1.1 200 OK"
2025-08-21 19:54:51,129 [INFO] HTTP Request: POST https://yolo-soft-daylight.solana-mainnet.quiknode.pro/057ff3aa7f3e3d9633e475e6de4f8e148ceb4d7e "HTTP/1.1 200 OK"
2025-08-21 19:54:54,878 [INFO] HTTP Request: POST https://yolo-soft-daylight.solana-mainnet.quiknode.pro/057ff3aa7f3e3d9633e475e6de4f8e148ceb4d7e "HTTP/1.1 200 OK"
2025-08-21 19:54:56,157 [INFO] HTTP Request: POST https://yolo-soft-daylight.solana-mainnet.quiknode.pro/057ff3aa7f3e3d9633e475e6de4f8e148ceb4d7e "HTTP/1.1 200 OK"
2025-08-21 19:54:57,190 [INFO] HTTP Request: POST https://yolo-soft-daylight.solana-mainnet.quiknode.pro/057ff3aa7f3e3d9633e475e6de4f8e148ceb4d7e "HTTP/1.1 200 OK"
2025-08-21 19:54:57,492 [INFO] HTTP Request: POST https://yolo-soft-daylight.solana-mainnet.quiknode.pro/057ff3aa7f3e3d9633e475e6de4f8e148ceb4d7e "HTTP/1.1 200 OK"
2025-08-21 19:54:58,405 [INFO] HTTP Request: POST https://yolo-soft-daylight.solana-mainnet.quiknode.pro/057ff3aa7f3e3d9633e475e6de4f8e148ceb4d7e "HTTP/1.1 200 OK"
2025-08-21 19:54:59,641 [INFO] HTTP Request: POST https://yolo-soft-daylight.solana-mainnet.quiknode.pro/057ff3aa7f3e3d9633e475e6de4f8e148ceb4d7e "HTTP/1.1 200 OK"
2025-08-21 19:55:03,517 [INFO] HTTP Request: POST https://yolo-soft-daylight.solana-mainnet.quiknode.pro/057ff3aa7f3e3d9633e475e6de4f8e148ceb4d7e "HTTP/1.1 200 OK"
2025-08-21 19:55:04,853 [INFO] HTTP Request: POST https://yolo-soft-daylight.solana-mainnet.quiknode.pro/057ff3aa7f3e3d9633e475e6de4f8e148ceb4d7e "HTTP/1.1 200 OK"
2025-08-21 19:55:05,734 [INFO] HTTP Request: POST https://yolo-soft-daylight.solana-mainnet.quiknode.pro/057ff3aa7f3e3d9633e475e6de4f8e148ceb4d7e "HTTP/1.1 200 OK"
2025-08-21 19:55:06,152 [INFO] HTTP Request: POST https://yolo-soft-daylight.solana-mainnet.quiknode.pro/057ff3aa7f3e3d9633e475e6de4f8e148ceb4d7e "HTTP/1.1 200 OK"
2025-08-21 19:55:06,980 [INFO] HTTP Request: POST https://yolo-soft-daylight.solana-mainnet.quiknode.pro/057ff3aa7f3e3d9633e475e6de4f8e148ceb4d7e "HTTP/1.1 200 OK"
2025-08-21 19:55:08,233 [INFO] HTTP Request: POST https://yolo-soft-daylight.solana-mainnet.quiknode.pro/057ff3aa7f3e3d9633e475e6de4f8e148ceb4d7e "HTTP/1.1 200 OK"
2025-08-21 19:55:12,175 [INFO] HTTP Request: POST https://yolo-soft-daylight.solana-mainnet.quiknode.pro/057ff3aa7f3e3d9633e475e6de4f8e148ceb4d7e "HTTP/1.1 200 OK"
2025-08-21 19:55:13,412 [INFO] HTTP Request: POST https://yolo-soft-daylight.solana-mainnet.quiknode.pro/057ff3aa7f3e3d9633e475e6de4f8e148ceb4d7e "HTTP/1.1 200 OK"
2025-08-21 19:55:14,309 [INFO] HTTP Request: POST https://yolo-soft-daylight.solana-mainnet.quiknode.pro/057ff3aa7f3e3d9633e475e6de4f8e148ceb4d7e "HTTP/1.1 200 OK"
2025-08-21 19:55:14,710 [INFO] HTTP Request: POST https://yolo-soft-daylight.solana-mainnet.quiknode.pro/057ff3aa7f3e3d9633e475e6de4f8e148ceb4d7e "HTTP/1.1 200 OK"
2025-08-21 19:55:15,556 [INFO] HTTP Request: POST https://yolo-soft-daylight.solana-mainnet.quiknode.pro/057ff3aa7f3e3d9633e475e6de4f8e148ceb4d7e "HTTP/1.1 200 OK"
2025-08-21 19:55:16,776 [INFO] HTTP Request: POST https://yolo-soft-daylight.solana-mainnet.quiknode.pro/057ff3aa7f3e3d9633e475e6de4f8e148ceb4d7e "HTTP/1.1 200 OK"
2025-08-21 19:55:20,758 [INFO] HTTP Request: POST https://yolo-soft-daylight.solana-mainnet.quiknode.pro/057ff3aa7f3e3d9633e475e6de4f8e148ceb4d7e "HTTP/1.1 200 OK"
2025-08-21 19:55:22,058 [INFO] HTTP Request: POST https://yolo-soft-daylight.solana-mainnet.quiknode.pro/057ff3aa7f3e3d9633e475e6de4f8e148ceb4d7e "HTTP/1.1 200 OK"
2025-08-21 19:55:22,928 [INFO] HTTP Request: POST https://yolo-soft-daylight.solana-mainnet.quiknode.pro/057ff3aa7f3e3d9633e475e6de4f8e148ceb4d7e "HTTP/1.1 200 OK"
2025-08-21 19:55:23,434 [INFO] HTTP Request: POST https://yolo-soft-daylight.solana-mainnet.quiknode.pro/057ff3aa7f3e3d9633e475e6de4f8e148ceb4d7e "HTTP/1.1 200 OK"
2025-08-21 19:55:24,220 [INFO] HTTP Request: POST https://yolo-soft-daylight.solana-mainnet.quiknode.pro/057ff3aa7f3e3d9633e475e6de4f8e148ceb4d7e "HTTP/1.1 200 OK"
2025-08-21 19:55:25,519 [INFO] HTTP Request: POST https://yolo-soft-daylight.solana-mainnet.quiknode.pro/057ff3aa7f3e3d9633e475e6de4f8e148ceb4d7e "HTTP/1.1 200 OK"
2025-08-21 19:55:29,718 [INFO] HTTP Request: POST https://yolo-soft-daylight.solana-mainnet.quiknode.pro/057ff3aa7f3e3d9633e475e6de4f8e148ceb4d7e "HTTP/1.1 200 OK"
2025-08-21 19:55:31,118 [INFO] HTTP Request: POST https://yolo-soft-daylight.solana-mainnet.quiknode.pro/057ff3aa7f3e3d9633e475e6de4f8e148ceb4d7e "HTTP/1.1 200 OK"
2025-08-21 19:55:31,778 [INFO] HTTP Request: POST https://yolo-soft-daylight.solana-mainnet.quiknode.pro/057ff3aa7f3e3d9633e475e6de4f8e148ceb4d7e "HTTP/1.1 200 OK"
2025-08-21 19:55:32,510 [INFO] HTTP Request: POST https://yolo-soft-daylight.solana-mainnet.quiknode.pro/057ff3aa7f3e3d9633e475e6de4f8e148ceb4d7e "HTTP/1.1 200 OK"
2025-08-21 19:55:33,162 [INFO] HTTP Request: POST https://yolo-soft-daylight.solana-mainnet.quiknode.pro/057ff3aa7f3e3d9633e475e6de4f8e148ceb4d7e "HTTP/1.1 200 OK"
2025-08-21 19:55:34,596 [INFO] HTTP Request: POST https://yolo-soft-daylight.solana-mainnet.quiknode.pro/057ff3aa7f3e3d9633e475e6de4f8e148ceb4d7e "HTTP/1.1 200 OK"
2025-08-21 19:55:38,759 [INFO] HTTP Request: POST https://yolo-soft-daylight.solana-mainnet.quiknode.pro/057ff3aa7f3e3d9633e475e6de4f8e148ceb4d7e "HTTP/1.1 200 OK"
2025-08-21 19:55:40,174 [INFO] HTTP Request: POST https://yolo-soft-daylight.solana-mainnet.quiknode.pro/057ff3aa7f3e3d9633e475e6de4f8e148ceb4d7e "HTTP/1.1 200 OK"
2025-08-21 19:55:40,674 [INFO] HTTP Request: POST https://yolo-soft-daylight.solana-mainnet.quiknode.pro/057ff3aa7f3e3d9633e475e6de4f8e148ceb4d7e "HTTP/1.1 200 OK"
2025-08-21 19:55:41,720 [INFO] HTTP Request: POST https://yolo-soft-daylight.solana-mainnet.quiknode.pro/057ff3aa7f3e3d9633e475e6de4f8e148ceb4d7e "HTTP/1.1 200 OK"
2025-08-21 19:55:42,428 [INFO] HTTP Request: POST https://yolo-soft-daylight.solana-mainnet.quiknode.pro/057ff3aa7f3e3d9633e475e6de4f8e148ceb4d7e "HTTP/1.1 200 OK"
2025-08-21 19:55:43,678 [INFO] HTTP Request: POST https://yolo-soft-daylight.solana-mainnet.quiknode.pro/057ff3aa7f3e3d9633e475e6de4f8e148ceb4d7e "HTTP/1.1 200 OK"
2025-08-21 19:55:47,716 [INFO] HTTP Request: POST https://yolo-soft-daylight.solana-mainnet.quiknode.pro/057ff3aa7f3e3d9633e475e6de4f8e148ceb4d7e "HTTP/1.1 200 OK"
2025-08-21 19:55:48,997 [INFO] HTTP Request: POST https://yolo-soft-daylight.solana-mainnet.quiknode.pro/057ff3aa7f3e3d9633e475e6de4f8e148ceb4d7e "HTTP/1.1 200 OK"
2025-08-21 19:55:49,732 [INFO] HTTP Request: POST https://yolo-soft-daylight.solana-mainnet.quiknode.pro/057ff3aa7f3e3d9633e475e6de4f8e148ceb4d7e "HTTP/1.1 200 OK"
2025-08-21 19:55:50,295 [INFO] HTTP Request: POST https://yolo-soft-daylight.solana-mainnet.quiknode.pro/057ff3aa7f3e3d9633e475e6de4f8e148ceb4d7e "HTTP/1.1 200 OK"
2025-08-21 19:55:50,983 [INFO] HTTP Request: POST https://yolo-soft-daylight.solana-mainnet.quiknode.pro/057ff3aa7f3e3d9633e475e6de4f8e148ceb4d7e "HTTP/1.1 200 OK"
2025-08-21 19:55:52,390 [INFO] HTTP Request: POST https://yolo-soft-daylight.solana-mainnet.quiknode.pro/057ff3aa7f3e3d9633e475e6de4f8e148ceb4d7e "HTTP/1.1 200 OK"
2025-08-21 19:55:56,313 [INFO] HTTP Request: POST https://yolo-soft-daylight.solana-mainnet.quiknode.pro/057ff3aa7f3e3d9633e475e6de4f8e148ceb4d7e "HTTP/1.1 200 OK"
2025-08-21 19:55:57,564 [INFO] HTTP Request: POST https://yolo-soft-daylight.solana-mainnet.quiknode.pro/057ff3aa7f3e3d9633e475e6de4f8e148ceb4d7e "HTTP/1.1 200 OK"
2025-08-21 19:55:58,461 [INFO] HTTP Request: POST https://yolo-soft-daylight.solana-mainnet.quiknode.pro/057ff3aa7f3e3d9633e475e6de4f8e148ceb4d7e "HTTP/1.1 200 OK"
2025-08-21 19:55:58,883 [INFO] HTTP Request: POST https://yolo-soft-daylight.solana-mainnet.quiknode.pro/057ff3aa7f3e3d9633e475e6de4f8e148ceb4d7e "HTTP/1.1 200 OK"
2025-08-21 19:55:59,711 [INFO] HTTP Request: POST https://yolo-soft-daylight.solana-mainnet.quiknode.pro/057ff3aa7f3e3d9633e475e6de4f8e148ceb4d7e "HTTP/1.1 200 OK"
2025-08-21 19:56:01,045 [INFO] HTTP Request: POST https://yolo-soft-daylight.solana-mainnet.quiknode.pro/057ff3aa7f3e3d9633e475e6de4f8e148ceb4d7e "HTTP/1.1 200 OK"
2025-08-21 19:56:04,989 [INFO] HTTP Request: POST https://yolo-soft-daylight.solana-mainnet.quiknode.pro/057ff3aa7f3e3d9633e475e6de4f8e148ceb4d7e "HTTP/1.1 200 OK"
2025-08-21 19:56:06,302 [INFO] HTTP Request: POST https://yolo-soft-daylight.solana-mainnet.quiknode.pro/057ff3aa7f3e3d9633e475e6de4f8e148ceb4d7e "HTTP/1.1 200 OK"
2025-08-21 19:56:07,084 [INFO] HTTP Request: POST https://yolo-soft-daylight.solana-mainnet.quiknode.pro/057ff3aa7f3e3d9633e475e6de4f8e148ceb4d7e "HTTP/1.1 200 OK"
2025-08-21 19:56:07,568 [INFO] HTTP Request: POST https://yolo-soft-daylight.solana-mainnet.quiknode.pro/057ff3aa7f3e3d9633e475e6de4f8e148ceb4d7e "HTTP/1.1 200 OK"
2025-08-21 19:56:08,321 [INFO] HTTP Request: POST https://yolo-soft-daylight.solana-mainnet.quiknode.pro/057ff3aa7f3e3d9633e475e6de4f8e148ceb4d7e "HTTP/1.1 200 OK"
2025-08-21 19:56:09,653 [INFO] HTTP Request: POST https://yolo-soft-daylight.solana-mainnet.quiknode.pro/057ff3aa7f3e3d9633e475e6de4f8e148ceb4d7e "HTTP/1.1 200 OK"
2025-08-21 19:56:13,616 [INFO] HTTP Request: POST https://yolo-soft-daylight.solana-mainnet.quiknode.pro/057ff3aa7f3e3d9633e475e6de4f8e148ceb4d7e "HTTP/1.1 200 OK"
2025-08-21 19:56:15,242 [INFO] HTTP Request: POST https://yolo-soft-daylight.solana-mainnet.quiknode.pro/057ff3aa7f3e3d9633e475e6de4f8e148ceb4d7e "HTTP/1.1 200 OK"
2025-08-21 19:56:16,355 [INFO] HTTP Request: POST https://yolo-soft-daylight.solana-mainnet.quiknode.pro/057ff3aa7f3e3d9633e475e6de4f8e148ceb4d7e "HTTP/1.1 200 OK"
2025-08-21 19:56:17,759 [INFO] HTTP Request: POST https://yolo-soft-daylight.solana-mainnet.quiknode.pro/057ff3aa7f3e3d9633e475e6de4f8e148ceb4d7e "HTTP/1.1 200 OK"
2025-08-21 19:56:18,291 [INFO] HTTP Request: POST https://yolo-soft-daylight.solana-mainnet.quiknode.pro/057ff3aa7f3e3d9633e475e6de4f8e148ceb4d7e "HTTP/1.1 200 OK"
2025-08-21 19:56:20,154 [INFO] HTTP Request: POST https://yolo-soft-daylight.solana-mainnet.quiknode.pro/057ff3aa7f3e3d9633e475e6de4f8e148ceb4d7e "HTTP/1.1 200 OK"
2025-08-21 19:56:23,869 [INFO] HTTP Request: POST https://yolo-soft-daylight.solana-mainnet.quiknode.pro/057ff3aa7f3e3d9633e475e6de4f8e148ceb4d7e "HTTP/1.1 200 OK"
2025-08-21 19:56:25,256 [INFO] HTTP Request: POST https://yolo-soft-daylight.solana-mainnet.quiknode.pro/057ff3aa7f3e3d9633e475e6de4f8e148ceb4d7e "HTTP/1.1 200 OK"
2025-08-21 19:56:26,606 [INFO] HTTP Request: POST https://yolo-soft-daylight.solana-mainnet.quiknode.pro/057ff3aa7f3e3d9633e475e6de4f8e148ceb4d7e "HTTP/1.1 200 OK"
2025-08-21 19:56:26,914 [INFO] HTTP Request: POST https://yolo-soft-daylight.solana-mainnet.quiknode.pro/057ff3aa7f3e3d9633e475e6de4f8e148ceb4d7e "HTTP/1.1 200 OK"
2025-08-21 19:56:27,938 [INFO] HTTP Request: POST https://yolo-soft-daylight.solana-mainnet.quiknode.pro/057ff3aa7f3e3d9633e475e6de4f8e148ceb4d7e "HTTP/1.1 200 OK"
2025-08-21 19:56:29,401 [INFO] HTTP Request: POST https://yolo-soft-daylight.solana-mainnet.quiknode.pro/057ff3aa7f3e3d9633e475e6de4f8e148ceb4d7e "HTTP/1.1 200 OK"
2025-08-21 19:56:33,129 [INFO] HTTP Request: POST https://yolo-soft-daylight.solana-mainnet.quiknode.pro/057ff3aa7f3e3d9633e475e6de4f8e148ceb4d7e "HTTP/1.1 200 OK"
2025-08-21 19:56:34,659 [INFO] HTTP Request: POST https://yolo-soft-daylight.solana-mainnet.quiknode.pro/057ff3aa7f3e3d9633e475e6de4f8e148ceb4d7e "HTTP/1.1 200 OK"
2025-08-21 19:56:35,491 [INFO] HTTP Request: POST https://yolo-soft-daylight.solana-mainnet.quiknode.pro/057ff3aa7f3e3d9633e475e6de4f8e148ceb4d7e "HTTP/1.1 200 OK"
2025-08-21 19:56:36,025 [INFO] HTTP Request: POST https://yolo-soft-daylight.solana-mainnet.quiknode.pro/057ff3aa7f3e3d9633e475e6de4f8e148ceb4d7e "HTTP/1.1 200 OK"
2025-08-21 19:56:36,861 [INFO] HTTP Request: POST https://yolo-soft-daylight.solana-mainnet.quiknode.pro/057ff3aa7f3e3d9633e475e6de4f8e148ceb4d7e "HTTP/1.1 200 OK"
2025-08-21 19:56:38,189 [INFO] HTTP Request: POST https://yolo-soft-daylight.solana-mainnet.quiknode.pro/057ff3aa7f3e3d9633e475e6de4f8e148ceb4d7e "HTTP/1.1 200 OK"
2025-08-21 19:56:42,319 [INFO] HTTP Request: POST https://yolo-soft-daylight.solana-mainnet.quiknode.pro/057ff3aa7f3e3d9633e475e6de4f8e148ceb4d7e "HTTP/1.1 200 OK"
2025-08-21 19:56:43,985 [INFO] HTTP Request: POST https://yolo-soft-daylight.solana-mainnet.quiknode.pro/057ff3aa7f3e3d9633e475e6de4f8e148ceb4d7e "HTTP/1.1 200 OK"
2025-08-21 19:56:44,549 [INFO] HTTP Request: POST https://yolo-soft-daylight.solana-mainnet.quiknode.pro/057ff3aa7f3e3d9633e475e6de4f8e148ceb4d7e "HTTP/1.1 200 OK"
2025-08-21 19:56:45,804 [INFO] HTTP Request: POST https://yolo-soft-daylight.solana-mainnet.quiknode.pro/057ff3aa7f3e3d9633e475e6de4f8e148ceb4d7e "HTTP/1.1 200 OK"
2025-08-21 19:56:46,368 [INFO] HTTP Request: POST https://yolo-soft-daylight.solana-mainnet.quiknode.pro/057ff3aa7f3e3d9633e475e6de4f8e148ceb4d7e "HTTP/1.1 200 OK"
2025-08-21 19:56:47,770 [INFO] HTTP Request: POST https://yolo-soft-daylight.solana-mainnet.quiknode.pro/057ff3aa7f3e3d9633e475e6de4f8e148ceb4d7e "HTTP/1.1 200 OK"
2025-08-21 19:56:51,882 [INFO] HTTP Request: POST https://yolo-soft-daylight.solana-mainnet.quiknode.pro/057ff3aa7f3e3d9633e475e6de4f8e148ceb4d7e "HTTP/1.1 200 OK"
2025-08-21 19:56:53,355 [INFO] HTTP Request: POST https://yolo-soft-daylight.solana-mainnet.quiknode.pro/057ff3aa7f3e3d9633e475e6de4f8e148ceb4d7e "HTTP/1.1 200 OK"
2025-08-21 19:56:54,064 [INFO] HTTP Request: POST https://yolo-soft-daylight.solana-mainnet.quiknode.pro/057ff3aa7f3e3d9633e475e6de4f8e148ceb4d7e "HTTP/1.1 200 OK"
2025-08-21 19:56:55,053 [INFO] HTTP Request: POST https://yolo-soft-daylight.solana-mainnet.quiknode.pro/057ff3aa7f3e3d9633e475e6de4f8e148ceb4d7e "HTTP/1.1 200 OK"
2025-08-21 19:56:55,558 [INFO] HTTP Request: POST https://yolo-soft-daylight.solana-mainnet.quiknode.pro/057ff3aa7f3e3d9633e475e6de4f8e148ceb4d7e "HTTP/1.1 200 OK"
2025-08-21 19:56:57,074 [INFO] HTTP Request: POST https://yolo-soft-daylight.solana-mainnet.quiknode.pro/057ff3aa7f3e3d9633e475e6de4f8e148ceb4d7e "HTTP/1.1 200 OK"
2025-08-21 19:57:01,470 [INFO] HTTP Request: POST https://yolo-soft-daylight.solana-mainnet.quiknode.pro/057ff3aa7f3e3d9633e475e6de4f8e148ceb4d7e "HTTP/1.1 200 OK"
2025-08-21 19:57:02,977 [INFO] HTTP Request: POST https://yolo-soft-daylight.solana-mainnet.quiknode.pro/057ff3aa7f3e3d9633e475e6de4f8e148ceb4d7e "HTTP/1.1 200 OK"
2025-08-21 19:57:03,504 [INFO] HTTP Request: POST https://yolo-soft-daylight.solana-mainnet.quiknode.pro/057ff3aa7f3e3d9633e475e6de4f8e148ceb4d7e "HTTP/1.1 200 OK"
2025-08-21 19:57:04,731 [INFO] HTTP Request: POST https://yolo-soft-daylight.solana-mainnet.quiknode.pro/057ff3aa7f3e3d9633e475e6de4f8e148ceb4d7e "HTTP/1.1 200 OK"
2025-08-21 19:57:05,569 [INFO] HTTP Request: POST https://yolo-soft-daylight.solana-mainnet.quiknode.pro/057ff3aa7f3e3d9633e475e6de4f8e148ceb4d7e "HTTP/1.1 200 OK"
2025-08-21 19:57:07,092 [INFO] HTTP Request: POST https://yolo-soft-daylight.solana-mainnet.quiknode.pro/057ff3aa7f3e3d9633e475e6de4f8e148ceb4d7e "HTTP/1.1 200 OK"
2025-08-21 19:57:10,887 [INFO] HTTP Request: POST https://yolo-soft-daylight.solana-mainnet.quiknode.pro/057ff3aa7f3e3d9633e475e6de4f8e148ceb4d7e "HTTP/1.1 200 OK"
2025-08-21 19:57:12,259 [INFO] HTTP Request: POST https://yolo-soft-daylight.solana-mainnet.quiknode.pro/057ff3aa7f3e3d9633e475e6de4f8e148ceb4d7e "HTTP/1.1 200 OK"
2025-08-21 19:57:13,277 [INFO] HTTP Request: POST https://yolo-soft-daylight.solana-mainnet.quiknode.pro/057ff3aa7f3e3d9633e475e6de4f8e148ceb4d7e "HTTP/1.1 200 OK"
2025-08-21 19:57:13,625 [INFO] HTTP Request: POST https://yolo-soft-daylight.solana-mainnet.quiknode.pro/057ff3aa7f3e3d9633e475e6de4f8e148ceb4d7e "HTTP/1.1 200 OK"
2025-08-21 19:57:14,627 [INFO] HTTP Request: POST https://yolo-soft-daylight.solana-mainnet.quiknode.pro/057ff3aa7f3e3d9633e475e6de4f8e148ceb4d7e "HTTP/1.1 200 OK"
2025-08-21 19:57:16,062 [INFO] HTTP Request: POST https://yolo-soft-daylight.solana-mainnet.quiknode.pro/057ff3aa7f3e3d9633e475e6de4f8e148ceb4d7e "HTTP/1.1 200 OK"
2025-08-21 19:57:19,666 [INFO] HTTP Request: POST https://yolo-soft-daylight.solana-mainnet.quiknode.pro/057ff3aa7f3e3d9633e475e6de4f8e148ceb4d7e "HTTP/1.1 200 OK"
2025-08-21 19:57:20,966 [INFO] HTTP Request: POST https://yolo-soft-daylight.solana-mainnet.quiknode.pro/057ff3aa7f3e3d9633e475e6de4f8e148ceb4d7e "HTTP/1.1 200 OK"
2025-08-21 19:57:22,132 [INFO] HTTP Request: POST https://yolo-soft-daylight.solana-mainnet.quiknode.pro/057ff3aa7f3e3d9633e475e6de4f8e148ceb4d7e "HTTP/1.1 200 OK"
2025-08-21 19:57:22,272 [INFO] HTTP Request: POST https://yolo-soft-daylight.solana-mainnet.quiknode.pro/057ff3aa7f3e3d9633e475e6de4f8e148ceb4d7e "HTTP/1.1 200 OK"
2025-08-21 19:57:23,375 [INFO] HTTP Request: POST https://yolo-soft-daylight.solana-mainnet.quiknode.pro/057ff3aa7f3e3d9633e475e6de4f8e148ceb4d7e "HTTP/1.1 200 OK"
2025-08-21 19:57:24,622 [INFO] HTTP Request: POST https://yolo-soft-daylight.solana-mainnet.quiknode.pro/057ff3aa7f3e3d9633e475e6de4f8e148ceb4d7e "HTTP/1.1 200 OK"
2025-08-21 19:57:28,335 [INFO] HTTP Request: POST https://yolo-soft-daylight.solana-mainnet.quiknode.pro/057ff3aa7f3e3d9633e475e6de4f8e148ceb4d7e "HTTP/1.1 200 OK"
2025-08-21 19:57:29,603 [INFO] HTTP Request: POST https://yolo-soft-daylight.solana-mainnet.quiknode.pro/057ff3aa7f3e3d9633e475e6de4f8e148ceb4d7e "HTTP/1.1 200 OK"
2025-08-21 19:57:30,654 [INFO] HTTP Request: POST https://yolo-soft-daylight.solana-mainnet.quiknode.pro/057ff3aa7f3e3d9633e475e6de4f8e148ceb4d7e "HTTP/1.1 200 OK"
2025-08-21 19:57:30,905 [INFO] HTTP Request: POST https://yolo-soft-daylight.solana-mainnet.quiknode.pro/057ff3aa7f3e3d9633e475e6de4f8e148ceb4d7e "HTTP/1.1 200 OK"
2025-08-21 19:57:31,907 [INFO] HTTP Request: POST https://yolo-soft-daylight.solana-mainnet.quiknode.pro/057ff3aa7f3e3d9633e475e6de4f8e148ceb4d7e "HTTP/1.1 200 OK"
2025-08-21 19:57:33,239 [INFO] HTTP Request: POST https://yolo-soft-daylight.solana-mainnet.quiknode.pro/057ff3aa7f3e3d9633e475e6de4f8e148ceb4d7e "HTTP/1.1 200 OK"
2025-08-21 19:57:36,921 [INFO] HTTP Request: POST https://yolo-soft-daylight.solana-mainnet.quiknode.pro/057ff3aa7f3e3d9633e475e6de4f8e148ceb4d7e "HTTP/1.1 200 OK"
2025-08-21 19:57:38,269 [INFO] HTTP Request: POST https://yolo-soft-daylight.solana-mainnet.quiknode.pro/057ff3aa7f3e3d9633e475e6de4f8e148ceb4d7e "HTTP/1.1 200 OK"
2025-08-21 19:57:39,299 [INFO] HTTP Request: POST https://yolo-soft-daylight.solana-mainnet.quiknode.pro/057ff3aa7f3e3d9633e475e6de4f8e148ceb4d7e "HTTP/1.1 200 OK"
2025-08-21 19:57:39,961 [INFO] HTTP Request: POST https://yolo-soft-daylight.solana-mainnet.quiknode.pro/057ff3aa7f3e3d9633e475e6de4f8e148ceb4d7e "HTTP/1.1 200 OK"
2025-08-21 19:57:40,541 [INFO] HTTP Request: POST https://yolo-soft-daylight.solana-mainnet.quiknode.pro/057ff3aa7f3e3d9633e475e6de4f8e148ceb4d7e "HTTP/1.1 200 OK"
2025-08-21 19:57:41,747 [INFO] HTTP Request: POST https://yolo-soft-daylight.solana-mainnet.quiknode.pro/057ff3aa7f3e3d9633e475e6de4f8e148ceb4d7e "HTTP/1.1 200 OK"
2025-08-21 19:57:46,080 [INFO] HTTP Request: POST https://yolo-soft-daylight.solana-mainnet.quiknode.pro/057ff3aa7f3e3d9633e475e6de4f8e148ceb4d7e "HTTP/1.1 200 OK"
2025-08-21 19:57:47,473 [INFO] HTTP Request: POST https://yolo-soft-daylight.solana-mainnet.quiknode.pro/057ff3aa7f3e3d9633e475e6de4f8e148ceb4d7e "HTTP/1.1 200 OK"
2025-08-21 19:57:47,770 [INFO] HTTP Request: POST https://yolo-soft-daylight.solana-mainnet.quiknode.pro/057ff3aa7f3e3d9633e475e6de4f8e148ceb4d7e "HTTP/1.1 200 OK"
2025-08-21 19:57:48,755 [INFO] HTTP Request: POST https://yolo-soft-daylight.solana-mainnet.quiknode.pro/057ff3aa7f3e3d9633e475e6de4f8e148ceb4d7e "HTTP/1.1 200 OK"
2025-08-21 19:57:49,005 [INFO] HTTP Request: POST https://yolo-soft-daylight.solana-mainnet.quiknode.pro/057ff3aa7f3e3d9633e475e6de4f8e148ceb4d7e "HTTP/1.1 200 OK"
2025-08-21 19:57:50,255 [INFO] HTTP Request: POST https://yolo-soft-daylight.solana-mainnet.quiknode.pro/057ff3aa7f3e3d9633e475e6de4f8e148ceb4d7e "HTTP/1.1 200 OK"
2025-08-21 19:57:54,757 [INFO] HTTP Request: POST https://yolo-soft-daylight.solana-mainnet.quiknode.pro/057ff3aa7f3e3d9633e475e6de4f8e148ceb4d7e "HTTP/1.1 200 OK"
2025-08-21 19:57:56,082 [INFO] HTTP Request: POST https://yolo-soft-daylight.solana-mainnet.quiknode.pro/057ff3aa7f3e3d9633e475e6de4f8e148ceb4d7e "HTTP/1.1 200 OK"
2025-08-21 19:57:56,327 [INFO] HTTP Request: POST https://yolo-soft-daylight.solana-mainnet.quiknode.pro/057ff3aa7f3e3d9633e475e6de4f8e148ceb4d7e "HTTP/1.1 200 OK"
2025-08-21 19:57:57,456 [INFO] HTTP Request: POST https://yolo-soft-daylight.solana-mainnet.quiknode.pro/057ff3aa7f3e3d9633e475e6de4f8e148ceb4d7e "HTTP/1.1 200 OK"
2025-08-21 19:57:57,712 [INFO] HTTP Request: POST https://yolo-soft-daylight.solana-mainnet.quiknode.pro/057ff3aa7f3e3d9633e475e6de4f8e148ceb4d7e "HTTP/1.1 200 OK"
2025-08-21 19:57:59,031 [INFO] HTTP Request: POST https://yolo-soft-daylight.solana-mainnet.quiknode.pro/057ff3aa7f3e3d9633e475e6de4f8e148ceb4d7e "HTTP/1.1 200 OK"
2025-08-21 19:58:03,507 [INFO] HTTP Request: POST https://yolo-soft-daylight.solana-mainnet.quiknode.pro/057ff3aa7f3e3d9633e475e6de4f8e148ceb4d7e "HTTP/1.1 200 OK"
2025-08-21 19:58:04,811 [INFO] HTTP Request: POST https://yolo-soft-daylight.solana-mainnet.quiknode.pro/057ff3aa7f3e3d9633e475e6de4f8e148ceb4d7e "HTTP/1.1 200 OK"
2025-08-21 19:58:05,119 [INFO] HTTP Request: POST https://yolo-soft-daylight.solana-mainnet.quiknode.pro/057ff3aa7f3e3d9633e475e6de4f8e148ceb4d7e "HTTP/1.1 200 OK"
2025-08-21 19:58:06,152 [INFO] HTTP Request: POST https://yolo-soft-daylight.solana-mainnet.quiknode.pro/057ff3aa7f3e3d9633e475e6de4f8e148ceb4d7e "HTTP/1.1 200 OK"
2025-08-21 19:58:06,448 [INFO] HTTP Request: POST https://yolo-soft-daylight.solana-mainnet.quiknode.pro/057ff3aa7f3e3d9633e475e6de4f8e148ceb4d7e "HTTP/1.1 200 OK"
2025-08-21 19:58:07,727 [INFO] HTTP Request: POST https://yolo-soft-daylight.solana-mainnet.quiknode.pro/057ff3aa7f3e3d9633e475e6de4f8e148ceb4d7e "HTTP/1.1 200 OK"
2025-08-21 19:58:12,250 [INFO] HTTP Request: POST https://yolo-soft-daylight.solana-mainnet.quiknode.pro/057ff3aa7f3e3d9633e475e6de4f8e148ceb4d7e "HTTP/1.1 200 OK"
2025-08-21 19:58:13,636 [INFO] HTTP Request: POST https://yolo-soft-daylight.solana-mainnet.quiknode.pro/057ff3aa7f3e3d9633e475e6de4f8e148ceb4d7e "HTTP/1.1 200 OK"
2025-08-21 19:58:13,833 [INFO] HTTP Request: POST https://yolo-soft-daylight.solana-mainnet.quiknode.pro/057ff3aa7f3e3d9633e475e6de4f8e148ceb4d7e "HTTP/1.1 200 OK"
2025-08-21 19:58:14,956 [INFO] HTTP Request: POST https://yolo-soft-daylight.solana-mainnet.quiknode.pro/057ff3aa7f3e3d9633e475e6de4f8e148ceb4d7e "HTTP/1.1 200 OK"
2025-08-21 19:58:15,157 [INFO] HTTP Request: POST https://yolo-soft-daylight.solana-mainnet.quiknode.pro/057ff3aa7f3e3d9633e475e6de4f8e148ceb4d7e "HTTP/1.1 200 OK"
2025-08-21 19:58:16,555 [INFO] HTTP Request: POST https://yolo-soft-daylight.solana-mainnet.quiknode.pro/057ff3aa7f3e3d9633e475e6de4f8e148ceb4d7e "HTTP/1.1 200 OK"
2025-08-21 19:58:21,312 [INFO] HTTP Request: POST https://yolo-soft-daylight.solana-mainnet.quiknode.pro/057ff3aa7f3e3d9633e475e6de4f8e148ceb4d7e "HTTP/1.1 200 OK"
2025-08-21 19:58:22,665 [INFO] HTTP Request: POST https://yolo-soft-daylight.solana-mainnet.quiknode.pro/057ff3aa7f3e3d9633e475e6de4f8e148ceb4d7e "HTTP/1.1 200 OK"
2025-08-21 19:58:22,701 [INFO] HTTP Request: POST https://yolo-soft-daylight.solana-mainnet.quiknode.pro/057ff3aa7f3e3d9633e475e6de4f8e148ceb4d7e "HTTP/1.1 200 OK"
2025-08-21 19:58:24,059 [INFO] HTTP Request: POST https://yolo-soft-daylight.solana-mainnet.quiknode.pro/057ff3aa7f3e3d9633e475e6de4f8e148ceb4d7e "HTTP/1.1 200 OK"
2025-08-21 19:58:24,114 [INFO] HTTP Request: POST https://yolo-soft-daylight.solana-mainnet.quiknode.pro/057ff3aa7f3e3d9633e475e6de4f8e148ceb4d7e "HTTP/1.1 200 OK"
2025-08-21 19:58:25,429 [INFO] HTTP Request: POST https://yolo-soft-daylight.solana-mainnet.quiknode.pro/057ff3aa7f3e3d9633e475e6de4f8e148ceb4d7e "HTTP/1.1 200 OK"
2025-08-21 19:58:30,479 [INFO] HTTP Request: POST https://yolo-soft-daylight.solana-mainnet.quiknode.pro/057ff3aa7f3e3d9633e475e6de4f8e148ceb4d7e "HTTP/1.1 200 OK"
2025-08-21 19:58:31,702 [INFO] HTTP Request: POST https://yolo-soft-daylight.solana-mainnet.quiknode.pro/057ff3aa7f3e3d9633e475e6de4f8e148ceb4d7e "HTTP/1.1 200 OK"
2025-08-21 19:58:31,992 [INFO] HTTP Request: POST https://yolo-soft-daylight.solana-mainnet.quiknode.pro/057ff3aa7f3e3d9633e475e6de4f8e148ceb4d7e "HTTP/1.1 200 OK"
2025-08-21 19:58:33,329 [INFO] HTTP Request: POST https://yolo-soft-daylight.solana-mainnet.quiknode.pro/057ff3aa7f3e3d9633e475e6de4f8e148ceb4d7e "HTTP/1.1 200 OK"
2025-08-21 19:58:33,542 [INFO] HTTP Request: POST https://yolo-soft-daylight.solana-mainnet.quiknode.pro/057ff3aa7f3e3d9633e475e6de4f8e148ceb4d7e "HTTP/1.1 200 OK"
2025-08-21 19:58:34,656 [INFO] HTTP Request: POST https://yolo-soft-daylight.solana-mainnet.quiknode.pro/057ff3aa7f3e3d9633e475e6de4f8e148ceb4d7e "HTTP/1.1 200 OK"
2025-08-21 19:58:39,603 [INFO] HTTP Request: POST https://yolo-soft-daylight.solana-mainnet.quiknode.pro/057ff3aa7f3e3d9633e475e6de4f8e148ceb4d7e "HTTP/1.1 200 OK"
2025-08-21 19:58:40,748 [INFO] HTTP Request: POST https://yolo-soft-daylight.solana-mainnet.quiknode.pro/057ff3aa7f3e3d9633e475e6de4f8e148ceb4d7e "HTTP/1.1 200 OK"
2025-08-21 19:58:40,912 [INFO] HTTP Request: POST https://yolo-soft-daylight.solana-mainnet.quiknode.pro/057ff3aa7f3e3d9633e475e6de4f8e148ceb4d7e "HTTP/1.1 200 OK"
2025-08-21 19:58:42,248 [INFO] HTTP Request: POST https://yolo-soft-daylight.solana-mainnet.quiknode.pro/057ff3aa7f3e3d9633e475e6de4f8e148ceb4d7e "HTTP/1.1 200 OK"
2025-08-21 19:58:42,433 [INFO] HTTP Request: POST https://yolo-soft-daylight.solana-mainnet.quiknode.pro/057ff3aa7f3e3d9633e475e6de4f8e148ceb4d7e "HTTP/1.1 200 OK"
2025-08-21 19:58:43,731 [INFO] HTTP Request: POST https://yolo-soft-daylight.solana-mainnet.quiknode.pro/057ff3aa7f3e3d9633e475e6de4f8e148ceb4d7e "HTTP/1.1 200 OK"
2025-08-21 19:58:48,483 [INFO] HTTP Request: POST https://yolo-soft-daylight.solana-mainnet.quiknode.pro/057ff3aa7f3e3d9633e475e6de4f8e148ceb4d7e "HTTP/1.1 200 OK"
2025-08-21 19:58:49,780 [INFO] HTTP Request: POST https://yolo-soft-daylight.solana-mainnet.quiknode.pro/057ff3aa7f3e3d9633e475e6de4f8e148ceb4d7e "HTTP/1.1 200 OK"
2025-08-21 19:58:49,811 [INFO] HTTP Request: POST https://yolo-soft-daylight.solana-mainnet.quiknode.pro/057ff3aa7f3e3d9633e475e6de4f8e148ceb4d7e "HTTP/1.1 200 OK"
2025-08-21 19:58:51,124 [INFO] HTTP Request: POST https://yolo-soft-daylight.solana-mainnet.quiknode.pro/057ff3aa7f3e3d9633e475e6de4f8e148ceb4d7e "HTTP/1.1 200 OK"
2025-08-21 19:58:51,124 [INFO] HTTP Request: POST https://yolo-soft-daylight.solana-mainnet.quiknode.pro/057ff3aa7f3e3d9633e475e6de4f8e148ceb4d7e "HTTP/1.1 200 OK"
2025-08-21 19:58:52,374 [INFO] HTTP Request: POST https://yolo-soft-daylight.solana-mainnet.quiknode.pro/057ff3aa7f3e3d9633e475e6de4f8e148ceb4d7e "HTTP/1.1 200 OK"
2025-08-21 19:58:57,181 [INFO] HTTP Request: POST https://yolo-soft-daylight.solana-mainnet.quiknode.pro/057ff3aa7f3e3d9633e475e6de4f8e148ceb4d7e "HTTP/1.1 200 OK"
2025-08-21 19:58:58,540 [INFO] HTTP Request: POST https://yolo-soft-daylight.solana-mainnet.quiknode.pro/057ff3aa7f3e3d9633e475e6de4f8e148ceb4d7e "HTTP/1.1 200 OK"
2025-08-21 19:58:58,553 [INFO] HTTP Request: POST https://yolo-soft-daylight.solana-mainnet.quiknode.pro/057ff3aa7f3e3d9633e475e6de4f8e148ceb4d7e "HTTP/1.1 200 OK"
2025-08-21 19:58:59,921 [INFO] HTTP Request: POST https://yolo-soft-daylight.solana-mainnet.quiknode.pro/057ff3aa7f3e3d9633e475e6de4f8e148ceb4d7e "HTTP/1.1 200 OK"
2025-08-21 19:58:59,942 [INFO] HTTP Request: POST https://yolo-soft-daylight.solana-mainnet.quiknode.pro/057ff3aa7f3e3d9633e475e6de4f8e148ceb4d7e "HTTP/1.1 200 OK"
2025-08-21 19:59:01,256 [INFO] HTTP Request: POST https://yolo-soft-daylight.solana-mainnet.quiknode.pro/057ff3aa7f3e3d9633e475e6de4f8e148ceb4d7e "HTTP/1.1 200 OK"
2025-08-21 19:59:06,303 [INFO] HTTP Request: POST https://yolo-soft-daylight.solana-mainnet.quiknode.pro/057ff3aa7f3e3d9633e475e6de4f8e148ceb4d7e "HTTP/1.1 200 OK"
2025-08-21 19:59:07,835 [INFO] HTTP Request: POST https://yolo-soft-daylight.solana-mainnet.quiknode.pro/057ff3aa7f3e3d9633e475e6de4f8e148ceb4d7e "HTTP/1.1 200 OK"
